cod_sec;Renta neta media por persona;Renta neta media por hogar;pob_tot;prom_pers_hog
01001;26032;55934;1165;2,110507246
01002;18878;38385;983;1,931237721
01003;19309;40644;1870;2,034820457
01004;32105;65863;1297;2,071884984
01006;26540;51400;1718;1,917410714
01007;22671;44200;832;1,908256881
01008;23970;48841;800;1,995012469
01009;23012;44414;1367;1,895977809
01011;21367;41591;1104;1,920000000
01012;18611;38913;761;2,084931507
01013;16796;32052;1215;1,869230769
01014;19964;40316;1393;1,981507824
01015;21853;42673;1721;2,347885402
01016;21643;43084;1104;1,967914439
01018;22143;42049;1759;1,891397849
01019;22143;42110;1298;1,900439239
01020;18677;36183;1242;1,925581395
01021;21218;43603;1872;2,169177289
01022;18645;36992;1276;1,972179289
01023;16937;33875;1433;1,971114168
01024;19666;36018;1229;1,812684366
01025;21902;49280;1067;2,236897275
01026;21030;42594;1462;1,981029810
01027;22776;43544;1166;1,936877076
01028;18637;38599;1585;2,408814590
01029;18032;38225;1370;2,104454685
01030;13931;30475;1107;2,214000000
01031;13347;27080;1150;2,000000000
01032;19991;41687;2106;2,064705882
01033;16311;31686;1243;1,921174652
01034;12173;25529;1521;2,044354839
01035;14193;30744;1470;2,181008902
01036;15438;29934;1163;1,928689884
01037;15437;32372;1077;2,039772727
01038;13664;27718;1599;2,562500000
01039;15137;30708;1026;1,992233010
01040;15964;34120;837;2,146153846
01041;17089;34290;968;1,971486762
01042;16194;33616;1040;2,039215686
01043;13739;27654;1146;1,996515679
01045;18444;37065;1350;1,948051948
01046;17594;35904;1540;2,005208333
01047;15598;32111;2238;2,043835616
01048;14531;30585;1235;2,103918228
01049;14668;28256;1290;1,902654867
01050;14940;29566;1276;1,939209726
01051;13986;27445;1459;1,929894180
01053;18385;35694;1301;1,904831625
01054;15829;30700;898;1,918803419
01055;19583;37344;1009;1,900188324
01056;18070;36743;920;2,026431718
01057;21814;41554;1379;1,891632373
01058;20012;44298;731;2,182089552
01059;19212;37935;1537;1,955470738
01061;20666;41905;846;1,990588235
01062;20759;37931;951;1,818355641
01063;20766;42908;758;2,043126685
01064;24599;46541;804;1,891764706
01065;23275;44031;796;1,899761337
01066;17187;32852;1278;1,893333333
01067;19378;39410;1237;1,991948470
01068;22230;47516;829;2,051980198
01069;20351;36466;976;1,781021898
01071;26336;53795;798;2,078125000
01072;27854;56252;1543;1,965605096
01073;33647;72671;1797;2,129146919
01074;23679;47420;1693;1,926052332
01075;19949;38782;1406;1,850000000
01076;18567;37983;1447;1,984910837
01077;27584;55764;1300;2,024922118
01079;26143;50429;1497;1,946684005
01081;21853;42290;1605;1,868451688
01082;22934;44943;1745;2,005747126
01084;33717;67156;1550;1,927860697
01087;32704;74090;1422;2,214953271
01088;29968;59663;1302;2,218057922
01089;24923;47801;1455;1,947791165
01090;26790;55059;891;2,205445545
01091;21265;41127;1046;1,898366606
01092;21233;39687;738;1,835820896
01093;19801;37558;1517;1,856793146
01094;21932;41501;1566;1,926199262
01095;21216;40322;1456;1,857142857
01096;17232;35782;1089;1,987226277
01097;19041;35606;1428;1,835475578
01098;18330;33682;1157;1,845295056
01099;17445;33090;1288;1,874818049
01100;20334;36024;1156;1,746223565
01101;18843;36046;1266;1,867256637
01102;19072;38480;1205;1,988448845
01103;29758;57451;1379;1,972818312
01104;19208;36138;1246;1,859701493
01105;24683;42569;1284;1,709720373
01106;27402;57088;1156;2,064285714
01107;26632;56700;1208;2,075601375
01108;23325;47257;1413;2,033093525
01109;20573;41415;958;1,987551867
01110;19355;38613;842;1,949074074
01111;21422;40623;937;1,833659491
01112;20566;42025;1209;1,991762768
01113;19702;40636;1148;2,024691358
01114;20991;41955;1663;1,970379147
01115;20584;42397;1078;2,033962264
01116;19113;37770;1459;1,922266140
01117;19317;40866;1735;2,087845969
01118;18255;35923;893;1,937093275
01119;15819;32189;1256;2,195804196
01120;19357;37785;845;1,877777778
01121;18356;37801;1849;2,007600434
01123;21810;45246;788;1,974937343
01124;21271;47491;798;2,192307692
02001;21479;42210;1158;1,949494949
02002;19810;38745;1432;1,950953678
02003;21400;50831;1141;2,357438017
02004;20612;51661;994;2,522842640
02005;20250;46680;795;2,284482759
02006;21628;50345;2103;2,341870824
02007;21194;56796;751;2,682142857
02008;19390;40914;1617;2,110966057
02009;27145;61307;1947;2,368613139
02010;20141;48083;1062;2,365256125
02011;22100;55656;1184;2,524520256
02013;23124;49344;1150;2,129629630
02014;20067;43006;1135;2,125468165
02015;20141;49087;1592;2,437978560
02016;24926;60304;1921;2,428571429
02017;22686;57586;1761;2,544797688
02018;25721;61763;2153;2,632029340
02019;27187;61585;1465;2,289062500
02020;23617;52834;1099;2,238289206
02021;19741;40520;1061;2,044315992
02022;17104;35276;1041;2,037181996
02023;19064;40125;1194;2,091068301
02024;21167;43432;1631;2,041301627
02025;17671;41373;804;2,317002882
02026;20607;41439;1306;2,003067485
02027;20480;46344;969;2,264018692
02028;15208;28423;910;1,849593496
02029;14315;29867;737;2,076056338
02030;20400;44616;1253;2,164075993
02031;22689;54166;1099;2,426048565
02032;21195;47572;617;2,219424460
02033;20063;45260;1252;2,243727599
02034;18609;44519;885;2,391891892
02035;17344;39725;986;2,277136259
02036;19247;43038;939;2,235714286
02037;21081;48365;1238;2,288354898
02038;17875;38475;994;2,146868251
02039;19450;43837;730;2,253086420
02040;19108;40688;1674;2,129770992
02041;17362;36427;1965;2,088204038
02042;17673;39469;1769;2,242078580
02043;16801;38424;1002;2,272108844
02044;15920;40858;1771;2,600587372
02045;15396;39658;1105;2,540229885
02046;14235;31051;1283;2,181972789
02047;13299;30909;1551;2,294378698
02048;16032;38657;1216;2,403162055
02049;22243;60931;1677;2,726829268
02050;15702;35020;1553;2,209103841
02051;21727;54106;1928;2,478149100
02052;24205;62888;1666;2,586956522
02053;22242;49775;1638;2,265560166
02054;19088;42279;1144;2,187380497
02055;18981;43298;1198;2,260377358
02056;18870;41523;1082;2,203665988
02057;16187;40132;1526;2,461290323
02058;17221;36542;1626;2,170894526
02059;18447;41652;720;2,278481013
02060;20173;45355;1327;2,256802721
02061;19276;39390;853;2,035799523
02062;16738;36845;1042;2,157349896
02063;18630;37535;1661;2,008464329
02064;19429;40956;1672;2,095238095
02065;20964;40622;1414;1,918588874
02066;22387;50448;2440;2,244710212
02067;15274;33618;1478;2,259938838
02068;15821;31888;1088;1,996330275
02069;19759;44706;870;2,259740260
02070;20212;42577;1300;2,100161551
02071;21763;47222;1391;2,149922720
02072;20910;43626;1652;2,075376884
02073;21689;45346;1772;2,092089728
02074;19605;40813;1706;2,060386473
02075;18600;42579;1901;2,279376499
02077;18840;39785;1131;2,106145251
02078;18683;40360;857;2,131840796
02079;19452;41938;1205;2,175090253
02080;20281;46371;913;2,335038363
02081;20387;43578;1121;2,115094340
02082;17871;37373;1186;2,077057793
02083;20120;52252;1949;2,623149394
02085;26407;66964;1202;2,519916143
02086;21532;48333;1290;2,227979275
02087;27422;66826;2140;2,479721900
02088;18783;43435;711;2,300970874
02089;22079;51856;1077;2,346405229
02090;20528;52617;1794;2,559201141
02091;23474;52913;1111;2,253549696
02092;23151;52138;1859;2,247883918
02093;19649;51761;1495;2,664884135
02094;28218;76405;1700;2,733118971
02095;25975;61649;1717;2,368275862
02096;28752;77989;1690;2,779605263
02097;22788;59460;1132;2,644859813
02098;23947;56639;1290;2,402234637
02099;21233;56289;2045;2,628534704
02100;23037;57286;1704;2,487591241
02101;26926;69071;1607;2,575320513
02102;23364;64946;1712;2,792822186
02103;27360;65228;2537;2,391140434
02104;25110;62457;1392;2,481283422
02105;22856;56606;1691;2,501479290
02106;24736;61366;2341;2,495735608
02107;26611;67916;1328;2,539196941
02108;28718;65021;965;2,265258216
02109;24781;55029;1405;2,233704293
02110;28345;70313;1606;2,501557632
02111;24213;55259;1321;2,277586207
02112;25278;64454;1518;2,559865093
02113;27159;76650;1639;2,845486111
02114;26266;54623;1156;2,098003630
03001;31094;74402;1675;2,396280401
03002;20319;43609;935;2,174418605
03003;23025;53645;906;2,317135550
03004;21211;43451;1004;2,020120724
03005;18292;37614;692;2,035294118
03006;23167;51403;2018;2,207877462
03007;16443;34571;985;2,078059072
03008;22474;45297;1060;2,011385199
03009;22858;50204;1000;2,197802198
03010;23895;51334;1029;2,143750000
03011;20388;44262;1035;2,147302905
03012;22769;50733;1003;2,214128035
03013;18627;41078;1003;2,194748359
03014;22118;50543;1222;2,284112150
03015;17850;41043;1054;2,306345733
03016;15584;33418;806;2,137931034
03017;22202;50388;1194;2,265654649
03018;20058;41131;1843;2,052338530
03019;24099;55172;1803;2,270780856
03020;19274;41307;1300;2,131147541
03021;20705;44337;1870;2,144495413
03022;16477;35101;1079;2,140873016
03023;20302;43752;943;2,143181818
03024;20263;47088;1232;2,302803738
03025;20322;40764;1415;1,998587571
03026;20999;46667;1724;2,256544503
03027;18087;40586;1215;2,237569061
03028;22581;53411;1437;2,332792208
03029;26411;66976;1610;2,547468354
03030;27090;75188;789;2,768421053
03031;22875;54563;1110;2,371794872
03032;23772;52861;1044;2,254859611
03033;22065;52579;1462;2,416528926
03034;25052;66741;1366;2,662768031
03035;25938;65771;1139;2,525498891
03036;26936;75150;894;2,793750000
03037;27424;78294;1319;2,848812095
03038;26214;73980;1049;2,812332440
03039;28753;81693;835;2,849829352
03040;27740;81268;790;2,925925926
03041;25940;61520;1138;2,356107660
03042;23476;56501;1139;2,402953586
03044;22783;57257;1172;2,536796537
03045;27421;68623;975;2,487244898
03046;29066;76266;910;2,607449857
03047;23131;55918;1648;2,496969697
03048;23590;57654;1135;2,500000000
03049;24241;60534;1811;2,480821918
03050;24611;51056;1372;2,069381599
03051;24843;59404;1101;2,367741935
03052;23318;55582;980;2,350119904
03053;20475;49089;1385;2,371575342
03054;26860;62922;1304;2,312056738
03055;18108;37873;942;2,038961039
03056;25477;64672;1106;2,479820628
03057;26503;64320;1077;2,414798206
03058;21933;45812;1197;2,067357513
03059;23890;55207;1143;2,276892430
03060;31225;68238;795;2,172131148
03061;20175;39509;852;1,910313901
03063;25968;59758;775;2,306547619
03064;27127;66033;942;2,427835052
03065;26922;64713;1474;2,396747967
03066;32377;74128;896;2,285714286
03067;32207;75383;1205;2,304015296
03069;34765;98221;1002;3,221864952
03070;34765;98221;689;2,409090909
03071;34765;98221;1373;2,292153589
03073;24572;61486;1638;2,463157895
03074;25528;60510;1098;2,361290323
03076;28418;69574;1025;2,452153110
03077;30216;79330;1607;2,600323625
03078;27793;73529;1487;2,627208481
03079;22552;50550;1260;2,234042553
03080;29274;84009;1793;2,864217252
03081;34765;98221;1833;3,070351759
03082;34765;98221;1401;2,882716049
03084;28929;78575;1523;2,700354610
03085;34552;88638;861;2,547337278
03086;25468;61075;1023;2,395784543
03087;29771;78539;1671;2,631496063
03088;23552;54344;634;2,313868613
03089;25354;65323;1786;2,595930233
03090;27359;75944;1103;2,764411028
03091;28114;77556;1605;2,748287671
03092;29351;76369;2190;2,610250298
03093;29100;79278;1170;2,727272727
03094;26453;77188;781;2,903345725
03095;25765;61720;1840;2,443559097
03096;26986;65669;1942;2,448928121
03097;21111;55959;1297;2,707724426
03098;20779;46471;1909;2,237983587
03099;22133;46654;1425;2,142857143
03100;24404;57880;1211;2,426853707
03101;25799;64590;1378;2,547134935
04001;34765;96370;1074;2,011235955
04002;34765;98221;1048;2,392694064
04003;34765;87454;820;2,234332425
04004;34765;98221;988;2,445544554
04005;34765;98221;780;2,267441860
04006;34765;98221;964;2,211009174
04007;34765;90124;1356;2,102325581
04008;29288;63616;1090;1,981818182
04009;34765;91396;1765;2,690548780
04010;34765;98221;775;2,654109589
04011;34765;87170;1444;2,325281804
04012;34765;98221;1277;2,382462687
04013;34765;98221;880;2,365591398
04014;31854;73442;1183;2,270633397
04015;33963;79379;1260;2,254025045
04016;30348;69736;1374;2,198400000
04017;27316;61341;1321;2,169129721
04018;28291;63642;1231;2,238181818
04019;27989;62678;720;2,201834862
04020;25072;53746;768;2,104109589
04021;26339;57918;837;2,146153846
04023;28671;62197;859;2,079903148
04024;21256;44554;1273;2,030303030
04025;23821;49331;917;2,079365079
04026;25149;57208;870;2,236503856
04027;21198;49770;1531;2,305722892
04028;23555;49563;1418;2,064046579
04029;30858;72813;1418;2,351575456
04030;29436;67611;1391;2,261788618
04031;28961;69754;877;2,370270270
04032;20746;46751;836;2,217506631
04033;24137;56248;1081;2,304904051
04034;24213;58050;1592;2,337738620
04035;25382;54400;1445;2,100290698
04036;28587;65384;712;2,296774194
04037;24731;52994;805;2,124010554
04038;23704;52881;1112;2,264765784
04039;28621;60728;767;2,089918256
04040;29107;68229;754;2,327160494
04041;23851;52124;928;2,148148148
04042;34765;98221;1380;2,618595825
04043;24680;65205;1420;2,768031189
04044;27181;70055;1638;2,547433904
04045;22038;45948;1432;2,069364162
04046;24470;52448;608;2,118466899
04047;20391;47052;1057;2,282937365
04048;19944;44582;973;2,226544622
04049;21918;43870;1324;1,985007496
04050;18775;44158;732;2,323809524
04051;19431;43396;1331;2,214642263
04052;22330;47922;1077;2,145418327
04053;20343;42874;1206;2,119507909
04054;22582;54998;1272;2,422857143
04055;22892;49508;1638;2,163804491
04056;23435;53300;1536;2,245614035
04057;22063;47367;1151;2,151401869
04058;22400;49418;1231;2,202146691
04060;19803;43683;1303;2,186241611
04061;26297;65395;1435;2,465635739
04062;22823;52668;1354;2,409252669
04063;21206;49155;1513;2,353032659
04064;24356;51477;1093;2,110038610
04065;23794;52707;1639;2,194109772
04067;22975;49505;1131;2,133962264
04068;23863;55808;1041;2,318485523
04069;23235;53197;1596;2,333333333
04070;20599;46476;1280;2,388059701
04071;22884;53396;1152;2,451063830
04072;22976;54519;680;2,352941176
04073;24805;60683;1403;2,427335640
04074;23008;53585;1082;2,311965812
04075;27308;74485;972;2,692520776
04076;30937;90768;890;2,927631579
04077;27658;79138;1079;2,854497354
04078;28277;80059;671;2,831223629
04079;26912;74951;1075;2,770618557
04080;29829;87817;736;2,932270916
04081;31123;88644;1050;2,853260870
04082;26158;69126;845;2,608024691
04083;21672;57259;764;2,643598616
04084;23470;59686;770;2,508143322
04085;23072;52473;2334;2,259438529
04086;22857;47437;1548;2,135172414
04087;23867;50129;2406;2,077720207
04088;24446;51616;2048;2,098360656
04089;20604;41040;748;1,963254593
04090;21940;45618;1212;2,061224490
04091;19410;37302;1530;1,893564356
04092;23760;46755;946;1,938524590
04093;22706;50043;1272;2,193103448
04094;24406;57177;1447;2,326366559
04096;24875;54804;1504;2,154727794
04097;34765;93261;1045;2,396788991
04098;32228;78091;1310;2,430426716
04099;24754;57273;1108;2,265848671
04100;24345;60226;774;2,426332288
04101;23237;46018;881;1,957777778
04102;23074;48995;1169;2,193245779
04103;23848;47126;1234;1,943307087
04104;23320;50922;1144;2,162570888
04105;26981;60853;1089;2,245360825
04106;21980;48493;1111;2,174168297
04107;29708;74006;723;2,467576792
04108;24296;52138;933;2,096629213
04109;27995;65057;1601;2,287142857
04110;25121;56983;1153;2,278656126
04111;28155;73305;1774;2,567293777
04112;30655;68419;1243;2,154246101
04113;29264;67551;1173;2,327380952
04114;34765;98221;1464;2,656987296
04115;34765;98221;1805;2,954173486
04116;34765;94325;872;2,337801609
04117;34765;98221;840;2,470588235
04118;34765;98221;813;2,614147910
04119;34765;98221;1375;2,350427350
04120;34765;98221;922;2,752238806
04121;33986;89193;1183;2,605726872
04123;32275;76039;1475;2,269230769
04124;25204;51099;1040;1,911764706
04126;28673;66904;1419;2,263157895
04127;32320;73168;1167;2,252895753
04128;27707;61861;1784;2,131421744
04130;34765;98221;760;2,389937107
04131;25741;60823;1222;2,345489443
05001;27476;85315;1174;3,181571816
05002;34765;98221;1601;3,090733591
05003;34765;98221;1993;2,787412587
05004;34765;98221;1459;2,805769231
05005;34765;98221;1441;3,046511628
05006;34765;98221;1306;3,139423077
05007;34765;98221;1838;2,836419753
05008;34765;98221;1599;3,423982869
05009;34765;98221;1184;2,785882353
05010;34765;78733;876;2,190000000
05011;27040;61408;862;2,233160622
05012;29426;67019;1129;2,231225296
05013;33932;79379;812;2,306818182
05014;23377;51599;996;2,184210526
05015;27069;52606;1069;1,922661871
05016;21673;43666;848;2,019047619
05017;19770;40478;1329;2,035222052
05018;19541;40829;1239;2,078859060
05019;21347;47193;927;2,201900238
05020;21860;47994;1203;2,183303085
05021;18073;40466;736;2,216867470
05022;19735;46305;1394;2,331103679
05023;24485;58629;1400;2,376910017
05024;22242;51375;824;2,295264624
05025;23579;56283;1109;2,384946237
05026;23315;49673;1624;2,142480211
05027;22357;48916;1657;2,177398160
05028;18932;43512;1926;2,303827751
05029;18969;39909;1729;2,098300971
05030;19474;40175;1241;2,037766831
05031;21788;53566;1027;2,422169811
05032;19974;42520;1449;2,112244898
05033;25581;57834;2005;2,252808989
05034;25575;55167;1873;2,160322953
05035;23852;53324;1186;2,246212121
05036;25945;56977;1606;2,233657858
05037;31727;77893;1183;2,439175258
05038;31050;92371;1916;2,929663609
05039;27554;60579;1847;2,160233918
05040;20750;46883;730;2,225609756
05041;16269;38525;1170;2,378048780
05042;20038;43782;1396;2,188087774
05043;30142;64458;1196;2,190476190
05044;20563;42163;1701;2,069343066
05045;19657;44182;1697;2,235836627
05046;21087;46753;1687;2,188067445
05047;20108;44465;1600;2,197802198
05048;21581;50637;1114;2,350210970
05049;28268;69099;1124;2,448801743
05051;25201;60402;1378;2,417543860
05052;30085;78938;1439;2,684701493
05053;34765;98221;2127;3,069264069
05054;32509;83425;1557;2,539967374
05055;27034;66201;1496;2,424635332
05056;21845;50119;1435;2,288676236
05057;23089;53283;1151;2,288270378
05058;24301;56703;1833;2,338010204
05059;22529;49870;723;2,211009174
05060;23868;54700;1364;2,280936455
05061;31841;80217;2112;2,502369668
05062;32440;82389;1668;2,515837104
05063;28624;90201;862;3,111913357
05064;34765;98221;2199;2,691554468
05065;28261;57958;1145;2,026548673
05066;34765;98221;1317;2,660606061
05067;34765;95723;2339;2,738875878
05068;34765;98221;1788;2,945634267
05069;34765;98221;890;2,656716418
05070;34765;87238;1944;2,263096624
05072;34729;82316;1630;2,331902718
05073;34765;98221;1642;2,418262150
05074;34765;98221;1526;2,667832168
05075;34765;98221;1773;2,796529968
05076;34765;98221;2413;2,852245863
05077;34765;98221;1473;3,355353075
05078;34765;98221;889;3,013559322
05079;26594;62226;1885;2,304400978
05080;22624;51248;940;2,238095238
05081;31853;84890;2285;2,656976744
05082;34765;98221;2367;3,082031250
05083;25176;67920;2021;2,676821192
05084;30901;82785;1678;2,659270998
05085;34765;93117;1834;2,800000000
05086;25163;51115;1221;2,001639344
05087;26096;61520;1790;2,342931937
05088;27327;70982;832;2,575851393
05089;26613;72938;745;2,728937729
05090;22666;48730;934;2,147126437
05091;21267;50956;864;2,426966292
05092;16278;34641;1379;2,115030675
05094;25697;56436;1345;2,155448718
05095;30592;75008;1767;2,440607735
05096;22989;49433;1335;2,146302251
05097;34765;77105;1561;2,189340813
05098;21010;45248;1086;2,133595285
05099;24645;61389;1799;2,484806630
05100;33853;98221;2294;3,159779614
05101;25169;70316;1261;2,796008869
05102;29609;68799;881;2,318421053
05103;27282;78872;1264;2,885844749
05104;30406;87205;1283;2,851111111
06001;17598;41083;1276;2,320000000
06002;18192;40232;1018;2,189247312
06003;15246;32866;1547;2,136740331
06004;14064;33980;1190;2,380000000
06005;13245;34336;1105;2,581775701
06006;13571;34490;1020;2,531017370
06007;15731;36112;1058;2,295010846
06008;14707;33100;1048;2,229787234
06009;17241;42465;1145;2,441364606
06010;22506;51385;1658;2,283746556
06011;14789;38023;1303;2,559921415
06012;13998;35891;970;2,526041667
06013;13057;32798;1082;2,493087558
06014;15843;39051;1136;2,448275862
06015;13162;33586;1248;2,552147239
06016;13562;33718;1858;2,470744681
06017;12778;31903;1139;2,486899563
06018;15157;37164;1435;2,440476190
06019;12217;31857;2334;2,573318633
06021;13301;33578;2091;2,477488152
06023;19178;49381;1173;2,555555556
06024;22163;43545;695;1,963276836
06025;15280;35386;1071;2,288461538
06026;19477;42286;1023;2,140167364
06027;26595;54104;1212;2,023372287
06028;32100;85701;1478;2,597539543
06029;31297;55539;1604;1,764576458
06031;25615;61455;1126;2,390658174
06032;18089;38085;1050;2,112676056
06033;15912;40702;1551;2,505654281
06034;18113;39191;901;2,115023474
06035;14800;36258;1617;2,431578947
06036;17477;37860;1035;2,151767152
06037;18359;39397;1127;2,122410546
06038;30933;72266;825;2,323943662
06039;27265;75688;899;2,749235474
06040;32187;86835;1125;2,684964200
06041;22846;49590;1769;2,154689403
06042;17937;41291;2041;2,282997763
06043;19620;39647;1524;1,992156863
06044;26117;68048;1054;2,596059113
06045;24045;59897;1121;2,480088496
06046;32953;71094;1640;2,129870130
06048;31984;76133;950;2,369077307
06049;24352;57442;814;2,373177843
06050;22817;54690;618;2,395348837
06051;25391;63698;1171;2,486199575
06052;20923;45974;973;2,176733781
06053;18892;47285;1304;2,479087452
06054;21880;50982;1435;2,383720930
06056;16462;40078;2389;2,415571284
06057;20717;45433;1411;2,187596899
06058;24677;46153;1165;1,843354430
06059;30859;62002;1142;1,958833619
06060;21000;45590;926;2,158508159
06061;22758;51274;940;2,248803828
06062;33434;74601;2049;2,205597417
06063;34765;98221;1263;2,598765432
06064;34765;98221;704;2,782608696
06065;34765;89763;865;2,258485640
06066;23853;47742;1328;1,976190476
06067;19200;42153;1195;2,196691176
06068;17375;37620;1243;2,176882662
06069;16959;36635;1546;2,150208623
06070;25279;43968;1391;1,710947109
06071;29027;62957;1013;2,206971678
06072;20514;41732;2124;2,050193050
06073;13184;31560;1733;2,383768913
06074;13677;28568;880;2,090261283
06075;13977;34678;1066;2,467592593
06076;19543;41386;915;2,065462754
06077;19092;44240;929;2,305210918
06078;16404;40949;1039;2,491606715
06079;21263;51588;1026;2,402810304
06080;16846;39188;1151;2,344195519
06081;12673;33436;2598;2,772678762
06084;12252;32295;1847;2,828483920
06085;12999;33225;1664;2,612244898
06089;12954;32436;1290;2,495164410
06090;13387;34263;2220;2,563510393
06091;15127;36612;1581;2,410060976
06092;16361;38975;1186;2,395959596
06093;12974;33075;1359;2,540186916
06094;15245;35043;1959;2,304705882
06095;13869;37170;1177;2,718244804
06096;12447;31568;1252;2,509018036
06097;13619;34533;1439;2,498263889
06099;11879;29755;1598;2,500782473
06101;13474;32923;2067;2,449052133
06102;14538;34839;1766;2,396200814
06103;15791;36713;1599;2,310693642
06104;13347;31811;1270;2,338858195
06105;15135;35188;1972;2,282407407
06106;14721;35531;1280;2,406015038
06107;16217;35592;1435;2,180851064
06108;13938;35539;1444;2,524475524
06109;13477;34747;2127;2,584447145
06110;16001;36278;1431;2,246467818
06111;16502;38882;2075;2,336711712
06112;12975;32705;1046;2,520481928
06113;15488;36414;1078;2,333333333
06114;15169;35667;2100;2,346368715
06115;12026;29704;1173;2,433609959
06116;14769;34216;2182;2,301687764
06117;16849;39308;2172;2,405315615
06118;15363;36945;927;2,383033419
06119;14587;34878;989;2,412195122
06120;12526;33286;1462;2,624775583
06121;14196;33907;1250;2,413127413
06122;15226;36943;1763;2,395380435
06123;14138;34298;1344;2,400000000
06124;14314;35365;1131;2,453362256
06125;24724;53629;1521;2,169757489
06126;15276;33763;1413;2,200934579
06127;14386;37243;1423;2,568592058
06128;13871;32058;1337;2,305172414
06129;14576;33580;2035;2,299435028
07001;23314;48435;1136;2,035842294
07002;23343;54445;825;2,291666667
07003;21246;43427;1204;2,003327787
07004;22422;46372;1641;2,071969697
07006;25062;52515;1430;2,075471698
07007;23724;54553;915;2,276119403
07008;29081;67658;1277;2,296762590
07009;21183;45215;829;2,088161209
07010;22418;50813;1084;2,225872690
07011;20769;41426;1162;1,986324786
07012;22302;45816;1418;2,019943020
07013;25465;58012;828;2,250000000
07014;23268;52036;1088;2,215885947
07016;18878;38780;1560;2,031250000
07017;23726;56153;935;2,314356436
07018;25147;57124;1551;2,251088534
07019;26877;55221;1148;2,083484574
07021;31640;74475;1930;2,350791717
07023;29074;75229;998;2,565552699
07024;23153;47255;709;2,043227666
07025;20805;47960;1095;2,290794979
07026;22817;49200;1757;2,140073082
07028;23130;52667;1178;2,265384615
07030;20580;47359;1140;2,239685658
07031;22061;49464;807;2,204918033
07032;21798;41348;1170;1,908646003
07034;18147;39107;1426;2,125186289
07035;20732;41766;713;2,037142857
07036;24077;48842;1532;2,010498688
07038;21869;45526;1034;2,039447732
07039;22837;53405;927;2,317500000
07040;23541;42477;1072;1,874125874
07041;22460;44025;1242;1,968304279
07042;33743;92217;933;2,720116618
07043;28597;60458;1098;2,075614367
07044;34765;98221;983;2,832853026
07045;20671;43860;996;2,079331942
07046;22570;44079;738;1,947229551
07047;27645;58348;1088;2,092307692
07048;29213;60034;1828;2,037904125
07049;29893;68835;724;2,366013072
07050;24530;52086;825;2,093908629
07051;22036;43495;788;1,921951220
07052;23931;52028;729;2,169642857
07053;21939;44111;1384;1,977142857
07055;24890;52938;731;2,094555874
07056;23165;48578;743;2,075418994
07057;26996;54935;1411;2,047895501
07058;26104;47316;1137;1,796208531
07059;24293;51470;820;2,129870130
07060;25006;50732;886;1,982102908
07061;24489;46373;1219;1,878274268
07062;21454;46622;1021;2,163135593
07063;25463;53280;1244;2,083752094
07064;26441;60597;1100;2,282157676
07065;21312;44929;1308;2,069620253
07066;24255;48985;1072;1,974217311
07067;24295;53581;1091;2,204040404
07068;24714;54425;1032;2,172631579
07069;24024;46481;945;1,909090909
07070;23634;50825;1239;2,096446701
07071;26751;62031;1026;2,259911894
07072;27010;60052;1482;2,235294118
07073;28813;62317;1388;2,115853659
07075;34765;98221;1012;2,289592760
07076;34765;98221;866;2,315508021
07078;31743;73522;1035;2,289823009
07079;27872;60426;872;2,202020202
07080;32104;80433;1187;2,452479339
07081;34765;98221;1406;2,762278978
07082;30416;70170;1138;2,280561122
07083;34765;98221;703;2,449477352
07084;34765;93788;1079;2,220164609
07085;34092;83450;1483;2,803402647
07086;31749;84204;872;2,642424242
07087;30362;73665;894;2,390374332
07088;27121;63323;1075;2,301927195
07089;23521;53112;1298;2,215017065
07090;19232;43544;988;2,215246637
07091;22062;45977;941;2,334987593
07092;34765;98221;1271;2,336397059
07093;34765;96607;1298;2,590818363
07094;33890;84479;1563;2,473101266
07095;34473;94531;1417;2,746124031
07096;34642;80623;1189;2,299806576
07097;24995;55882;887;2,195544554
07098;28118;65608;976;2,340527578
07099;24697;51128;893;2,038812785
07100;27156;53904;813;1,949640288
07101;23830;45043;1205;1,868217054
07102;24398;49407;1324;2,009104704
07103;25907;51737;1431;1,995815900
07105;25776;59946;1121;2,273833671
07106;23780;53666;1272;2,212173913
07107;33151;73840;1003;2,295194508
07108;25254;60535;1023;2,395784543
07109;24784;53242;1251;2,175652174
07110;21990;42143;1027;1,894833948
07111;28042;59595;1257;2,102006689
07113;30827;72785;1913;2,330085262
07114;27877;63454;1761;2,266409266
07115;30044;66442;1396;2,219395866
07116;22459;64597;1172;2,872549020
07117;20460;43159;1269;2,083743842
07118;23456;45643;1435;1,918449198
07119;23158;46783;1326;2,000000000
07120;24908;60517;1660;2,405797101
07121;30713;72504;1689;2,352367688
07122;26230;55304;1173;2,083481350
07123;26445;59529;1122;2,235059761
07124;27233;73319;701;2,635338346
07125;33700;89809;1015;2,657068063
07126;26948;76429;1009;2,834269663
07127;25426;59497;1467;2,362318841
07128;34765;82291;739;2,316614420
07129;28461;63151;849;2,264000000
07130;34765;91299;1214;2,394477318
07131;32429;83919;1239;2,592050209
07132;33798;89278;1096;2,699507389
07133;30954;76125;1090;2,438478747
07135;25646;62376;1029;2,559701493
08001;18758;46784;846;2,466472303
08002;16877;41860;807;3,434042553
08003;16316;35622;1106;2,177165354
08004;16526;40916;662;2,878260870
08005;34765;98221;1127;3,021447721
08006;31006;92379;1015;3,038922156
08007;34765;98221;1268;2,811529933
08008;26722;79960;1646;3,147227533
08009;21258;53824;1701;2,542600897
08010;24121;68250;870;2,890365449
08011;15829;41353;715;2,581227437
08012;28139;84603;1428;3,084233261
08013;29808;97347;1102;3,390769231
08014;21675;51788;718;2,401337793
08015;18875;47017;962;2,473007712
08016;11557;29927;1028;2,563591022
08017;18095;45585;1782;2,542082739
08018;12141;28719;824;2,374639769
08019;12428;29526;886;2,368983957
08020;17323;36789;809;2,123359580
08021;14916;36674;1028;2,453460621
08022;16725;39637;940;2,361809045
08023;16637;38847;931;2,333333333
08024;20964;51508;1813;2,453315291
08025;15684;35549;822;2,264462810
08026;16911;37317;1326;2,195364238
08027;17121;39051;1287;2,257894737
08028;16975;39573;1127;2,347916667
08029;19952;51662;1514;2,583617747
08030;21311;56393;1506;2,637478109
08031;23587;60482;1462;2,569420035
08032;16934;41449;678;2,456521739
08033;25293;73423;1107;2,897905759
08034;25555;74927;1642;2,895943563
08035;27579;80345;1398;2,924686192
08036;23117;57830;1519;2,490163934
08037;24870;63735;799;2,569131833
08038;24201;57040;801;2,355882353
08039;23878;64527;1066;2,698734177
08040;24211;60497;1007;2,492574257
08041;18738;45853;738;2,427631579
08042;18763;44958;1365;2,398945518
08043;25757;68903;1270;2,668067227
08044;22639;59798;1498;2,632688928
08045;18018;38913;931;2,160092807
08046;15799;34457;1128;2,169230769
08047;15700;33539;1354;2,112324493
08048;15869;33340;1094;2,099808061
08049;28535;73461;2232;2,583333333
08050;18205;46917;1729;2,600000000
08051;20776;52701;1252;2,534412955
08052;21420;52595;2026;2,479804162
08053;12707;30205;1209;2,375245580
08054;20685;50877;1066;2,444954128
08055;21123;53564;1432;2,530035336
08056;23771;54045;1188;2,275862069
08057;22919;51750;1066;2,244210526
08058;23562;52054;823;2,218328841
08059;24120;52745;812;2,194594595
08060;24214;56989;1211;2,337837838
08061;14919;35408;941;2,382278481
08062;14347;31030;654;2,130293160
08063;12844;29110;829;2,271232877
08064;12813;28565;1216;2,243542435
08065;12537;29538;992;2,361904762
08066;13542;29916;781;2,218750000
08067;13050;30749;1555;2,366818874
08068;13898;30693;1010;2,200435730
08069;12373;30225;887;2,416893733
08071;13842;31121;969;2,243055556
08072;15246;31979;960;2,096069869
08073;14137;30444;908;2,156769596
08074;14239;32202;941;2,251196172
08075;14396;30719;917;2,122685185
08076;14006;32912;865;2,350543478
08077;13620;33296;1010;2,427884615
08078;15000;33672;768;2,245614035
08079;15370;35600;996;2,310904872
08080;15680;32690;928;2,080717489
08081;15290;33952;875;2,215189873
08082;13859;32609;971;2,345410628
08083;13625;29986;990;2,204899777
08084;13113;31359;970;2,377450980
08085;14630;32696;793;2,246458924
08086;14132;34432;858;2,437500000
08087;13871;32563;725;2,294303797
08088;13599;32111;902;2,348958333
08089;15057;33779;690;2,233009709
08090;23550;55048;1130;2,329896907
08091;16694;37887;783;2,276162791
08092;16410;36675;963;2,218894009
08093;18823;45714;908;2,414893617
08094;18507;46001;1123;2,479028698
08095;25038;61229;1596;2,447852761
08096;25471;63832;1437;2,503484321
08097;26609;68190;797;2,554487179
08098;26543;72201;1748;2,718506998
08099;27857;72879;1462;2,615384615
08100;30803;84826;1281;2,748927039
08102;27762;76641;1955;2,738095238
08103;33176;85838;1372;2,588679245
08104;11618;29371;1343;2,510280374
08105;12519;29844;851;2,377094972
08106;11298;29064;1071;2,543942993
08107;11909;29990;785;2,524115756
08108;13313;30494;755;2,274096386
08109;13372;34055;1317;2,562256809
08110;17387;39228;1027;2,242358079
08111;18782;46710;1642;2,495440729
08112;11105;27802;1082;2,470319635
08113;15179;37648;964;2,497409326
08114;10707;28561;928;2,643874644
08115;10417;28344;1118;2,713592233
08116;11759;31420;877;2,723602484
08117;12634;34124;928;2,682080925
08119;13430;35326;1766;2,655639098
08120;12828;34493;1118;2,655581948
08121;11530;29240;1408;2,555353902
08122;12017;30260;845;2,545180723
08123;13035;35239;1474;2,689781022
08124;12976;33738;1781;2,592430859
08125;14728;38547;1346;2,608527132
08126;14586;35817;1563;2,438377535
08128;23754;79683;1919;3,414590747
08129;15926;44301;1449;8,232954545
08131;24013;84734;1890;3,606870229
08132;34765;98221;967;3,311643836
08133;21914;62253;767;2,819852941
08134;34765;98221;1479;3,763358779
08135;27790;86254;2465;3,124207858
08136;22135;55840;1289;2,527450980
08137;34765;98221;1773;3,524850895
08138;34765;98221;1271;3,794029851
08139;22061;68561;2226;3,144067797
08140;18761;49408;846;2,611111111
08141;21659;58839;983;2,715469613
08142;20729;57413;1221;2,743820225
08143;32319;90782;1319;2,794491525
08144;27121;74697;1484;2,743068392
08145;25281;64334;1323;2,651302605
08146;27108;76662;1425;2,827380952
08147;30409;95846;1523;3,414798206
08148;24237;59840;1902;2,476562500
08149;18994;46967;687;2,471223022
08150;34552;92691;1267;2,672995781
08151;21011;53859;866;2,577380952
08152;34332;98221;1580;3,224489796
08153;21074;56939;1563;2,676369863
08154;27478;74708;1622;2,772649573
08155;21774;59783;1574;2,751748252
08156;25066;66724;1332;2,696356275
08157;24805;54268;1027;2,189765458
08158;32249;98221;1494;3,048979592
08159;29967;87310;1984;2,909090909
08160;24897;74120;3292;3,000911577
08161;26111;69053;2003;2,618300654
08162;24625;64573;1424;2,617647059
08163;27214;73572;1818;2,701337296
08164;24058;69582;2949;2,931411531
08165;26515;83352;2507;3,193630573
08166;20221;59319;1821;3,091680815
08167;24328;80815;2056;3,310789050
08168;16656;48710;1369;2,950431034
08169;22863;65287;2948;2,878906250
08170;21052;62865;2838;3,028815368
08171;21903;64277;1666;2,933098592
08172;19579;54206;2322;2,790865385
08173;27639;82035;2070;3,013100437
08174;21710;58264;1840;2,682215743
08175;34765;98221;1249;3,796352584
08176;29077;97803;3353;3,404060914
08177;19903;51929;1328;2,629702970
08178;24319;68785;2120;2,857142857
08179;19416;53302;1462;2,758490566
08180;21374;57645;989;2,732044199
08181;24915;82933;2857;3,325960419
08182;29620;87184;1669;2,933216169
08183;25819;75292;2129;2,973463687
08184;24992;72085;1640;2,928571429
08185;21331;61346;1616;2,922242315
08186;20550;59674;1611;2,918478261
08187;22798;63663;2497;2,756070640
08188;18300;52127;1890;2,854984894
08189;26317;92877;2054;3,553633218
08190;28415;95201;2058;3,362745098
08191;26407;76558;1537;2,878277154
09001;21100;43384;1151;2,051693405
09002;19778;42870;1220;2,170818505
09004;18888;43367;1451;2,292259084
09005;18058;40185;878;2,206030151
09006;18685;44911;799;2,392215569
09007;20082;49483;932;2,446194226
09008;25692;62081;1201;2,481404959
09009;19967;40877;1012;2,040322581
09010;27913;62673;1114;2,939313984
09011;24428;49370;1402;1,997150997
09012;21055;46265;720;2,201834862
09013;19025;38920;1276;2,038338658
09014;29182;57659;2092;1,947858473
09015;26030;59443;1636;2,250343879
09016;22031;45796;905;2,109557110
09017;25623;54481;1101;2,089184061
09018;34765;91628;1397;2,472566372
09019;34765;83611;1475;2,517064846
09020;34765;82788;902;2,243781095
09021;34765;84111;1062;2,397291196
09022;27035;60010;1123;2,184824903
09023;20737;49654;1900;2,467532468
09024;29247;74250;731;2,494880546
09025;31039;78732;958;2,534391534
09026;19201;45986;1275;2,305605787
09028;25887;58503;1621;2,356104651
09029;24917;66189;1042;2,771276596
09030;31530;82491;1239;2,664516129
09031;22094;53160;640;2,406015038
09033;27517;68791;1317;3,259900990
09034;32513;80871;1617;2,491525424
09035;28825;71936;865;2,492795389
09036;21387;48412;1077;2,286624204
09037;29661;68790;2351;2,377148635
09038;24063;56180;1169;2,390593047
09039;22594;50430;1126;2,225296443
09040;20248;44660;905;2,291139241
09041;34765;98221;1711;3,022968198
09043;34765;98221;1984;2,996978852
09044;26386;71503;1176;2,709677419
09045;28525;83538;1066;2,920547945
09046;24511;59919;1775;2,455048409
09047;19719;51674;1477;2,618794326
09049;16997;41186;1147;2,409663866
09050;16069;38308;833;2,366477273
09051;19651;45793;1290;2,320143885
09052;18037;42224;1843;2,329962073
09053;22519;55024;878;2,412087912
09054;13126;31286;1301;2,369763206
09055;18973;46492;1641;2,438335810
09056;20874;51338;2057;2,463473054
09057;14970;33370;877;2,225888325
09058;13293;30861;937;2,313580247
09060;13941;31127;1504;2,167146974
09061;12192;30583;927;2,491935484
09063;17279;43911;1460;2,504288165
09064;12346;31847;1582;2,576547231
09065;11659;27860;1289;2,373848987
09066;13842;34023;860;2,464183381
09067;11923;27797;819;2,333333333
09068;14199;31269;1023;2,200000000
09069;17128;40455;783;2,358433735
09070;21965;49943;1226;2,257826888
09071;34765;98221;1539;3,735436893
09072;34765;98221;1568;3,086614173
09073;34095;98221;1391;3,863888889
09074;17420;43314;1503;2,484297521
09075;30083;92152;2629;3,053426249
09076;12630;31110;1019;2,479318735
09077;18443;46005;1133;2,479212254
09078;34765;98221;2273;4,296786389
09079;24324;63317;1906;2,600272851
09080;27642;78374;1668;2,827118644
09081;26909;67352;866;2,474285714
09082;17980;42141;827;2,356125356
09083;29267;90478;1491;3,152219873
09084;24188;49522;884;2,027522936
09085;28483;88922;1543;3,104627767
09086;34765;98221;2100;3,541315346
09087;34765;98221;2187;3,969147005
09088;24802;65583;2531;2,653039832
09089;34765;98221;1650;3,610503282
09090;21257;53920;2128;2,545454545
09091;34765;98221;1942;3,029641186
09092;25721;80839;1048;3,128358209
09093;34765;98221;1476;3,316853933
09094;25800;69645;1529;2,687170475
09095;27760;58380;1259;2,094841930
09096;34765;98221;1944;3,547445255
09097;34765;98221;1575;3,645833333
10001;11730;32373;1077;2,761538462
10002;7663;24757;975;3,250000000
10003;7345;22831;898;3,118055556
10004;10497;28074;816;2,649350649
10005;10775;29913;1352;2,736842105
10006;15050;38985;2593;2,689834025
10007;10881;30535;1494;2,813559322
10008;11456;30434;1090;2,684729064
10009;11564;30228;1158;2,602247191
10010;12086;33678;887;2,789308176
10011;17948;41678;760;2,310030395
10012;17382;38225;978;2,197752809
10013;20129;46074;723;2,280757098
10014;22740;58675;843;2,593846154
10015;13426;30294;1262;2,253571429
10016;19054;41719;1283;2,181972789
10017;26641;67684;975;2,552356021
10018;15188;34659;839;2,261455526
10020;12529;29134;879;2,337765957
10021;15210;32703;1358;2,158982512
10022;13757;31701;1092;2,294117647
10023;14397;30677;850;2,114427861
10024;14142;33099;1215;2,309885932
10025;14046;33583;1236;2,358778626
10026;16982;37343;944;2,215962441
10027;14825;31772;1343;2,125000000
10028;12695;32259;1328;2,505660377
10029;13393;32224;1415;2,390202703
10030;12547;30412;1403;2,398290598
10031;12548;31647;892;2,578034682
10032;12582;29647;2170;2,335844995
10033;14084;29929;1011;2,110647182
10035;13218;31433;936;2,393861893
10036;16252;36471;1527;2,232456140
10037;12725;30522;1723;2,389736477
10038;12652;32595;902;2,562500000
10039;11655;31774;1345;2,684630739
10040;10768;25727;990;2,379807692
10041;12028;29715;1538;2,460800000
10042;13819;34982;1447;2,534150613
10043;13637;33920;1503;2,404800000
10044;17497;39357;842;2,251336898
10046;11815;29413;1338;2,482374768
10047;9161;27957;1128;3,040431267
10048;10122;28906;1453;2,871541502
10049;10414;27373;1255;2,647679325
10050;10929;29391;1476;2,669077758
10051;11852;31585;1018;2,671916010
10052;11143;30400;1260;2,692307692
10053;12571;32904;1159;2,592841163
10054;18450;43395;1445;2,380560132
10055;17159;41293;1198;2,386454183
10056;11471;30685;1199;2,700450450
10057;11749;29136;1589;2,478939158
10058;10783;27820;1154;2,536263736
10059;10675;28198;1277;2,638429752
10060;15956;41065;1909;2,586720867
10061;10112;28902;1710;2,859531773
10062;9325;26804;943;2,892638037
10063;9828;28286;1767;2,887254902
10065;11497;29405;831;2,564814815
10067;15300;34367;911;2,249382716
10068;15037;34512;815;2,289325843
10069;12347;33431;1479;2,693989071
10070;13515;33361;1140;2,467532468
10072;17970;42393;2163;2,371710526
10073;11991;32071;1251;2,684549356
10074;17973;39486;857;2,186224490
10075;13928;33079;908;2,383202100
10076;15691;37674;952;2,397984887
10077;12384;30163;854;2,426136364
10078;14575;35437;1138;2,442060086
10081;18575;44647;1195;2,409274194
10082;11587;29821;983;2,566579634
10083;10810;31532;795;2,890909091
10084;9904;27467;2309;2,785283474
10086;9942;25636;1575;2,577741408
10087;22417;53140;893;2,413513514
10088;13975;34110;1251;2,429126214
10089;13908;31895;1021;2,294382022
10090;17271;41705;830;2,412790698
10091;19732;49101;965;2,480719794
10092;13647;36263;849;2,636645963
10093;12604;31460;932;2,498659517
10094;11230;26575;1131;2,356250000
10095;12082;31261;1276;2,567404427
10096;10955;26941;1539;2,470304976
10098;12866;32716;1167;2,542483660
10099;15292;37737;1148;2,506550218
10100;14358;34431;989;2,394673123
10101;15083;36345;1059;2,423340961
10102;15660;38400;683;2,577358491
10103;12724;29900;1148;2,362139918
10106;19156;46197;1347;2,435804702
10107;18858;44258;983;2,346062053
10108;16712;40654;767;2,442675159
10109;16820;39529;1372;2,349315068
10110;11639;28015;1617;2,395555556
10112;11238;27162;1064;2,434782609
10113;11421;27496;923;2,403645833
10114;11431;28394;1093;2,478458050
10115;11766;27356;1120;2,299794661
10116;16199;39006;1352;2,397163121
10117;18450;45000;1106;2,436123348
10118;16815;39697;1102;2,369892473
10119;19948;50081;1430;2,504378284
10120;14752;36607;1215;2,469512195
10121;13006;28900;1139;2,233333333
10122;15903;40718;1111;2,559907834
10123;16752;39723;879;2,375675676
10124;11802;31235;1430;2,648148148
10125;14263;35244;769;2,464743590
10126;12418;32365;1334;2,600389864
10127;12838;30165;969;2,357664234
10128;15293;36375;1269;2,380863039
10129;16640;38392;1256;2,313075506
10130;16291;39010;1595;2,380597015
10131;17150;43311;1501;2,526936027
10132;16974;41465;1059;2,445727483
10133;17610;43286;1713;2,464748201
10135;14673;33160;805;2,254901961
10136;14159;34111;1177;2,392276423
10137;10761;27637;1101;2,542725173
10138;18978;42732;708;2,261980831
10139;12068;31879;1158;2,662068966
10140;15463;35887;808;2,321839080
10142;12041;31721;1850;2,635327635
10143;14481;37645;1356;2,597701149
10144;9775;26900;1585;2,775831874
10145;12204;32725;1591;2,669463087
10146;11665;31495;1431;2,762548263
10147;10440;28674;1642;2,755033557
10148;9251;26463;1582;2,886861314
10149;10613;29817;2024;2,803324100
10151;12823;33602;1829;2,612857143
10152;19297;47463;793;2,447530864
10153;18199;42716;2589;2,340867993
10154;12919;31538;852;2,448275862
10156;19837;49296;832;2,491017964
10157;20399;51172;734;2,505119454
10158;19813;52400;1145;2,681498829
10159;19643;52318;1121;2,656398104
10161;14042;32121;1639;2,301966292
10162;12656;28228;909;2,217073171
10163;12402;30682;764;2,488599349
10164;10948;25725;1455;2,362012987
10165;15146;40509;1131;2,667452830
10167;16962;43380;2203;2,564610012
10168;11798;29529;1336;2,497196262
10169;12093;29751;847;2,469387755
10170;14594;36710;1151;2,513100437
10171;13854;33916;1117;2,444201313
10172;13908;35563;763;2,543333333
10173;15378;37760;1551;2,446372240
10174;14708;36630;928;2,487935657
10175;14673;35987;812;2,460606061
10176;14120;33954;1216;2,398422091
10178;15710;36905;1051;2,351230425
10179;13676;29972;1092;2,188376754
10180;13610;34333;1224;2,518518519
10181;12708;29643;1149;2,316532258
10182;11588;26399;1123;2,268686869
10183;14489;34393;991;2,370813397
10184;14715;35455;975;2,389705882
10185;12602;33988;801;2,715254237
10187;12617;34647;1388;2,776000000
10188;13040;33367;987;2,550387597
10189;13194;32272;1504;2,445528455
10190;13140;31537;1164;2,419958420
10191;12857;31762;1600;2,465331279
10192;15909;37856;1700;2,370990237
10193;14573;33185;767;2,282738095
10194;15627;37028;922;2,388601036
10197;16210;43410;1653;2,661835749
10198;14689;35769;1964;2,436724566
10199;14965;35589;1588;2,373692078
10201;15546;35242;1040;2,265795207
10202;15663;38632;777;2,474522293
10203;14465;34383;1524;2,359133127
10204;13026;32112;927;2,445910290
10205;20265;52491;1381;2,692007797
10206;23352;49925;1279;2,171477080
10207;19344;46562;1372;2,394415358
10209;17265;39899;1280;2,438095238
10210;13666;34480;1096;2,513761468
10211;20573;41977;1025;2,029702970
10212;20919;50739;913;2,415343915
10213;19975;52187;2259;2,605536332
10214;18150;45082;1778;2,479776848
10215;18151;49112;1461;2,690607735
10216;19336;46435;1302;2,397790055
10217;16464;37841;986;2,287703016
10218;19066;51757;1174;2,711316397
10219;18161;43396;1378;2,426056338
10220;11965;32162;1742;2,709175739
10221;19065;44464;1586;2,739205527
10222;16949;43633;1492;2,585788562
11001;15496;34289;1197;2,188299817
11002;17172;38157;1612;2,211248285
11003;17634;39940;1723;2,267105263
11004;18358;40086;1430;2,200000000
11005;16274;36209;1082;2,208163265
11006;15520;34039;1241;2,200354610
11007;13056;32046;2145;2,448630137
11010;17163;38065;862;2,210256410
11011;15047;38021;857;2,513196481
11012;14162;32164;2077;2,264994547
11013;12508;30023;1547;2,387345679
11015;13209;31365;1507;2,392063492
11016;12404;29034;1197;2,347058824
11017;11229;25801;1218;2,311195446
11018;11138;30976;771;2,773381295
11019;14820;36674;738;2,451827243
11021;10558;30538;1517;2,911708253
11022;14262;34960;1539;2,438985737
11023;11525;29301;1351;2,529962547
11024;11542;30181;1459;2,600713012
11025;12660;34704;1377;2,759519038
11026;13087;32828;2278;2,497807018
11028;15621;42082;1021;2,679790026
11029;12841;32578;878;2,530259366
11030;11866;32386;864;2,716981132
11031;17017;37732;900;2,211302211
11032;11172;31223;1579;2,775043937
11033;10232;31134;1831;3,051666667
11034;12020;31867;1100;2,606635071
11035;11859;33905;1262;2,835955056
11036;12003;32091;1310;2,657200811
11037;11748;29836;1436;2,519298246
11038;11476;29605;1170;2,571428571
11039;15905;36598;2305;2,314257028
11040;10784;27018;972;2,492307692
11041;10521;28448;1508;2,688057041
11042;12195;30158;1288;2,472168906
11043;15345;35772;1115;2,327766180
11044;18862;46212;1774;2,453665284
11045;18737;40759;719;2,172205438
11046;15801;32020;780;2,025974026
11047;13330;31258;1377;2,357876712
11048;11749;31400;1521;2,720930233
11049;17067;39073;1996;2,283752860
11050;17014;39632;1206;2,314779271
11051;17967;40124;1408;2,227848101
11054;9735;27599;1160;2,843137255
11055;11108;28687;1571;2,986692015
11056;10486;28922;1222;2,764705882
11057;10934;30245;1258;2,734782609
11058;11686;29176;787;2,498412698
11059;11219;28614;1362;2,531598513
11060;15910;39562;1217;2,463562753
11061;12260;29985;1061;2,484777518
11062;10884;27843;1840;2,534435262
11063;12210;31338;2276;2,574660633
11065;17153;40249;1559;2,365705615
11067;16334;39222;1850;2,427821522
11068;10870;30301;1291;2,758547009
11069;10558;30554;2308;2,921518987
11070;11541;31992;2220;2,761194030
11071;10744;27898;1833;2,581690141
11072;10026;26971;1597;2,675041876
11073;9499;28420;1519;2,961013645
11074;9707;27591;914;2,820987654
11075;15146;33997;776;2,365853659
11078;10697;31111;1625;2,896613191
11079;9916;27546;1005;2,776243094
11080;10358;29564;1940;2,852941176
11081;11198;29800;1987;2,696065129
11082;10203;30005;1264;2,905747126
11083;9511;27456;1050;2,884615385
11085;11093;30378;2345;2,723577236
11086;11253;29685;1173;2,641891892
11087;10428;28468;1573;2,716753022
11088;10997;29229;1739;2,671274962
11089;11644;29497;2035;2,524813896
11091;10268;28106;1533;2,747311828
11092;11379;30061;1229;2,648706897
11093;16561;41048;1251;2,537525355
11094;21133;53756;1341;2,539772727
11095;18772;46356;1090;2,466063348
11096;16736;39354;862;2,348773842
11097;14543;35234;1198;2,532769556
11098;14390;36862;1399;2,539019964
11099;15375;37608;999;2,430656934
11100;12047;33778;2147;2,788311688
11101;12683;33751;1628;2,638573744
11102;11033;29560;1483;2,721100917
11103;11893;30469;1702;2,540298507
11104;13033;33069;1186;2,534188034
11105;10781;30236;1042;2,894444444
11106;12264;34874;994;2,840000000
11107;13431;35721;1267;2,667368421
11108;11789;30823;1299;2,695020747
11109;10144;28121;1437;2,790291262
11110;10479;31593;1259;3,019184652
11111;9843;29754;1356;3,026785714
11112;12795;32412;1306;2,511538462
11113;11011;32108;1686;2,911917098
11114;11842;31453;1372;2,664077670
11115;11218;31126;2128;2,767230169
11116;10556;27367;915;2,577464789
11117;9281;27619;1899;2,971830986
11118;10077;27687;1222;2,721603563
11119;9768;28601;1415;2,917525773
11120;9956;27841;1230;2,795454545
11121;8886;26690;1635;2,983576642
11122;8717;27412;1293;3,138349515
11123;12618;33431;1021;5,430851064
11124;12423;33696;1756;2,693251534
11125;13593;35478;1524;2,600682594
11126;16063;42007;1374;2,632183908
11128;8310;26007;1307;3,126794258
11129;7421;22374;1004;2,979228487
11130;8597;26297;1915;3,054226475
11131;8373;24403;1119;2,884020619
11132;8316;24702;1029;2,973988439
11133;12461;32685;1100;2,619047619
11134;10452;28632;922;2,727810651
11135;11776;32082;969;2,721910112
11136;12490;31480;1248;2,521212121
11137;14865;41162;2280;2,814814815
11138;10856;30802;1192;2,785046729
11139;11164;29379;1403;2,935146444
11140;10342;29504;1811;2,902243590
11141;12911;32666;1242;2,555555556
11142;13084;33000;752;2,523489933
11143;10398;26261;1361;2,525046382
11145;11791;29588;1209;2,518750000
11146;11037;30079;1452;2,734463277
11147;14410;36100;1440;2,513089005
11148;13233;32549;2466;2,466000000
11149;11803;29173;972;2,479591837
11150;12973;33783;1197;2,654101996
11151;11266;29431;1134;2,643356643
11152;13513;34450;2244;2,552901024
11153;11361;29157;1680;2,580645161
11154;9778;27686;1318;2,804255319
11155;13899;39218;2428;2,836448598
11156;15651;44324;1917;2,856929955
11157;9837;27818;1177;2,849878935
11158;8049;25082;1310;3,179611650
11160;9035;28327;1710;3,120437956
11161;8308;26667;1483;3,168803419
11162;10091;28765;887;2,833865815
11163;13363;34059;1420;2,549371634
11165;11624;32074;1783;2,760061920
11167;11956;32704;1135;2,702380952
11168;12063;30435;1056;2,538461538
11169;10170;29846;2726;2,947027027
11170;9685;29513;1050;3,043478261
11171;8989;28086;1059;3,151785714
11173;8545;26365;1441;3,059447983
11174;12390;32175;830;2,618296530
11175;11012;29774;1651;2,711001642
11176;12011;32800;1210;2,706935123
11177;11869;30646;2422;2,576595745
11178;10346;29115;969;2,784482759
11179;12868;34455;983;2,663956640
11180;8427;25800;1368;3,060402685
11181;16511;35424;963;2,140000000
11182;17528;48004;2725;2,735943775
11183;17255;47750;2488;2,782997763
11184;19455;43550;1104;2,285714286
11185;15891;44986;1663;2,964349376
11186;12628;36403;1962;2,881057269
11187;13648;37732;1699;2,799011532
11188;18297;55004;1956;3,032558140
11189;12878;40143;2470;3,170731707
11190;15709;46109;1599;2,923217550
11191;15026;44594;2957;2,957000000
11192;16900;42075;1839;2,498641304
11193;11842;31291;1488;2,981963928
11194;17700;49229;1159;2,786057692
11195;13801;31946;1871;2,335830212
11196;19860;57359;1271;2,901826484
11197;18498;46606;1566;2,525806452
11198;19164;51598;2025;2,692819149
11199;11001;28990;1772;2,648729447
11200;17989;48859;1101;2,738805970
12001;13303;33284;649;2,486590038
12002;13253;31902;836;2,437317784
12003;13436;32838;1270;2,428298279
12005;12906;31790;1095;2,460674157
12006;12920;30944;778;2,393846154
12007;13178;32531;1463;2,458823529
12008;11199;31089;1249;2,763274336
12009;10473;28736;1120;2,758620690
12010;11183;28815;934;2,573002755
12011;10693;30201;999;2,806179775
12012;10601;30542;1041;2,875690608
12013;10823;28863;987;2,674796748
12014;11325;32539;1063;2,896457766
12015;11095;28953;1108;2,607058824
12016;14730;40932;1695;2,760586319
12018;8689;27179;1882;3,121061360
12019;8019;25885;1266;3,188916877
12020;8690;27743;1443;3,250000000
12022;8832;27182;1727;3,078431373
12023;9351;28432;1522;3,031872510
12024;12909;36722;2120;2,826666667
12027;12971;34922;1740;2,685185185
12028;10715;26144;930;2,447368421
12029;9460;26581;1384;2,784708249
12030;9060;30185;1366;3,307506053
12031;9777;29229;866;2,965753425
12032;12047;31918;2760;2,705882353
12033;10686;28909;1274;2,716417910
12034;10678;29432;2209;2,817602041
12037;10094;27605;1322;2,714579055
12039;10928;30402;1097;2,770202020
12041;9819;27940;1699;2,831666667
12042;8703;26862;1218;3,052631579
12043;10567;29973;1402;2,826612903
12044;9644;29023;1630;2,979890311
12045;8836;26409;1904;2,970358814
12046;9868;30287;1807;3,021739130
12047;9179;27838;1233;3,029484029
12048;10019;29362;1630;2,910714286
12049;10286;28907;1745;2,932773109
12050;11085;27469;1406;2,440972222
12051;11659;33163;1362;2,843423800
12052;19643;52137;2225;2,655131265
12053;19333;43541;1861;2,244873341
12054;14335;33272;1275;2,322404372
12055;12068;32499;1729;2,672333849
12056;10055;28308;1773;2,774647887
12057;9246;28557;1634;3,048507463
12059;15703;39163;1654;2,468656716
12061;13206;32730;2262;2,474835886
12062;12040;31927;1535;2,697715290
12064;11873;29625;1344;2,488888889
12065;9683;28875;1313;2,937360179
12066;7900;27263;1768;3,453125000
12067;8823;28360;2202;3,186685962
12069;11054;28835;1241;2,607142857
12070;14016;36354;1162;2,576496674
12071;11983;30154;1790;2,493036212
12073;8951;23024;1103;2,723456790
12074;10362;28279;933;2,712209302
12075;9596;26757;1715;2,788617886
12077;12043;31974;1523;2,644097222
12078;10599;28749;1494;2,687050360
12079;9734;27209;1214;2,790804598
12080;9822;28501;1602;2,865831843
12081;9578;27260;1459;2,838521401
12082;9929;29787;1079;3,005571031
12083;9751;29709;1329;3,034246575
12084;9476;28428;1149;2,976683938
12086;10689;30685;1116;2,846938776
12087;8795;27441;1989;3,122448980
12088;8910;27015;2014;2,983703704
12089;9801;27780;1257;2,799554566
12090;9319;26674;1305;2,880794702
12091;9572;27395;1828;2,986928105
12092;10292;28963;1406;2,773175542
12093;9826;29478;2047;2,962373372
12094;9151;26935;2200;2,887139108
12096;8769;27064;1482;3,006085193
12097;10188;30048;1234;2,910377358
12098;17315;46509;1818;2,717488789
12099;10540;31619;1246;3,296296296
12100;10884;28603;1635;2,649918963
12101;14418;41845;1820;2,993421053
12102;12455;36518;2526;2,975265018
12103;9236;27831;2511;3,043636364
12104;14954;42413;1828;2,860719875
12105;13538;42583;1610;3,120155039
12106;14638;42093;2452;2,888103651
12107;19626;48366;2476;2,483450351
12108;16254;36347;1446;2,234930448
12109;12073;34556;2163;2,861111111
12110;12856;39708;1738;3,142857143
13002;9801;27497;1203;2,791183295
13003;8354;26567;931;3,221453287
13004;10348;27854;752;2,676156584
13005;9663;29408;926;3,046052632
13006;9976;29959;965;2,996894410
13007;10203;28072;1033;2,747340426
13008;10349;27573;1636;2,820689655
13010;10952;29099;1125;2,672209026
13011;9271;26802;900;2,931596091
13012;9377;27337;1276;2,886877828
13013;9868;26683;1363;2,793032787
13014;9245;24923;2069;2,733157199
13016;9322;25735;1190;2,780373832
13017;10601;28681;1004;2,698924731
13018;9302;26341;941;2,784023669
13019;10859;28905;753;2,632867133
13021;11625;29919;999;2,541984733
13022;9952;29246;1010;2,919075145
13023;11837;31641;847;2,646875000
13024;10970;31706;907;2,897763578
13026;10494;27562;944;2,622222222
13028;8400;24702;847;2,930795848
13029;10204;26162;1261;2,563008130
13030;11532;28932;1866;2,488000000
13031;9675;28007;1157;2,892500000
13032;10501;30033;2105;2,860054348
13033;9641;28035;1400;2,947368421
13034;10681;28349;1301;2,638945233
13035;11458;30899;2688;2,685314685
13036;9630;25562;1196;2,669642857
13037;10907;26636;1467;2,473861720
13038;9036;25909;1125;2,855329949
13039;10787;26710;1089;2,469387755
13040;9809;25521;1556;2,664383562
13041;10590;26660;2018;2,491358025
13042;9875;26765;1476;2,683636364
13043;9911;26113;1580;2,646566164
13044;9899;27085;2247;2,694244604
13045;9181;25391;1530;2,732142857
13046;9533;25560;2123;2,633995037
13047;10994;27561;1680;2,503725782
13048;8668;25275;1521;2,897142857
13049;11613;31187;2019;2,684840426
13050;10035;25796;1204;2,578158458
13052;10913;28656;1111;2,645238095
13053;10470;29574;1435;2,819253438
13054;10087;26773;1979;2,628154050
13055;9254;25899;1370;2,790224033
13056;10031;26727;2553;2,656607700
13057;9068;25888;1710;2,859531773
13058;8634;25009;1233;2,894366197
13059;8730;23163;1267;2,678646934
13060;9311;26145;1212;2,799076212
13061;8706;24022;1126;2,766584767
13062;8804;26496;1296;2,986175115
13063;8810;26564;1023;2,991228070
13065;9086;24718;2002;2,690860215
13066;9473;26623;1094;2,783715013
13069;9304;24465;862;2,636085627
13074;16061;41647;2040;2,588832487
13077;17722;40983;1345;2,326989619
13078;16232;40717;1647;2,506849315
13079;9867;26220;1754;2,653555219
13080;9272;26097;1631;2,792808219
13083;9686;30432;2064;3,291866029
13084;9774;30231;1074;3,042492918
13086;10942;26923;1477;2,461666667
13087;15756;40022;739;2,557093426
13088;14976;33869;1036;2,271929825
13089;10377;26593;867;2,588059701
13090;9577;25504;982;2,683060109
13091;10829;27567;1137;2,532293987
13092;12163;32209;2211;2,696341463
13094;11875;29961;2066;2,544334975
13103;11391;31432;889;2,760869565
13104;12644;31200;1695;2,492647059
13108;12535;34924;1865;2,791916168
13109;14505;36833;2121;2,558504222
13110;10324;25825;891;2,481894150
13111;10387;29322;815;2,820069204
13112;10940;28624;1311;2,596039604
13115;10992;27212;2359;2,477941176
13116;11700;30010;799;2,585760518
13117;10062;27789;1724;2,753993610
13118;10746;28944;773;2,693379791
13119;11016;29516;1325;2,660642570
13120;11252;30213;1272;2,683544304
13121;11239;30202;989;3,169871795
13122;11112;28397;855;2,552238806
13123;13238;36583;1223;2,736017897
13124;10721;28802;1531;2,709734513
13125;9381;24754;1160;2,624434389
13127;18925;50057;2590;2,640163099
13128;14093;34759;1323;2,505681818
13129;11428;29262;805;2,555555556
13131;11756;32039;744;2,715328467
13132;10944;29491;1161;2,662844037
13133;11443;31664;1015;2,750677507
13134;11441;30377;1075;2,654320988
13135;12537;31988;818;2,540372671
13136;11490;30381;1135;2,621247113
13137;15392;39355;1643;2,551242236
13138;10274;27359;955;2,667597765
13139;10395;26210;1116;2,502242152
13140;13506;34714;1509;2,557627119
13142;10958;27588;1519;2,506600660
13143;13107;30948;767;2,352760736
13144;10464;26585;1473;2,509369676
13145;9544;23519;982;2,473551637
13146;10698;30020;1175;2,817745803
13147;11373;29733;1317;2,721074380
13148;9610;25839;1387;2,677606178
13150;10254;27641;1477;2,700182815
13153;9640;26465;1540;2,800000000
13154;11181;28826;1209;2,550632911
13155;10681;28769;2248;2,708433735
13156;12133;29282;865;2,416201117
13157;10827;28686;1316;2,653225806
13158;12286;31109;2099;2,507765830
13160;12572;32499;1765;2,610946746
13161;13760;33973;1043;2,921568627
13162;11569;30405;732;2,633093525
13163;12347;29568;909;2,398416887
13164;12839;31574;847;2,455072464
13166;11697;32610;1919;2,826215022
13168;10660;29306;2536;2,715203426
13169;11375;27550;1487;2,406148867
13170;10937;29164;1085;2,699004975
13171;11004;29666;1084;2,689826303
13172;9910;26898;1256;2,695278970
13173;9161;25914;1152;2,830466830
13174;10653;27922;1562;2,625210084
13175;10563;28001;1460;2,625899281
13176;9598;26419;1132;2,740920097
13177;9176;26194;1247;2,906759907
13178;11304;28447;1155;2,510869565
13179;11699;29729;651;2,523255814
13180;10459;28964;1047;2,777188329
13181;11144;28432;1259;2,606625259
13182;15448;39831;1119;2,578341014
13183;16892;42402;1254;2,528225806
13184;12806;33122;1821;2,582978723
13185;10593;27761;1590;2,619439868
13186;10759;28621;2294;2,667441860
13187;9988;27048;1864;2,670487106
13189;9562;27372;1202;2,861904762
13190;10717;27027;2093;2,521686747
13191;14163;34135;2033;2,417360285
13192;10760;27697;1423;2,554757630
13193;11588;28756;1406;2,471001757
13194;10925;26043;1624;2,395280236
13195;12488;30999;1140;2,462203024
13196;11479;30835;1370;2,644787645
13197;10569;27874;1691;2,617647059
13198;12514;32864;1306;2,622489960
13199;16392;43505;1566;2,695352840
13200;11204;29319;1445;2,627272727
13201;11110;29692;1062;2,655000000
13202;15452;36453;1498;2,439739414
13203;18302;46651;1389;2,596261682
13204;16577;43039;1422;2,683018868
13205;15629;41060;1227;2,690789474
13206;11633;29632;2830;2,605893186
13207;17322;45490;2086;2,681233933
13208;16598;45064;1703;2,800986842
13209;15314;40289;1456;2,671559633
13210;11073;30154;2384;2,778554779
13211;13156;38911;1054;2,977401130
13212;16991;41894;867;2,463068182
13213;13829;36255;1326;2,673387097
13214;8585;26176;1320;3,062645012
13215;9915;25470;1141;2,569819820
13216;16856;40604;2499;2,419167473
13217;10670;26120;1337;2,444241316
14002;12408;30163;1338;2,428312160
14003;12743;31971;1313;2,539651838
14004;15537;38773;1185;2,581699346
14005;15569;37211;718;2,393333333
14006;14555;36535;620;2,480000000
14010;22455;59338;1169;2,638826185
14012;15417;34434;1431;2,235937500
14013;19879;47370;978;2,379562044
14014;20638;46455;634;2,264285714
14015;19647;43709;825;2,241847826
14016;19163;42097;688;2,198083067
14017;18910;44162;766;2,328267477
14018;17864;40502;1090;2,256728778
14020;18494;42166;1434;2,276190476
14021;18253;41547;919;2,257985258
14022;19321;44011;838;2,271002710
14024;19400;42419;1376;2,184126984
14025;15624;34588;1158;2,189035917
14026;13232;29825;868;2,237113402
14027;15492;32667;1042;2,113590264
14028;12989;27395;980;2,112068966
14029;15626;32149;873;2,049295775
14030;20403;48985;1666;2,397122302
14031;18053;42857;899;2,384615385
14032;18997;41291;949;2,156818182
14033;14710;34690;723;2,355048860
14034;19255;44530;857;2,316216216
14035;12814;29271;700;2,243589744
14036;13172;33566;1109;2,526195900
14037;14360;29817;932;2,071111111
14038;12972;28249;832;2,183727034
14039;15144;35422;1099;2,328389831
14040;19157;47755;1746;2,497854077
14041;26610;59099;798;2,229050279
14042;24292;59777;1081;2,462414579
14043;19643;45213;781;2,283625731
14044;17152;41992;954;2,446153846
14045;15387;36286;969;2,369193154
14046;13089;32679;1134;2,492307692
14047;12282;30057;1170;2,452830189
14048;13868;34034;1100;2,449888641
14049;12154;30728;1171;2,512875536
14050;12045;31012;1138;2,568848758
14051;12258;30567;988;2,470000000
14052;13452;33256;941;2,450520833
14053;11526;31833;876;2,746081505
14054;12011;30957;1110;2,569444444
14055;13791;33530;917;2,445333333
14056;12429;31771;796;2,535031847
14057;12788;31249;1002;2,432038835
14058;13053;34544;920;2,636103152
14059;12740;32066;1366;2,524953789
14060;16396;38814;725;2,369281046
14061;17883;43770;1227;2,449101796
14062;13789;35600;1014;2,586734694
14063;16494;38346;925;2,318295739
14064;15109;34837;1812;2,302414231
14065;15596;34507;893;2,188725490
14067;11605;28611;1842;2,469168901
14069;13650;31303;1389;2,288303130
14070;13141;29426;889;2,239294710
14071;15310;31355;994;2,049484536
14072;16080;36263;879;2,259640103
14073;15618;36938;1025;2,367205543
14075;14842;34013;898;2,302564103
14076;15876;37658;880;2,352941176
14077;15030;35548;1493;2,369841270
14079;19724;48974;1293;3,349740933
14080;23737;67122;1166;2,830097087
14081;17286;51364;835;2,960992908
14082;8194;27521;1273;3,350000000
14083;12133;33448;1635;2,780612245
14084;21016;49409;1024;2,354022989
14085;25603;66442;1378;2,595103578
14086;13553;40741;2036;3,043348281
14087;23416;64964;1287;2,761802575
14088;21517;52991;995;2,450738916
14089;16589;48199;1514;2,911538462
14090;14483;42831;1544;3,009746589
14091;21566;60203;1867;2,863496933
14092;13969;43833;1352;3,151515152
14093;19341;52954;1414;2,745631068
14094;24926;65293;1600;2,644628099
14095;25939;72301;749;2,784386617
15001;18061;45131;1077;2,498839907
15002;15639;38219;986;2,434567901
15003;16830;33829;1003;2,006000000
15005;15177;37079;820;2,440476190
15006;13761;34782;1381;2,520072993
15008;15059;33966;1974;2,250855188
15009;11330;30184;1385;2,638095238
15010;12401;29070;961;2,332524272
15011;10536;28965;1503;2,737704918
15012;13476;35047;936;2,689655172
15013;12833;32787;1007;2,555837563
15014;12655;31686;1309;2,507662835
15015;12098;28761;769;2,373456790
15016;11851;28595;1276;2,472868217
15017;12985;31314;839;2,397142857
15018;13693;34876;873;2,545189504
15019;12561;30010;897;2,398395722
15020;12207;30816;1148;2,517543860
15021;12452;29400;773;2,356707317
15022;12787;33323;1237;2,609704641
15023;14332;35259;1592;2,464396285
15024;15669;36408;1159;2,379876797
15025;16097;38007;1281;2,354779412
15026;13037;32811;977;2,448621554
15027;14509;37724;949;2,585831063
15028;17005;39956;916;2,354755784
15029;15711;32798;1142;2,087751371
15030;18504;42212;1242;2,287292818
15031;17709;41127;1143;2,318458418
15032;18221;42913;1240;2,357414449
15033;16137;36166;1536;2,232558140
15034;13913;34117;936;2,431168831
15035;17163;38825;1256;2,283636364
15036;15033;35261;974;2,324582339
15037;14107;33988;1334;2,425454545
15038;14856;34683;1835;2,325728771
15039;14283;33226;1777;2,304798962
15040;14078;32504;1750;2,293577982
15041;13271;34509;1858;2,594972067
15042;14903;37513;1771;2,540889527
15043;14262;35997;1396;2,492857143
15044;15377;37058;1417;2,409863946
15045;14717;36731;1227;2,509202454
15046;14352;38305;1540;2,641509434
15047;14357;35763;976;2,502564103
15048;13153;35400;1352;2,671936759
15049;11853;30212;1461;2,540869565
15050;13130;33509;1416;2,551351351
15051;13528;34375;1781;2,540656205
15052;12636;32369;799;2,512578616
15053;11055;30343;1645;2,750836120
15054;12263;30301;1688;2,460641399
15056;12703;32991;1586;2,574675325
15057;12759;34072;1472;2,666666667
15058;11734;32850;1315;2,791932059
15059;11736;30864;941;2,621169916
15060;11499;28771;1196;2,502092050
15061;13186;34294;1413;2,592660550
15062;15293;38094;2485;2,487487487
15065;18130;48287;1445;2,805825243
15066;16567;38338;687;2,305369128
15067;16666;37321;1043;2,620603015
15068;19369;43940;1163;2,307539683
15069;19604;53805;1918;2,759712230
15070;17654;47553;2433;2,682469680
15071;11107;27422;1406;2,484098940
15073;10888;31790;1286;2,922727273
15074;12582;31760;1958;2,523195876
15075;12825;32976;1551;2,589315526
15076;12316;29824;951;2,407594937
15077;14582;36095;1057;2,469626168
15078;11188;26653;927;2,407792208
15079;12381;29133;762;2,351851852
15080;10729;25823;872;2,422222222
15081;10039;28958;1805;2,847003155
15082;15647;38008;1267;2,436538462
15083;11753;32031;1529;2,710992908
15084;12354;33112;1126;2,668246445
15085;12307;33861;1477;2,745353160
15086;15618;39752;1095;2,552447552
15087;11010;27263;1310;2,453183521
15088;10216;27166;1202;2,647577093
15089;11779;32538;1308;2,742138365
15090;18376;42790;1822;2,323979592
15092;23104;53503;1641;2,409691630
15093;15841;38575;1350;2,428057554
15094;16751;37337;1343;2,223509934
15095;13417;31401;896;2,327272727
15096;13775;34311;1365;2,481818182
15097;12521;33414;908;2,631884058
15098;12018;30919;1190;2,570194384
15099;13430;35420;1497;2,635563380
15100;13897;32999;816;2,365217391
15101;13799;34185;1097;2,448660714
15102;15108;36069;1066;2,384787472
15103;14884;34469;1331;2,318815331
15105;15327;33975;1504;2,211764706
15106;13150;36389;1537;2,804744526
15108;15531;36728;996;2,349056604
15109;17286;39958;1462;2,291536050
15110;14650;31885;1709;2,174300254
15111;18277;40320;880;2,211055276
15112;15791;38128;1485;2,391304348
15113;16760;37834;1396;2,255250404
15114;16978;37556;933;2,195294118
15115;18573;41085;1812;2,220588235
15116;16374;38746;1093;2,345493562
15117;14411;32657;1363;2,256622517
15118;15706;32207;1008;2,082644628
15119;15733;31156;1139;1,994746060
15120;14204;31415;918;2,201438849
15121;17276;34552;679;1,997058824
15122;17101;40271;1137;2,339506173
15123;19387;46823;1206;2,412000000
15124;16564;39980;1032;2,394431555
15125;23695;61150;837;2,551829268
15126;14376;35894;1235;2,556935818
15127;20957;46612;1542;2,284444444
15128;24316;55919;2030;2,286036036
15129;18720;42407;998;2,237668161
15130;17226;37532;1000;2,178649237
15131;15731;36469;979;2,319905213
15132;18057;44834;1272;2,549098196
15133;16992;39911;1572;2,342771982
15134;18120;40599;1076;2,227743271
15135;17134;38811;2124;2,276527331
15136;16156;35777;1024;2,221258134
15138;14956;31287;1297;2,091935484
15140;15534;31768;1468;2,053146853
15141;17413;40413;1195;2,302504817
15142;27177;58696;1105;2,170923379
15143;29919;73697;1984;2,489335006
15144;27073;74080;1778;2,726993865
15146;24442;58198;1080;2,358078603
15147;27362;71678;1352;2,595009597
15148;19977;46838;979;2,330952381
15149;22137;56581;1428;2,550000000
15150;34765;90953;1820;2,800000000
15151;28213;72619;1657;2,565015480
15153;27828;67352;674;2,415770609
15154;22191;51598;1159;2,331991952
15155;32072;77135;1553;2,400309119
15156;21141;47271;1416;2,236966825
15157;27183;64129;1014;2,331034483
15158;29428;78514;1427;2,776264591
15159;30030;77955;1622;2,685430464
15160;32788;81072;2031;2,564393939
15161;30985;95142;2351;3,177027027
15162;30746;84684;1920;2,758620690
15163;27063;73319;1218;2,712694878
15164;27277;74397;1043;2,716145833
15165;28502;77675;997;2,739010989
15166;27147;73660;851;2,710191083
15167;34765;98221;1035;2,774798928
15168;27623;75567;1634;2,714285714
15170;29881;79952;2083;2,677377892
15171;14112;36092;1306;2,565815324
15172;25656;68307;1056;2,659949622
15173;25906;72178;1861;2,798496241
15174;30952;81345;1419;2,622920518
15175;22987;51230;1089;2,236139630
15176;24465;56125;1847;2,346886912
15177;17497;43345;1252;2,494023904
15178;26283;62292;1267;2,404174573
15179;17985;43796;1340;2,427536232
15180;25618;62645;2112;2,464410735
15181;22676;56791;1138;2,506607930
15182;25821;68415;681;2,649805447
16001;34765;98221;2096;3,229583975
16002;34765;98221;1891;3,141196013
16003;34765;98221;2034;2,782489740
16004;34765;98221;2555;3,457374831
16005;33887;98221;2009;3,057838661
16006;24096;66162;1911;2,818584071
16007;25535;70054;2222;2,743209877
16008;12558;33096;1111;2,626477541
16009;13183;31511;1048;2,376417234
16011;13542;34495;1342;2,556190476
16012;15712;34050;710;2,158054711
16013;18111;45561;970;2,493573265
16014;17284;39825;818;2,297752809
16015;17289;42425;1198;2,434959350
16016;17576;42924;1018;2,470873786
16017;17000;40476;958;2,353808354
16018;18333;42886;800;2,339181287
16019;18207;43803;915;2,389033943
16020;18586;47391;1158;2,533916849
16021;20946;48965;1085;2,328326180
16022;17569;41660;1281;2,363468635
16024;17552;44931;2181;2,562867215
16025;19756;45539;2102;2,294759825
16026;14678;33996;793;2,353115727
16027;16208;39291;722;2,422818792
16028;18032;39860;913;2,265508685
16029;14605;35112;1173;2,393877551
16030;18788;41709;1831;2,271712159
16031;20498;50255;1245;2,455621302
16032;24265;56643;1516;2,328725038
16033;17637;41688;1624;2,405925926
16034;18701;45182;1996;2,407720145
16035;21540;56655;1637;2,636070853
16036;30169;90688;2586;3,085918854
16037;14111;31593;968;2,225287356
16038;16832;38371;1310;2,282229965
16039;11842;28393;1069;2,391498881
16040;12377;28685;1899;2,304611650
16042;15172;34377;1406;2,275080906
16043;12986;31889;946;2,463541667
16044;18217;46231;1115;2,539863326
16045;21727;57003;1616;2,649180328
16046;19699;45947;1697;2,337465565
16048;19060;46491;2142;2,423076923
16049;19756;48824;1167;2,462025316
16050;16507;40775;1500;2,467105263
16051;13914;35988;1039;2,578163772
16052;13764;33343;1153;2,422268908
16053;12676;31862;935;2,506702413
16054;13577;29105;766;2,133704735
16055;12596;28335;1466;2,248466258
16057;14368;32479;983;2,249427918
16058;14443;35233;1407;2,421686747
16059;16218;40430;1817;2,573654391
16060;9121;22935;1496;2,497495826
16061;18440;44230;1360;2,390158172
16063;18639;43378;1536;2,323751891
16064;18348;45539;1172;2,467368421
16065;15917;31336;1019;1,963391137
16066;15631;31352;1060;2,007575758
16067;13570;30137;1888;2,210772834
16069;15511;37213;1205;2,372047244
16070;18666;47482;1692;2,559757943
16071;11017;29323;1404;2,644067797
16073;11896;31103;1677;2,595975232
16074;11682;28302;1132;2,408510638
16075;14542;32733;1193;2,238273921
16076;12360;27596;1382;2,229032258
16077;11643;30362;1440;2,594594595
16078;12363;31104;894;2,525423729
16079;17136;47264;2343;3,166216216
16080;34387;98221;836;2,833898305
16081;24829;64066;1179;2,574235808
16082;11655;29859;810;2,555205047
16083;14779;37544;2225;2,534168565
16085;16775;42237;1348;2,548204159
16086;14914;38913;2138;2,616891065
16087;15244;36360;842;2,378531073
16088;16223;39610;1431;2,425423729
16089;15789;36474;770;2,305389222
16090;14331;38336;1513;2,659050967
16091;34765;98221;2554;3,905198777
16092;19061;48913;1193;2,560085837
16093;18380;49127;1025;2,655440415
16096;21642;63874;1649;2,987318841
16097;16448;38718;1494;2,356466877
16098;25734;62568;1371;2,422261484
16099;20376;52287;1682;2,556231003
16100;19666;53888;980;2,729805014
16101;21493;54299;1157;2,531728665
16102;34765;98221;2449;2,954161641
16103;34765;98221;1935;3,052050473
16104;20395;56037;2001;2,756198347
16105;30784;90991;1272;2,944444444
16106;25773;54555;2121;2,297941495
16107;21883;73156;2672;3,361006289
16108;26921;82008;2138;3,045584046
16109;13099;37832;2401;2,892771084
16110;17936;51322;2615;2,883131202
16111;20994;64816;1639;3,104166667
16112;17488;54715;1443;3,192477876
16113;34765;98221;2058;2,902679831
16114;24154;64137;3099;2,754666667
16115;25715;67544;1674;2,632075472
16116;20154;51197;1849;2,546831956
16117;19386;57804;2677;2,987723214
16118;18928;57757;2536;3,085158151
16119;24196;63300;2754;2,622857143
16120;18186;47948;1908;2,661087866
16121;28958;76885;1663;2,695299838
16122;25073;74318;1966;2,978787879
16123;34765;98221;2383;3,504411765
16124;26121;74875;2887;2,841535433
16125;23747;71338;2250;3,036437247
16126;22667;71542;1837;3,145547945
16127;19139;54173;1497;2,856870229
16128;23768;70149;2153;2,965564738
16129;22928;65157;2690;2,822665268
16130;21065;57187;2823;2,722275796
16131;26410;82457;2937;3,114528102
16132;23829;69719;2115;2,917241379
16133;25434;69237;1503;2,793680297
16134;34765;98221;2506;3,136420526
17002;10493;30389;1335;2,914847162
17003;10805;30241;1379;2,774647887
17004;8615;24169;2498;2,784838350
17006;9741;27854;1687;2,854483926
17007;9385;27251;1006;2,899135447
17008;9488;27963;1594;2,979439252
17009;9734;30341;1091;3,153179191
17010;10539;29651;1284;2,809628009
17011;9553;28863;1435;3,002092050
17012;9951;29592;1747;2,986324786
17013;10777;28506;950;2,668539326
17014;9369;28106;1253;2,990453461
17015;9682;27782;1490;2,865384615
17016;9615;25575;943;2,626740947
17017;11593;32656;1243;2,883990719
17018;9496;26571;1207;2,800464037
17019;10391;27421;1013;2,715817694
17020;10831;32421;939;3,109271523
17021;8008;25630;1202;3,395480226
17022;8852;24872;1145;2,799511002
17023;12561;33858;1999;2,705006766
17024;10126;28345;1932;2,841176471
17025;9483;28787;951;3,048076923
17026;10048;27994;1371;2,786585366
17027;13186;36186;1952;2,772727273
17028;11128;31662;1279;2,823399558
17029;14620;33152;1679;2,284353741
17031;8301;26582;1160;3,178082192
17032;7851;25453;2152;3,236090226
17033;7313;24600;1602;3,358490566
17035;7318;23746;1303;3,154963680
17036;8154;24980;1032;3,035294118
17037;7059;24036;1330;3,410256410
17038;8182;28104;1574;3,421739130
17039;8310;26477;1906;3,150413223
17041;7276;24717;1289;3,437333333
17042;6901;24467;1742;3,540650407
17043;7875;27029;2180;3,416927900
17045;13850;40539;1965;2,915430267
17046;9627;28675;1848;2,980645161
17047;9328;26937;1681;2,888316151
17048;13117;36226;1847;2,798484848
17049;8435;25799;1176;3,038759690
17050;10717;27112;1388;2,509945750
17051;8910;26685;1175;2,952261307
17052;10550;28125;1142;2,668224299
17053;11048;29989;1023;2,699208443
17054;9664;27900;1310;2,917594655
17055;12188;33082;1690;2,721417069
17057;9863;27900;1607;2,824253076
17058;10355;30149;1480;2,954091816
17059;10758;30804;1502;2,839319471
17060;11375;30757;1019;2,953623188
17061;8081;26047;1424;3,273563218
17062;9314;27490;1609;2,946886447
17063;9191;26254;1109;2,843589744
17064;10144;28976;1565;2,840290381
17065;9840;29238;1267;2,974178404
17066;8288;26368;1321;3,175480769
17068;11316;29614;2019;2,598455598
17069;10030;29811;1622;2,970695971
17070;16297;41020;1259;2,518000000
17071;12542;34078;1942;2,750708215
17072;8413;25038;1284;2,951724138
17073;11239;26807;945;2,392405063
17074;12699;34980;914;2,761329305
17075;13578;36507;1529;2,687170475
17076;13869;34388;1208;2,470347648
17078;13868;32290;1270;2,321755027
17079;12333;26517;826;2,145454545
17080;15489;39994;2514;2,578461538
17082;11912;30177;1565;2,532362460
17083;10184;27182;1461;2,695571956
17084;10488;26822;1079;2,538823529
17085;14374;36531;774;2,554455446
17086;14977;36543;776;2,455696203
17087;12746;32717;1605;2,559808612
17089;11390;28873;1162;2,531590414
17090;11459;30857;1133;2,691211401
17091;11505;30688;1135;2,658079625
17092;16193;42771;836;2,637223975
17093;15094;38671;701;2,567765568
17094;12112;32470;834;2,681672026
17095;12852;31218;862;2,428169014
17096;16212;43567;1223;2,760722348
17097;16987;44395;1483;2,634103020
17098;7143;23635;1190;3,278236915
17099;15739;47156;780;3,046875000
17100;9356;27506;1158;2,939086294
17101;11500;29758;2010;2,613784135
17102;18796;46968;1111;2,502252252
17103;14974;39936;2144;2,669987547
17104;13887;38516;1936;2,769670959
17105;14872;42680;1551;2,872222222
17106;10889;31439;3197;2,893212670
17107;13882;39946;2585;2,917607223
17108;16622;44107;1551;2,660377358
17109;11918;31569;1200;2,654867257
17110;15426;43859;2183;2,846153846
17111;10023;31218;2625;3,151260504
17112;17130;49544;2044;2,895184136
17113;18412;47069;2688;2,574712644
17114;14868;41824;1709;2,834162521
17115;17006;46362;2230;2,739557740
17116;14409;39180;1222;2,746067416
17117;12742;33859;2480;2,707423581
17118;14956;39527;2461;2,646236559
18002;12174;33652;1407;2,753424658
18003;11649;29731;883;2,552023121
18004;11640;31313;1199;2,706546275
18005;10402;28539;1222;2,752252252
18006;11071;32261;1298;2,890868597
18007;12117;30755;974;2,556430446
18008;11657;30297;1203;2,649779736
18009;11477;30184;1543;2,651202749
18010;9277;26528;1061;2,836898396
18011;11477;30439;1245;2,660256410
18012;11636;28838;1498;2,492512479
18013;10929;29184;1224;2,672489083
18014;11753;31313;1456;2,652094718
18015;10970;29254;1202;2,882494005
18016;9912;26372;1332;2,658682635
18017;11160;27503;1134;2,470588235
18018;12164;31000;1888;2,558265583
18019;12242;31417;1699;2,566465257
18020;14759;37775;1450;2,557319224
18021;14022;34627;1022;2,468599034
18022;9685;25082;1425;2,567567568
18023;12704;30322;1220;2,396856582
18024;12781;31936;986;2,489898990
18025;16325;43518;1723;2,679626750
18026;10533;30879;1540;2,916666667
18027;12363;36851;1873;3,016103060
18028;17094;42513;1946;2,501285347
18029;17492;43976;1086;2,537383178
18030;16062;38787;786;2,418461538
18031;15851;39927;1077;2,528169014
18032;16615;40591;1357;2,467272727
18033;15701;38737;1280;2,456813820
18034;16638;38969;1242;2,330206379
18035;16434;41041;916;2,489130435
18036;16620;44136;1274;2,654166667
18037;11921;31091;1093;2,602380952
18038;9747;27828;989;2,809659091
18039;18806;50097;1263;2,664556962
18040;20308;56255;2326;2,752662722
18041;16287;42626;1261;2,616182573
18042;11602;30561;1842;2,627674750
18043;12372;33682;2030;2,713903743
18044;18662;50717;1283;2,723991507
18045;4996;15640;3192;3,421221865
18046;9949;26723;2059;2,812841530
18047;13318;32845;1351;2,633528265
18048;19490;53031;1284;2,714587738
18049;18034;53682;1537;2,978682171
18050;14854;39250;2611;2,694530444
18051;20244;43018;1483;2,127690100
18052;11460;31006;2074;2,704041721
18053;15070;38523;2364;2,572361262
18054;16959;42691;3094;2,565505804
18055;15413;39972;1910;2,623626374
18056;13905;34579;2017;2,471813725
18057;17015;36062;2811;2,111945905
18058;15870;47512;3412;3,032888889
18059;12285;33236;2590;2,720588235
18060;17204;44271;1803;2,590517241
18061;18863;44436;1587;2,386466165
18062;15673;32826;1930;2,104689204
18063;16052;41768;1527;2,601362862
18064;13813;36159;2493;2,605015674
18065;10829;29533;3137;2,910018553
18066;18160;47768;2212;2,649101796
18067;16192;43585;1771;2,720430108
18068;18023;39314;1331;2,207296849
18069;18524;49339;1742;2,659541985
18070;17052;44553;1474;2,608849558
18071;18531;39388;1886;2,135900340
18072;18488;38915;1435;2,094890511
18073;14080;37184;1626;2,669950739
19001;6948;23014;2771;3,689747004
19002;16121;44661;2884;2,765100671
19003;12155;32449;921;2,661849711
19004;11021;29015;937;2,632022472
19005;12150;31116;1666;2,574961360
19006;13557;34034;1237;2,529652352
19007;12802;33050;1212;2,623376623
19008;10507;28012;1390;2,678227360
19009;11530;29476;1451;2,581850534
19011;11688;28969;1281;2,477756286
19012;12886;31691;1051;2,467136150
19014;10698;28585;1526;2,672504378
19015;11908;27880;984;2,315294118
19016;10579;27804;948;2,626038781
19018;11511;27682;1183;2,380281690
19019;11750;27880;969;2,357664234
19020;11889;28639;1049;2,400457666
19021;12357;28964;1270;2,343173432
19022;10614;25795;1077;2,425675676
19023;10951;27973;1132;2,578587699
19024;10477;25827;829;2,452662722
19025;11275;27582;1057;2,469626168
19026;11097;27193;927;2,433070866
19027;10159;27390;1031;2,677922078
19028;10002;27382;1494;2,751381215
19029;9933;26237;943;2,604972376
19032;13109;36285;2299;2,779927449
19033;18581;50943;2129;2,846256684
19034;17080;46585;1706;2,805921053
19035;17756;46316;1588;2,723842196
19036;18037;46864;2069;2,632315522
19037;18791;49945;2073;2,851444292
19038;11328;33800;1868;3,017770598
19039;12349;36303;1660;3,085501859
19040;19088;52445;2249;2,752753978
19041;16761;44089;1512;2,638743455
19042;16754;46135;2404;2,753722795
19043;17864;47277;1316;2,680244399
19044;12894;39883;1915;3,139344262
19045;17333;49209;1680;2,842639594
19046;15557;47607;1882;3,075163399
19047;16058;44779;2497;2,802469136
19048;17324;50939;1585;2,951582868
19049;17107;45173;2017;2,636601307
19050;20544;54483;1147;2,686182670
19051;16649;48199;1934;2,890881913
19052;17913;41816;2960;2,339920949
19053;16340;47829;2947;2,932338308
19054;20713;53976;2609;2,606393606
19055;19987;45928;2077;2,302660754
19056;18117;44776;2461;2,470883534
20001;14586;35134;2048;2,412249706
20002;22815;61686;1641;2,786078098
20003;12504;30545;1073;2,449771689
20006;12062;33152;954;2,741379310
20007;10958;29350;1683;2,671428571
20008;11536;31415;1332;2,718367347
20009;14033;34327;799;2,443425076
20010;13358;33220;1058;3,904059041
20011;13642;33856;679;2,469090909
20012;9509;24780;1476;2,621669627
20013;9907;24296;935;2,428571429
20015;9897;23507;1765;2,369127517
20016;10094;22991;789;2,273775216
20017;10729;27532;1108;2,582750583
20018;10098;24738;1069;2,463133641
20020;9571;23701;1758;2,451882845
20021;9839;26161;942;2,676136364
20022;9994;27060;1205;2,677777778
20023;9748;25816;1731;2,638719512
20025;9926;26624;1158;2,705607477
20026;13522;34211;1351;2,525233645
20027;14274;35157;1039;2,473809524
20028;13548;31537;699;2,330000000
20029;12062;31150;1430;2,576576577
20031;9819;27518;1334;2,773388773
20032;9192;24409;1131;2,745145631
20033;9211;23516;1109;2,561200924
20034;9367;24919;1120;2,641509434
20035;9103;24568;1158;2,705607477
20036;8987;23993;1144;2,660465116
20037;14083;34305;766;2,431746032
20038;13624;35479;643;2,603238866
20039;13832;33374;721;2,395348837
20040;14765;35615;889;2,422343324
20041;13847;34342;870;2,478632479
20042;10858;29125;689;2,670542636
20043;12969;32502;814;2,512345679
20044;10768;30369;1175;2,872860636
20046;9975;25247;968;2,501291990
20047;10265;26298;1512;2,549747049
20048;9546;24684;1003;2,585051546
20049;11080;29153;980;2,599469496
20050;10488;26769;982;2,544041451
20051;10417;26279;1009;2,522500000
20053;9841;26934;2184;2,740276035
20055;19391;59199;2047;3,469491525
20056;12818;33300;1277;2,606122449
20058;11452;29961;1026;2,617346939
20059;11759;30955;742;2,612676056
20062;16965;41799;1401;2,457894737
20063;17139;43146;1162;2,509719222
20064;17179;42238;975;2,500000000
20065;14708;39695;1850;2,700729927
20066;17101;44170;1789;2,585260116
20067;19263;54667;2262;2,870558376
20068;19703;48549;2656;2,434463795
20069;13897;36064;1080;2,589928058
20070;14937;35086;1010;2,332563510
20071;16325;41443;1748;2,537010160
20072;17914;45295;1702;2,521481481
20073;10230;27200;1030;2,627551020
20074;11739;32522;982;2,789772727
20075;10980;29880;1058;2,719794344
20076;11881;31094;1381;2,615530303
20077;15463;43953;2320;2,874845105
20078;13125;34103;1521;2,654450262
20079;10987;29610;1142;2,674473068
20080;12382;31945;1249;2,575257732
20082;13136;35974;1952;2,749295775
20083;14141;36248;896;2,589595376
20085;15768;39848;1882;2,553595658
20086;14137;34787;1585;2,457364341
20087;12314;31902;1125;2,586206897
20088;13987;34162;2090;2,467532468
20090;18300;44726;1225;2,435387674
20091;12383;29455;1409;2,364093960
20092;14244;34953;1730;2,574404762
20093;20702;56360;1357;2,724899598
20095;21129;50694;1316;2,487712665
20096;25548;64081;1067;2,510588235
20097;21042;52480;1077;2,546099291
20098;19946;44980;1003;2,259009009
20099;30604;86982;1715;2,830033003
20100;13927;36219;1643;2,612082671
20101;19083;50484;1431;2,654916512
20102;17831;44460;1903;2,510554090
20103;18215;50498;2293;2,813496933
20104;20901;60726;2432;2,916067146
20105;22709;59866;1930;2,640218878
20106;18312;47740;1477;2,628113879
20107;19025;53785;2110;2,859078591
20108;27280;70085;1719;2,573353293
20109;14670;40366;1847;2,756716418
20110;20497;56645;2036;2,777626194
20111;15668;45792;1897;2,905053599
20112;17836;48022;1643;2,684640523
20113;20628;59614;2223;2,902088773
20114;19508;58308;1894;2,982677165
20115;18053;50072;2037;2,869014085
20116;17907;49212;1993;2,752762431
20117;21266;58246;1645;2,891036907
20118;22531;65497;1927;2,924127466
20119;20807;49852;1794;2,392000000
20120;18863;47584;2915;2,523809524
20121;17445;39676;3331;2,244609164
20122;25488;70901;1747;2,790734824
20123;19388;51760;1164;2,682027650
20124;24781;61769;1375;2,509124088
20125;21651;40638;1487;1,921188630
20126;18748;53059;1502;2,802238806
20127;24302;74142;1800;3,056027165
20128;19323;55666;1262;3,048309179
21001;27731;79794;1609;2,930783242
21002;25366;68384;1446;2,677777778
21003;21571;53881;1171;2,480932203
21004;23798;61171;1142;2,643518519
21005;27576;81817;2346;2,992346939
21006;22411;63282;1265;2,817371938
21007;20715;54665;1947;2,627530364
21008;18676;44305;652;2,353790614
21009;19052;43022;626;2,268115942
21010;21043;53327;1296;2,531250000
21011;21261;55166;1705;2,615030675
21012;20170;53048;917;2,612535613
21013;20736;51337;1235;2,474949900
21014;22220;55984;2328;2,519480519
21015;11509;30541;1902;2,709401709
21017;14454;32902;1426;2,274322169
21018;14904;34522;1483;2,295665635
21019;15104;33937;1453;2,245749614
21020;16437;37547;1744;2,264935065
21021;14858;38350;1278;2,571428571
21022;15477;39976;1666;2,599063963
21023;14146;34405;1089;2,447191011
21025;23883;72427;1534;3,080321285
21026;19436;46781;1555;2,418351477
21027;26208;72023;2577;2,750266809
21028;22313;70678;1890;3,181818182
21029;32685;98221;1661;3,151802657
21030;18029;48352;1555;2,704347826
21031;21786;54984;1562;2,519354839
21032;26453;69852;1854;2,690856313
21033;14174;34040;1319;2,521988528
21034;16796;49019;1413;2,949895616