CÃ³digo_es,hog_pond,pob_pond,edad_pond,pe_hog_pon,renper_pon,renhog_pon,dens_pond,por15_pon,por65_pon,por1664pon,poresp_pon,porext_pon,poractivid,poract_pon,%1mujsol_p,%1hactsolp,%1mujmay_p,%1hommay_p,%1mujmad_p,%1hompad_p,%2adusol_p,%2adusma_p,%2adumen_p,%2adu2mn_p,%2adu3mn_p,%2adu1jv_p,%2a1jv1m_p,%2a1jv2m_p,%3adul_pon,%2ad2jv_p,%2a2j1m_p,%2a2j2m_p,%4adulto_p,%5adulto_p,%15perso_p,%menas_p
"626","526","1119",37.538,2.200,19038.554,42636.215,276.132,0.217,0.089,0.677,0.926,0.058,9.060,0.503,0.111,0.117,0.118,0.035,0.013,0.001,0.148,0.130,0.043,0.030,0.003,0.039,0.009,0.001,0.075,0.029,0.003,0.001,0.026,0.037,0.000,0.000
"625","521","1151",41.175,2.375,25173.134,54512.784,220.678,0.135,0.136,0.722,0.849,0.146,5.364,0.537,0.117,0.137,0.115,0.043,0.016,0.001,0.143,0.141,0.036,0.026,0.002,0.040,0.011,0.000,0.059,0.045,0.001,0.001,0.025,0.027,0.002,0.001
"209","674","1296",42.882,2.040,23035.828,47989.932,118.736,0.075,0.174,0.749,0.653,0.345,8.370,0.559,0.161,0.199,0.082,0.044,0.007,0.002,0.175,0.090,0.027,0.015,0.001,0.032,0.005,0.000,0.065,0.013,0.000,0.000,0.030,0.039,0.000,0.001
"211","693","1269",41.953,1.895,20893.448,41126.623,123.608,0.076,0.170,0.729,0.655,0.324,15.042,0.549,0.189,0.212,0.073,0.037,0.003,0.000,0.188,0.070,0.029,0.013,0.000,0.028,0.002,0.000,0.053,0.010,0.000,0.000,0.025,0.029,0.000,0.000
"210","700","1321",41.887,1.967,21323.571,43763.229,122.227,0.077,0.170,0.730,0.653,0.324,10.578,0.545,0.172,0.207,0.074,0.040,0.005,0.001,0.185,0.074,0.025,0.013,0.001,0.028,0.003,0.000,0.055,0.014,0.000,0.000,0.029,0.034,0.000,0.000
"309","692","1331",41.654,2.018,23026.658,47115.426,160.562,0.099,0.158,0.728,0.729,0.256,11.040,0.541,0.171,0.183,0.087,0.041,0.006,0.002,0.179,0.091,0.028,0.018,0.002,0.031,0.006,0.000,0.054,0.018,0.000,0.000,0.027,0.031,0.000,0.000
"308","692","1331",41.654,2.018,23026.658,47115.426,160.562,0.099,0.158,0.728,0.729,0.256,11.040,0.541,0.171,0.183,0.087,0.041,0.006,0.002,0.179,0.091,0.028,0.018,0.002,0.031,0.006,0.000,0.054,0.018,0.000,0.000,0.027,0.031,0.000,0.000
"307","693","1309",41.980,1.972,20201.736,41459.011,116.236,0.074,0.170,0.730,0.642,0.335,12.276,0.542,0.177,0.218,0.067,0.039,0.004,0.001,0.189,0.067,0.022,0.009,0.001,0.025,0.002,0.000,0.058,0.013,0.000,0.000,0.030,0.035,0.000,0.000
"112","683","1276",42.020,1.973,20120.877,40982.808,116.358,0.073,0.171,0.731,0.641,0.337,9.486,0.546,0.184,0.219,0.061,0.037,0.006,0.002,0.186,0.067,0.025,0.010,0.000,0.025,0.003,0.000,0.059,0.013,0.000,0.000,0.029,0.037,0.001,0.000
"113","666","1263",41.418,1.951,17695.998,35849.857,114.687,0.072,0.168,0.720,0.630,0.334,16.740,0.540,0.185,0.210,0.059,0.035,0.007,0.001,0.190,0.064,0.032,0.011,0.000,0.025,0.001,0.000,0.059,0.008,0.000,0.000,0.025,0.035,0.000,0.000
"517","707","1360",41.979,1.996,18893.984,38162.806,116.235,0.072,0.171,0.731,0.641,0.336,15.066,0.546,0.177,0.202,0.067,0.036,0.013,0.000,0.190,0.071,0.031,0.014,0.000,0.029,0.001,0.000,0.059,0.011,0.000,0.000,0.027,0.032,0.000,0.000
"518","715","1488",37.739,2.087,20769.051,45627.962,163.095,0.159,0.116,0.682,0.749,0.209,13.290,0.505,0.139,0.140,0.087,0.034,0.011,0.001,0.159,0.102,0.041,0.026,0.002,0.046,0.006,0.000,0.060,0.033,0.000,0.000,0.024,0.021,0.000,0.000
"519","671","1486",35.966,2.212,21879.272,50346.948,194.425,0.210,0.088,0.660,0.827,0.139,12.252,0.491,0.119,0.114,0.093,0.029,0.014,0.000,0.134,0.127,0.044,0.033,0.003,0.054,0.008,0.000,0.070,0.047,0.000,0.000,0.033,0.026,0.000,0.000
"114","657","1215",42.364,1.953,19631.732,39088.984,117.305,0.076,0.175,0.736,0.646,0.340,16.740,0.553,0.194,0.214,0.062,0.037,0.006,0.000,0.189,0.071,0.032,0.012,0.000,0.025,0.001,0.000,0.055,0.012,0.001,0.000,0.024,0.033,0.000,0.000
"305","675","1283",40.851,1.981,16902.810,34349.950,130.861,0.102,0.156,0.717,0.673,0.302,18.732,0.533,0.178,0.202,0.075,0.035,0.006,0.000,0.178,0.073,0.035,0.012,0.000,0.030,0.001,0.000,0.057,0.008,0.000,0.000,0.029,0.035,0.000,0.000
"304","637","1284",36.805,2.012,18583.452,39401.310,174.264,0.179,0.105,0.669,0.772,0.183,15.282,0.494,0.150,0.155,0.093,0.029,0.010,0.000,0.161,0.100,0.040,0.022,0.001,0.037,0.006,0.000,0.062,0.021,0.001,0.000,0.031,0.028,0.000,0.000
"115","602","1257",38.527,2.105,23596.078,57461.388,157.411,0.162,0.139,0.655,0.788,0.167,7.956,0.487,0.132,0.140,0.091,0.041,0.013,0.002,0.141,0.113,0.038,0.025,0.009,0.037,0.006,0.005,0.067,0.025,0.004,0.000,0.027,0.033,0.000,0.000
"303","717","1522",35.660,2.213,19967.228,44080.174,225.316,0.261,0.069,0.667,0.914,0.088,13.506,0.494,0.134,0.141,0.100,0.031,0.017,0.001,0.166,0.112,0.049,0.035,0.006,0.038,0.009,0.001,0.063,0.029,0.001,0.000,0.027,0.033,0.000,0.000
"116","642","1451",38.140,2.318,22979.385,56970.108,189.660,0.217,0.120,0.646,0.898,0.089,7.071,0.481,0.118,0.122,0.091,0.035,0.015,0.004,0.147,0.116,0.049,0.037,0.009,0.041,0.009,0.005,0.073,0.032,0.003,0.001,0.030,0.037,0.000,0.000
"207","717","1329",42.192,1.964,22783.640,46176.190,116.832,0.075,0.172,0.733,0.645,0.337,8.928,0.547,0.188,0.229,0.060,0.037,0.006,0.001,0.182,0.071,0.026,0.011,0.001,0.022,0.003,0.000,0.052,0.016,0.000,0.000,0.028,0.035,0.001,0.000
"111","733","1351",41.980,1.953,20533.699,41507.293,116.237,0.072,0.170,0.729,0.644,0.333,10.602,0.544,0.184,0.236,0.059,0.034,0.007,0.001,0.188,0.063,0.022,0.010,0.000,0.025,0.004,0.000,0.053,0.013,0.000,0.000,0.029,0.037,0.001,0.000
"206","685","1356",41.359,2.204,30123.185,71118.315,132.574,0.117,0.164,0.702,0.736,0.246,5.834,0.521,0.165,0.191,0.069,0.042,0.012,0.003,0.155,0.095,0.030,0.021,0.005,0.033,0.007,0.002,0.056,0.025,0.001,0.000,0.023,0.039,0.000,0.001
"513","822","1533",42.495,1.976,26277.361,53671.258,117.665,0.075,0.172,0.738,0.651,0.338,9.486,0.551,0.191,0.224,0.062,0.035,0.011,0.000,0.182,0.071,0.025,0.014,0.002,0.029,0.004,0.001,0.048,0.019,0.001,0.000,0.025,0.029,0.000,0.000
"404","634","1293",45.136,2.183,30442.774,71060.990,104.195,0.094,0.234,0.661,0.778,0.212,8.514,0.493,0.166,0.168,0.087,0.042,0.015,0.002,0.148,0.100,0.029,0.023,0.006,0.032,0.006,0.001,0.062,0.025,0.003,0.000,0.029,0.042,0.000,0.000
"405","577","1174",42.854,2.188,33967.913,87906.464,120.229,0.121,0.187,0.685,0.800,0.192,6.672,0.509,0.157,0.158,0.091,0.050,0.016,0.004,0.138,0.111,0.024,0.025,0.006,0.031,0.009,0.001,0.069,0.026,0.003,0.000,0.029,0.040,0.000,0.001
"110","698","1301",42.038,1.919,22985.268,46186.365,110.769,0.077,0.185,0.695,0.666,0.296,14.076,0.522,0.188,0.210,0.071,0.033,0.009,0.000,0.175,0.070,0.028,0.011,0.002,0.028,0.002,0.000,0.051,0.015,0.000,0.000,0.024,0.029,0.000,0.000
"109","606","1163",43.700,1.984,24471.458,50427.779,102.074,0.090,0.223,0.647,0.746,0.216,14.004,0.483,0.175,0.178,0.084,0.032,0.010,0.000,0.159,0.089,0.035,0.022,0.002,0.030,0.003,0.000,0.059,0.019,0.000,0.000,0.024,0.026,0.000,0.000
"406","500","1063",41.362,2.273,34200.621,92821.431,131.219,0.152,0.159,0.680,0.851,0.141,9.183,0.509,0.153,0.141,0.094,0.048,0.011,0.003,0.126,0.121,0.026,0.025,0.007,0.035,0.005,0.004,0.080,0.028,0.003,0.000,0.032,0.044,0.000,0.001
"212","585","1106",43.372,1.960,24081.000,50160.681,101.733,0.086,0.220,0.644,0.740,0.216,16.578,0.481,0.164,0.166,0.089,0.034,0.005,0.000,0.156,0.095,0.034,0.023,0.001,0.032,0.002,0.000,0.063,0.021,0.001,0.000,0.021,0.027,0.000,0.000
"213","560","1106",46.677,2.067,24424.198,52346.849,92.680,0.106,0.281,0.597,0.868,0.112,16.308,0.444,0.160,0.140,0.108,0.034,0.009,0.000,0.143,0.113,0.040,0.027,0.002,0.037,0.003,0.000,0.067,0.025,0.001,0.000,0.027,0.027,0.000,0.000
"310","579","1248",42.887,2.214,25810.621,58385.697,180.109,0.128,0.184,0.677,0.861,0.126,13.458,0.504,0.139,0.130,0.117,0.037,0.009,0.000,0.136,0.123,0.035,0.026,0.005,0.038,0.003,0.000,0.076,0.024,0.001,0.000,0.032,0.036,0.000,0.000
"521","628","1445",38.888,2.373,17099.170,40970.034,350.832,0.172,0.117,0.700,0.754,0.231,10.118,0.523,0.093,0.092,0.105,0.031,0.013,0.001,0.133,0.142,0.047,0.035,0.006,0.057,0.015,0.003,0.080,0.040,0.001,0.001,0.033,0.040,0.000,0.000
"520","673","1603",35.745,2.448,24851.308,60643.145,236.806,0.257,0.070,0.671,0.903,0.096,9.544,0.499,0.085,0.079,0.100,0.035,0.013,0.000,0.117,0.160,0.053,0.047,0.006,0.066,0.013,0.002,0.082,0.063,0.002,0.000,0.032,0.027,0.000,0.000
"302","715","1532",34.786,2.177,19693.395,43822.357,222.385,0.257,0.067,0.657,0.901,0.080,14.442,0.483,0.130,0.133,0.100,0.030,0.012,0.001,0.162,0.109,0.044,0.039,0.002,0.040,0.006,0.000,0.061,0.028,0.002,0.000,0.027,0.030,0.000,0.000
"301","674","1553",34.834,2.350,19061.059,46358.778,204.500,0.244,0.067,0.662,0.877,0.097,9.654,0.492,0.125,0.116,0.068,0.025,0.016,0.002,0.169,0.088,0.056,0.054,0.004,0.055,0.015,0.002,0.060,0.042,0.001,0.000,0.024,0.034,0.000,0.000
"608","721","1752",34.538,2.458,24047.566,60393.501,220.797,0.256,0.066,0.652,0.891,0.083,5.976,0.484,0.101,0.110,0.057,0.021,0.024,0.005,0.154,0.078,0.073,0.092,0.014,0.053,0.026,0.004,0.056,0.058,0.002,0.000,0.019,0.021,0.000,0.001
"118","669","1528",39.351,2.353,22157.638,52342.066,182.723,0.220,0.142,0.634,0.927,0.065,11.802,0.470,0.106,0.095,0.101,0.030,0.016,0.002,0.149,0.132,0.056,0.048,0.007,0.059,0.013,0.002,0.070,0.046,0.002,0.000,0.026,0.025,0.000,0.000
"609","798","1939",35.687,2.550,22053.754,56110.778,221.865,0.251,0.076,0.661,0.898,0.090,3.984,0.493,0.104,0.108,0.042,0.011,0.031,0.009,0.178,0.077,0.096,0.078,0.020,0.044,0.022,0.011,0.051,0.051,0.004,0.001,0.019,0.025,0.000,0.001
"117","612","1398",38.376,2.288,21810.493,51191.552,182.061,0.218,0.135,0.623,0.913,0.061,11.802,0.464,0.106,0.094,0.104,0.035,0.011,0.002,0.146,0.131,0.049,0.042,0.006,0.053,0.009,0.003,0.070,0.042,0.002,0.000,0.029,0.032,0.000,0.000
"351","722","1829",37.735,2.672,14852.962,39145.909,89.532,0.167,0.080,0.745,0.773,0.222,9.362,0.556,0.087,0.102,0.080,0.022,0.023,0.004,0.134,0.094,0.067,0.061,0.009,0.053,0.022,0.004,0.066,0.043,0.007,0.002,0.039,0.062,0.000,0.000
"611","632","1538",38.659,2.410,24117.005,61292.530,172.351,0.203,0.146,0.607,0.892,0.066,9.030,0.453,0.078,0.071,0.111,0.028,0.016,0.003,0.100,0.163,0.046,0.043,0.012,0.055,0.010,0.002,0.085,0.041,0.004,0.000,0.040,0.036,0.000,0.000
"119","665","1538",39.338,2.396,15791.911,37893.784,220.816,0.174,0.134,0.676,0.799,0.182,11.334,0.504,0.118,0.128,0.075,0.025,0.018,0.001,0.163,0.090,0.051,0.037,0.005,0.049,0.017,0.004,0.069,0.027,0.005,0.000,0.038,0.051,0.000,0.000
"612","514","1315",39.439,2.555,26951.463,69749.616,173.081,0.207,0.151,0.618,0.920,0.057,9.891,0.458,0.067,0.061,0.121,0.040,0.011,0.001,0.076,0.178,0.037,0.053,0.014,0.050,0.013,0.003,0.095,0.047,0.002,0.001,0.041,0.050,0.000,0.000
"915","482","1206",44.291,2.537,21626.888,55809.579,331.651,0.124,0.190,0.671,0.951,0.038,10.471,0.499,0.058,0.051,0.128,0.028,0.011,0.001,0.083,0.217,0.035,0.042,0.008,0.058,0.013,0.004,0.102,0.046,0.005,0.002,0.041,0.044,0.000,0.000
"613","506","1190",39.893,2.377,24847.044,61174.766,145.201,0.172,0.146,0.656,0.868,0.108,12.096,0.489,0.109,0.091,0.112,0.037,0.015,0.001,0.125,0.137,0.039,0.046,0.010,0.042,0.008,0.003,0.078,0.037,0.003,0.000,0.037,0.039,0.000,0.000
"913","579","1332",39.751,2.334,25176.148,60667.681,170.269,0.205,0.152,0.627,0.919,0.064,11.524,0.467,0.096,0.091,0.123,0.042,0.012,0.001,0.115,0.145,0.040,0.040,0.008,0.049,0.006,0.002,0.089,0.032,0.003,0.001,0.038,0.040,0.000,0.000
"204","528","1171",39.936,2.263,29495.807,72704.746,145.133,0.174,0.147,0.657,0.868,0.109,13.597,0.491,0.129,0.108,0.108,0.041,0.008,0.001,0.122,0.132,0.037,0.028,0.007,0.041,0.005,0.002,0.082,0.025,0.002,0.000,0.036,0.041,0.000,0.000
"203","512","1097",39.518,2.174,27278.332,63536.475,134.410,0.158,0.143,0.662,0.840,0.123,15.789,0.492,0.139,0.105,0.109,0.038,0.009,0.000,0.125,0.131,0.036,0.032,0.005,0.041,0.004,0.001,0.073,0.032,0.001,0.000,0.035,0.037,0.000,0.000
"205","557","1288",40.773,2.420,30239.177,80686.566,156.892,0.187,0.152,0.662,0.906,0.095,5.062,0.494,0.110,0.115,0.111,0.044,0.012,0.004,0.119,0.140,0.034,0.031,0.012,0.044,0.007,0.005,0.092,0.031,0.004,0.001,0.037,0.045,0.000,0.001
"407","528","1158",40.665,2.298,32706.095,84663.593,135.888,0.159,0.147,0.682,0.859,0.131,11.286,0.508,0.150,0.127,0.096,0.045,0.011,0.002,0.124,0.125,0.029,0.021,0.008,0.035,0.005,0.002,0.076,0.026,0.003,0.000,0.033,0.046,0.000,0.000
"510","545","1256",40.105,2.437,32266.744,85821.988,133.081,0.156,0.146,0.673,0.846,0.130,9.785,0.503,0.141,0.124,0.098,0.039,0.010,0.001,0.105,0.121,0.023,0.024,0.011,0.039,0.006,0.005,0.086,0.025,0.003,0.000,0.040,0.056,0.001,0.000
"409","552","1186",39.527,2.172,25411.527,58580.294,131.173,0.154,0.145,0.668,0.837,0.125,16.480,0.494,0.149,0.107,0.110,0.040,0.010,0.000,0.133,0.125,0.033,0.026,0.008,0.035,0.003,0.000,0.076,0.026,0.001,0.000,0.029,0.039,0.000,0.000
"202","560","1198",39.078,2.151,22889.277,51990.494,129.673,0.152,0.143,0.657,0.825,0.126,15.450,0.489,0.134,0.101,0.112,0.037,0.010,0.000,0.133,0.121,0.042,0.033,0.006,0.040,0.004,0.000,0.072,0.027,0.000,0.000,0.029,0.033,0.000,0.000
"201","585","1304",40.991,2.264,21091.127,48339.938,156.941,0.149,0.169,0.652,0.857,0.115,8.982,0.487,0.118,0.098,0.115,0.039,0.013,0.000,0.130,0.128,0.045,0.036,0.006,0.049,0.010,0.000,0.074,0.035,0.000,0.000,0.031,0.034,0.000,0.000
"507","551","1215",44.196,2.240,17168.248,39566.455,234.596,0.126,0.249,0.594,0.903,0.065,11.291,0.442,0.105,0.095,0.120,0.035,0.012,0.000,0.136,0.134,0.046,0.030,0.000,0.048,0.011,0.000,0.068,0.032,0.002,0.000,0.035,0.040,0.000,0.000
"410","630","1296",40.142,2.148,24868.844,56184.794,138.988,0.155,0.147,0.672,0.848,0.127,14.889,0.500,0.154,0.124,0.110,0.034,0.008,0.000,0.144,0.118,0.031,0.025,0.005,0.033,0.003,0.000,0.074,0.029,0.000,0.000,0.028,0.033,0.000,0.000
"708","505","1180",41.476,2.486,24660.411,62716.030,161.702,0.153,0.168,0.668,0.870,0.118,10.064,0.496,0.081,0.072,0.124,0.032,0.012,0.001,0.105,0.163,0.041,0.049,0.013,0.045,0.009,0.004,0.090,0.043,0.004,0.000,0.038,0.045,0.000,0.000
"709","738","1511",41.701,2.121,22219.993,48077.278,236.450,0.150,0.179,0.651,0.888,0.096,11.293,0.485,0.150,0.125,0.115,0.035,0.014,0.001,0.154,0.114,0.043,0.034,0.005,0.032,0.005,0.002,0.068,0.026,0.002,0.000,0.027,0.026,0.000,0.000
"411","567","1195",39.750,2.178,24317.197,57808.381,218.815,0.145,0.167,0.625,0.847,0.093,10.962,0.465,0.141,0.117,0.103,0.031,0.011,0.001,0.128,0.114,0.031,0.026,0.005,0.032,0.003,0.002,0.077,0.026,0.001,0.000,0.030,0.043,0.001,0.000
"511","464","1101",44.825,2.449,32721.368,87382.258,102.170,0.118,0.245,0.608,0.857,0.117,7.525,0.453,0.119,0.119,0.096,0.042,0.014,0.001,0.119,0.129,0.029,0.028,0.009,0.042,0.008,0.004,0.077,0.028,0.003,0.001,0.042,0.059,0.001,0.000
"711","504","1259",44.943,2.593,33003.609,88956.185,169.730,0.124,0.245,0.613,0.886,0.097,6.918,0.457,0.117,0.114,0.095,0.036,0.012,0.001,0.110,0.125,0.031,0.027,0.017,0.036,0.006,0.007,0.076,0.031,0.003,0.002,0.041,0.080,0.001,0.000
"909","550","1257",43.643,2.431,27786.836,67663.595,358.355,0.151,0.220,0.627,0.941,0.054,11.256,0.465,0.128,0.113,0.107,0.033,0.013,0.002,0.121,0.131,0.042,0.039,0.013,0.040,0.006,0.003,0.080,0.025,0.005,0.001,0.036,0.050,0.000,0.000
"617","516","1466",43.646,2.950,32863.592,91994.056,358.355,0.149,0.220,0.626,0.941,0.054,3.752,0.466,0.094,0.104,0.082,0.035,0.010,0.004,0.088,0.132,0.032,0.036,0.025,0.039,0.009,0.010,0.087,0.032,0.007,0.004,0.048,0.108,0.004,0.002
"618","692","1595",44.279,2.474,32659.785,81114.882,293.189,0.124,0.215,0.652,0.862,0.132,5.383,0.485,0.132,0.114,0.101,0.036,0.013,0.004,0.108,0.133,0.035,0.036,0.016,0.036,0.009,0.007,0.075,0.026,0.004,0.002,0.038,0.062,0.001,0.000
"1006","676","1555",42.644,2.452,32464.589,80102.141,368.499,0.127,0.186,0.671,0.841,0.144,7.635,0.499,0.123,0.113,0.100,0.034,0.010,0.003,0.103,0.128,0.033,0.036,0.016,0.038,0.006,0.005,0.085,0.039,0.002,0.001,0.038,0.052,0.000,0.000
"908","608","1561",42.680,2.627,29077.336,77727.701,350.432,0.147,0.215,0.613,0.921,0.052,7.035,0.457,0.087,0.076,0.101,0.032,0.014,0.004,0.092,0.152,0.043,0.044,0.018,0.041,0.013,0.009,0.096,0.036,0.007,0.001,0.042,0.058,0.001,0.001
"412","672","1404",43.428,2.179,23067.408,51340.413,356.554,0.149,0.219,0.624,0.934,0.056,13.132,0.466,0.136,0.113,0.123,0.034,0.016,0.001,0.141,0.132,0.042,0.036,0.004,0.038,0.006,0.000,0.070,0.027,0.002,0.000,0.030,0.029,0.000,0.000
"413","669","1575",42.769,2.403,26220.090,65969.466,351.151,0.145,0.217,0.615,0.921,0.054,8.442,0.456,0.093,0.090,0.106,0.034,0.016,0.004,0.112,0.144,0.043,0.047,0.011,0.049,0.010,0.007,0.083,0.037,0.003,0.001,0.036,0.038,0.000,0.000
"414","637","1592",45.158,2.555,28034.215,71777.369,300.814,0.130,0.255,0.602,0.937,0.053,6.306,0.449,0.079,0.083,0.103,0.031,0.019,0.006,0.109,0.147,0.051,0.051,0.016,0.051,0.014,0.007,0.083,0.045,0.008,0.001,0.036,0.047,0.000,0.000
"802","665","1564",42.593,2.381,27606.789,68668.118,349.711,0.147,0.214,0.613,0.920,0.051,8.911,0.454,0.105,0.087,0.114,0.034,0.015,0.005,0.103,0.139,0.046,0.052,0.016,0.035,0.011,0.006,0.080,0.034,0.004,0.000,0.031,0.043,0.000,0.000
"1005","634","1497",42.767,2.454,33453.033,86913.190,368.448,0.131,0.189,0.670,0.849,0.138,8.723,0.497,0.102,0.104,0.111,0.042,0.010,0.002,0.095,0.148,0.039,0.040,0.017,0.043,0.011,0.008,0.084,0.040,0.003,0.000,0.033,0.053,0.000,0.000
"101","684","1547",41.553,2.244,25274.078,60872.442,359.442,0.125,0.179,0.653,0.819,0.141,8.179,0.489,0.135,0.123,0.101,0.043,0.012,0.003,0.124,0.108,0.031,0.027,0.011,0.036,0.006,0.007,0.069,0.027,0.004,0.000,0.033,0.054,0.001,0.000
"906","650","1810",42.593,2.860,31722.762,87687.915,349.712,0.148,0.215,0.612,0.919,0.052,4.690,0.454,0.092,0.085,0.075,0.034,0.017,0.005,0.076,0.121,0.038,0.058,0.035,0.036,0.015,0.014,0.091,0.035,0.007,0.002,0.043,0.085,0.000,0.000
"905","691","1943",43.208,2.887,32828.235,90601.358,354.753,0.149,0.217,0.620,0.931,0.054,3.752,0.461,0.096,0.088,0.077,0.034,0.015,0.008,0.089,0.122,0.040,0.051,0.040,0.040,0.011,0.014,0.083,0.045,0.009,0.000,0.039,0.077,0.003,0.000
"152","623","1551",44.636,2.581,27703.167,72024.397,335.342,0.144,0.236,0.620,0.944,0.056,4.143,0.462,0.105,0.097,0.080,0.030,0.012,0.004,0.119,0.136,0.043,0.044,0.027,0.061,0.010,0.007,0.084,0.050,0.007,0.001,0.030,0.044,0.001,0.001
"151","621","1489",43.313,2.438,26850.388,66062.864,356.497,0.147,0.216,0.622,0.929,0.059,4.840,0.466,0.116,0.106,0.088,0.033,0.012,0.005,0.132,0.123,0.043,0.045,0.024,0.046,0.009,0.005,0.078,0.040,0.005,0.000,0.032,0.040,0.001,0.000
"1002","602","1392",38.194,2.416,24307.566,59678.554,158.092,0.226,0.119,0.656,0.884,0.115,4.928,0.490,0.094,0.093,0.089,0.033,0.012,0.003,0.123,0.174,0.046,0.038,0.016,0.060,0.012,0.004,0.089,0.036,0.004,0.001,0.032,0.038,0.000,0.000
"620","665","1558",44.416,2.448,27282.107,66035.590,182.904,0.129,0.212,0.657,0.892,0.105,7.452,0.490,0.101,0.113,0.121,0.036,0.014,0.002,0.115,0.140,0.035,0.043,0.012,0.046,0.008,0.002,0.078,0.034,0.005,0.000,0.030,0.042,0.003,0.000
"105","620","1371",41.515,2.224,16408.578,37818.231,355.261,0.108,0.157,0.696,0.749,0.215,16.132,0.523,0.141,0.137,0.100,0.031,0.013,0.000,0.146,0.091,0.040,0.027,0.001,0.038,0.008,0.000,0.062,0.022,0.001,0.000,0.035,0.057,0.000,0.000
"106","610","1325",43.021,2.166,19777.259,44926.339,231.063,0.108,0.206,0.638,0.789,0.164,12.744,0.477,0.137,0.127,0.107,0.036,0.012,0.000,0.133,0.105,0.038,0.030,0.005,0.035,0.009,0.000,0.064,0.022,0.001,0.000,0.033,0.047,0.000,0.000
"104","636","1431",41.800,2.335,16792.503,40057.935,379.174,0.109,0.154,0.715,0.750,0.228,15.232,0.532,0.127,0.123,0.102,0.030,0.015,0.001,0.145,0.104,0.042,0.027,0.000,0.043,0.008,0.000,0.069,0.025,0.001,0.000,0.035,0.057,0.000,0.000
"716","549","1269",40.504,2.372,20344.138,47511.294,308.286,0.135,0.135,0.703,0.836,0.137,10.246,0.524,0.096,0.101,0.115,0.038,0.018,0.002,0.120,0.143,0.041,0.039,0.006,0.054,0.009,0.001,0.078,0.033,0.003,0.000,0.028,0.035,0.002,0.000
"103","684","1468",41.927,2.222,19049.851,43378.328,380.339,0.109,0.155,0.717,0.753,0.228,13.056,0.534,0.149,0.138,0.095,0.033,0.012,0.000,0.155,0.104,0.039,0.024,0.001,0.035,0.006,0.001,0.067,0.021,0.001,0.000,0.030,0.046,0.000,0.000
"102","667","1384",42.055,2.152,19567.683,43149.394,381.502,0.110,0.154,0.720,0.757,0.227,11.968,0.537,0.150,0.136,0.099,0.042,0.014,0.002,0.149,0.106,0.036,0.023,0.001,0.036,0.007,0.002,0.063,0.021,0.001,0.000,0.031,0.044,0.000,0.000
"903","698","1669",42.229,2.438,14193.576,34119.628,383.051,0.110,0.157,0.722,0.758,0.230,9.792,0.536,0.118,0.124,0.083,0.032,0.018,0.002,0.149,0.102,0.040,0.028,0.006,0.051,0.010,0.004,0.078,0.029,0.006,0.003,0.039,0.052,0.002,0.000
"902","497","1174",35.518,2.403,20409.543,48787.030,68.465,0.258,0.062,0.682,0.835,0.166,14.710,0.513,0.070,0.065,0.129,0.039,0.008,0.002,0.100,0.217,0.043,0.036,0.006,0.053,0.010,0.001,0.099,0.033,0.001,0.000,0.039,0.029,0.001,0.000
"718","648","1527",37.184,2.367,19570.656,47482.645,158.740,0.202,0.091,0.684,0.870,0.105,9.436,0.508,0.081,0.082,0.101,0.037,0.020,0.003,0.116,0.156,0.061,0.058,0.008,0.057,0.013,0.003,0.077,0.040,0.002,0.000,0.027,0.026,0.000,0.000
"717","627","1446",40.369,2.406,18451.877,44881.354,262.052,0.155,0.124,0.709,0.917,0.072,9.088,0.529,0.083,0.088,0.112,0.030,0.017,0.003,0.128,0.133,0.058,0.057,0.010,0.059,0.017,0.001,0.076,0.041,0.001,0.000,0.027,0.031,0.000,0.000
"311","516","1252",42.037,2.515,25174.343,58395.799,199.706,0.138,0.175,0.662,0.893,0.082,9.672,0.492,0.110,0.108,0.117,0.039,0.011,0.000,0.112,0.161,0.033,0.028,0.004,0.045,0.008,0.001,0.075,0.042,0.002,0.000,0.030,0.035,0.005,0.000
"714","517","1200",46.695,2.450,28013.525,68060.890,112.039,0.114,0.267,0.615,0.890,0.105,12.234,0.461,0.110,0.101,0.124,0.039,0.008,0.001,0.104,0.158,0.034,0.037,0.010,0.044,0.004,0.003,0.084,0.039,0.002,0.000,0.032,0.046,0.002,0.000
"214","632","1279",45.542,2.041,23502.141,50797.292,90.026,0.103,0.273,0.576,0.849,0.106,11.250,0.430,0.148,0.130,0.113,0.033,0.009,0.001,0.137,0.112,0.036,0.030,0.004,0.039,0.005,0.000,0.064,0.023,0.002,0.000,0.027,0.028,0.000,0.000
"712","564","1158",46.015,2.107,25406.569,56686.450,90.970,0.102,0.272,0.581,0.860,0.105,13.500,0.434,0.159,0.132,0.109,0.033,0.011,0.000,0.136,0.107,0.038,0.030,0.004,0.036,0.004,0.000,0.062,0.023,0.001,0.000,0.027,0.029,0.000,0.000
"107","617","1264",46.640,2.127,25230.159,55317.322,92.197,0.107,0.278,0.590,0.869,0.109,11.250,0.440,0.146,0.127,0.117,0.035,0.009,0.001,0.133,0.121,0.038,0.032,0.005,0.039,0.006,0.000,0.069,0.026,0.002,0.000,0.026,0.031,0.000,0.000
"108","523","1103",46.305,2.166,26334.469,60140.997,91.532,0.105,0.275,0.587,0.865,0.106,13.500,0.441,0.155,0.135,0.102,0.036,0.012,0.001,0.133,0.112,0.035,0.029,0.006,0.036,0.003,0.001,0.064,0.023,0.000,0.000,0.031,0.030,0.001,0.000
"621","485","1340",42.365,2.971,28590.078,71449.183,221.721,0.147,0.162,0.690,0.921,0.078,3.486,0.513,0.091,0.104,0.111,0.037,0.012,0.001,0.079,0.194,0.033,0.031,0.004,0.060,0.010,0.004,0.081,0.043,0.009,0.000,0.019,0.056,0.014,0.000
"720","520","1232",33.305,2.324,17392.185,42152.697,20.482,0.267,0.047,0.654,0.816,0.152,12.072,0.491,0.075,0.073,0.124,0.031,0.018,0.002,0.113,0.163,0.047,0.044,0.006,0.062,0.012,0.002,0.081,0.037,0.002,0.000,0.036,0.029,0.000,0.000
"721","500","1335",33.892,2.635,20535.629,55625.561,20.841,0.273,0.046,0.665,0.830,0.155,8.048,0.498,0.058,0.061,0.093,0.034,0.021,0.004,0.096,0.169,0.045,0.052,0.018,0.082,0.017,0.008,0.080,0.064,0.006,0.000,0.034,0.039,0.000,0.000
"719","607","1421",33.894,2.333,18882.687,45145.093,20.841,0.272,0.049,0.663,0.832,0.153,15.593,0.498,0.088,0.084,0.114,0.033,0.016,0.004,0.130,0.156,0.054,0.043,0.006,0.058,0.010,0.001,0.077,0.033,0.001,0.000,0.034,0.025,0.000,0.000
"901","444","1285",34.201,2.979,27145.559,74475.462,21.029,0.275,0.049,0.673,0.839,0.155,8.048,0.501,0.037,0.039,0.106,0.033,0.012,0.003,0.059,0.210,0.033,0.063,0.023,0.060,0.014,0.006,0.109,0.060,0.010,0.004,0.042,0.071,0.002,0.001
"1001","541","1374",33.684,2.560,12924.239,33781.855,20.712,0.273,0.046,0.663,0.826,0.153,6.036,0.494,0.074,0.091,0.110,0.028,0.018,0.002,0.121,0.125,0.039,0.034,0.011,0.053,0.021,0.009,0.091,0.039,0.006,0.002,0.042,0.056,0.001,0.001
"1051","0","0",0.000,0.000,0.000,0.000,0.000,0.000,0.000,0.000,0.000,0.000,4.024,0.000,0.000,0.000,0.000,0.000,0.000,0.000,0.000,0.000,0.000,0.000,0.000,0.000,0.000,0.000,0.000,0.000,0.000,0.000,0.000,0.000,0.000,0.000
"1053","0","0",0.000,0.000,0.000,0.000,0.000,0.000,0.000,0.000,0.000,0.000,4.024,0.000,0.000,0.000,0.000,0.000,0.000,0.000,0.000,0.000,0.000,0.000,0.000,0.000,0.000,0.000,0.000,0.000,0.000,0.000,0.000,0.000,0.000,0.000
"1054","0","0",0.000,0.000,0.000,0.000,0.000,0.000,0.000,0.000,0.000,0.000,1.509,0.000,0.000,0.000,0.000,0.000,0.000,0.000,0.000,0.000,0.000,0.000,0.000,0.000,0.000,0.000,0.000,0.000,0.000,0.000,0.000,0.000,0.000,0.000
"1052","0","0",0.000,0.000,0.000,0.000,0.000,0.000,0.000,0.000,0.000,0.000,5.030,0.000,0.000,0.000,0.000,0.000,0.000,0.000,0.000,0.000,0.000,0.000,0.000,0.000,0.000,0.000,0.000,0.000,0.000,0.000,0.000,0.000,0.000,0.000
"952","560","1832",34.304,3.445,27806.739,88522.619,21.093,0.276,0.047,0.673,0.842,0.155,3.521,0.502,0.047,0.051,0.043,0.015,0.038,0.010,0.079,0.096,0.068,0.095,0.068,0.059,0.031,0.029,0.070,0.066,0.021,0.007,0.026,0.078,0.001,0.001
"951","537","1609",34.409,3.108,27728.171,77694.944,21.156,0.278,0.049,0.675,0.845,0.155,4.527,0.504,0.046,0.050,0.086,0.024,0.019,0.003,0.069,0.157,0.042,0.064,0.036,0.068,0.022,0.012,0.091,0.078,0.008,0.005,0.040,0.072,0.002,0.000
"722","729","2212",34.375,3.287,24964.426,82149.207,21.134,0.276,0.047,0.674,0.844,0.155,3.521,0.502,0.047,0.053,0.031,0.012,0.037,0.012,0.081,0.083,0.091,0.167,0.093,0.058,0.023,0.021,0.051,0.062,0.008,0.004,0.024,0.036,0.000,0.003
"723","693","2079",34.373,3.469,25667.884,88807.201,21.136,0.277,0.048,0.674,0.843,0.156,2.012,0.503,0.046,0.055,0.016,0.009,0.041,0.013,0.076,0.042,0.117,0.220,0.111,0.040,0.021,0.031,0.049,0.043,0.011,0.004,0.018,0.032,0.000,0.006
"530","544","1204",38.926,2.318,18857.743,43574.338,280.304,0.205,0.098,0.696,0.945,0.055,3.024,0.519,0.092,0.103,0.123,0.034,0.017,0.002,0.132,0.144,0.049,0.041,0.004,0.052,0.015,0.003,0.080,0.049,0.006,0.001,0.024,0.033,0.000,0.000
"1014","563","1232",38.489,2.250,17822.911,40156.088,277.293,0.201,0.096,0.687,0.936,0.053,6.012,0.511,0.100,0.102,0.131,0.038,0.014,0.001,0.132,0.141,0.047,0.040,0.005,0.045,0.011,0.001,0.075,0.032,0.003,0.001,0.024,0.038,0.000,0.000
"1013","582","1213",40.545,2.174,19627.374,42578.531,263.896,0.165,0.122,0.715,0.933,0.067,1.530,0.532,0.113,0.119,0.128,0.038,0.016,0.002,0.150,0.128,0.050,0.038,0.005,0.035,0.010,0.002,0.077,0.029,0.005,0.002,0.019,0.033,0.000,0.000
"1016","545","1332",31.513,2.194,13239.640,33221.147,258.940,0.220,0.060,0.576,0.826,0.031,6.012,0.428,0.066,0.070,0.089,0.037,0.012,0.001,0.097,0.128,0.040,0.032,0.006,0.052,0.019,0.005,0.072,0.028,0.005,0.001,0.031,0.053,0.000,0.000
"627","591","1301",37.163,2.280,15599.448,35971.420,282.640,0.220,0.085,0.669,0.933,0.044,8.004,0.497,0.104,0.116,0.109,0.037,0.015,0.001,0.145,0.119,0.045,0.026,0.003,0.043,0.014,0.002,0.074,0.028,0.003,0.001,0.029,0.048,0.000,0.000
"622","431","1317",40.766,3.260,27517.000,68791.000,261.652,0.159,0.124,0.717,0.931,0.069,0.534,0.534,0.081,0.097,0.107,0.039,0.009,0.000,0.063,0.223,0.032,0.021,0.000,0.072,0.012,0.007,0.084,0.051,0.009,0.000,0.012,0.060,0.021,0.000
"601","702","1806",35.479,2.595,13520.440,35203.158,297.693,0.260,0.062,0.651,0.941,0.033,6.474,0.483,0.077,0.090,0.084,0.026,0.018,0.003,0.127,0.131,0.040,0.032,0.009,0.069,0.018,0.005,0.078,0.053,0.005,0.005,0.034,0.056,0.001,0.000
"602","554","1456",38.526,2.728,11819.739,31680.360,351.799,0.205,0.099,0.695,0.835,0.162,14.061,0.513,0.066,0.071,0.113,0.032,0.017,0.000,0.111,0.156,0.039,0.028,0.005,0.060,0.018,0.005,0.086,0.032,0.006,0.002,0.049,0.086,0.000,0.000
"628","584","1421",35.078,2.445,13984.922,34982.741,294.330,0.257,0.062,0.643,0.930,0.033,11.454,0.477,0.081,0.093,0.104,0.031,0.014,0.000,0.120,0.138,0.040,0.027,0.003,0.063,0.018,0.003,0.078,0.043,0.003,0.000,0.034,0.056,0.000,0.000
"525","536","1354",38.480,2.546,15246.857,38273.784,355.464,0.191,0.103,0.692,0.811,0.176,11.155,0.516,0.063,0.060,0.115,0.033,0.013,0.000,0.099,0.206,0.036,0.028,0.002,0.063,0.018,0.003,0.092,0.036,0.007,0.001,0.039,0.063,0.000,0.001
"524","574","1503",39.718,2.736,11563.759,31084.874,383.759,0.153,0.122,0.708,0.728,0.255,15.508,0.526,0.081,0.076,0.113,0.028,0.014,0.001,0.116,0.141,0.044,0.024,0.000,0.057,0.019,0.001,0.082,0.032,0.007,0.000,0.048,0.091,0.001,0.000
"526","442","1089",38.305,2.438,17303.188,42412.114,351.729,0.198,0.100,0.690,0.821,0.166,8.296,0.513,0.044,0.044,0.134,0.036,0.011,0.001,0.077,0.272,0.035,0.028,0.003,0.061,0.012,0.002,0.095,0.037,0.004,0.001,0.034,0.043,0.000,0.001
"527","509","1256",36.230,2.485,16580.164,41454.782,307.108,0.255,0.068,0.663,0.942,0.046,8.507,0.490,0.059,0.052,0.125,0.039,0.012,0.001,0.100,0.213,0.033,0.028,0.004,0.073,0.012,0.003,0.087,0.055,0.002,0.001,0.036,0.045,0.001,0.000
"528","554","1338",36.171,2.463,15759.625,39074.927,303.500,0.267,0.066,0.662,0.960,0.033,8.964,0.492,0.066,0.066,0.127,0.036,0.013,0.001,0.106,0.183,0.045,0.032,0.004,0.062,0.018,0.004,0.087,0.049,0.004,0.000,0.030,0.045,0.000,0.000
"529","586","1449",35.771,2.507,14420.041,36375.221,300.138,0.261,0.063,0.657,0.949,0.033,8.964,0.487,0.064,0.075,0.121,0.036,0.014,0.000,0.108,0.169,0.047,0.032,0.004,0.051,0.019,0.003,0.086,0.034,0.004,0.000,0.035,0.060,0.000,0.000
"1019","519","1343",36.427,2.683,19403.108,47364.614,305.638,0.267,0.065,0.668,0.967,0.033,2.490,0.497,0.095,0.122,0.063,0.028,0.016,0.008,0.101,0.155,0.052,0.068,0.009,0.065,0.018,0.003,0.079,0.059,0.002,0.001,0.030,0.024,0.003,0.001
"1018","496","1225",35.735,2.505,16300.724,41281.727,299.830,0.262,0.064,0.655,0.949,0.032,5.478,0.487,0.064,0.072,0.094,0.032,0.015,0.004,0.102,0.194,0.041,0.045,0.009,0.070,0.014,0.003,0.108,0.034,0.003,0.001,0.040,0.031,0.001,0.000
"605","638","1619",38.821,2.590,12592.279,32906.176,258.447,0.151,0.109,0.722,0.722,0.257,10.425,0.537,0.081,0.085,0.103,0.028,0.021,0.002,0.123,0.112,0.048,0.035,0.007,0.062,0.023,0.007,0.076,0.040,0.004,0.001,0.040,0.067,0.000,0.000
"604","594","1512",39.871,2.568,13004.847,33904.618,389.866,0.139,0.128,0.707,0.700,0.277,11.319,0.528,0.081,0.077,0.108,0.029,0.017,0.001,0.112,0.126,0.046,0.035,0.006,0.057,0.024,0.004,0.077,0.040,0.006,0.000,0.040,0.072,0.000,0.000
"522","575","1414",39.749,2.531,12185.974,31325.670,388.668,0.140,0.127,0.704,0.698,0.276,11.319,0.527,0.092,0.095,0.089,0.024,0.020,0.000,0.143,0.109,0.045,0.030,0.003,0.056,0.020,0.005,0.074,0.034,0.003,0.002,0.046,0.068,0.000,0.000
"523","590","1516",40.118,2.706,12291.481,32233.782,392.260,0.141,0.132,0.714,0.706,0.277,12.397,0.528,0.095,0.091,0.103,0.028,0.016,0.000,0.126,0.114,0.046,0.028,0.003,0.052,0.021,0.002,0.070,0.042,0.003,0.000,0.045,0.082,0.001,0.000
"1102","0","0",0.000,0.000,0.000,0.000,0.000,0.000,0.000,0.000,0.000,0.000,11.858,0.000,0.000,0.000,0.000,0.000,0.000,0.000,0.000,0.000,0.000,0.000,0.000,0.000,0.000,0.000,0.000,0.000,0.000,0.000,0.000,0.000,0.000,0.000
"1104","0","0",0.000,0.000,0.000,0.000,0.000,0.000,0.000,0.000,0.000,0.000,9.163,0.000,0.000,0.000,0.000,0.000,0.000,0.000,0.000,0.000,0.000,0.000,0.000,0.000,0.000,0.000,0.000,0.000,0.000,0.000,0.000,0.000,0.000,0.000
"1103","0","0",0.000,0.000,0.000,0.000,0.000,0.000,0.000,0.000,0.000,0.000,8.085,0.000,0.000,0.000,0.000,0.000,0.000,0.000,0.000,0.000,0.000,0.000,0.000,0.000,0.000,0.000,0.000,0.000,0.000,0.000,0.000,0.000,0.000,0.000
"1105","0","0",0.000,0.000,0.000,0.000,0.000,0.000,0.000,0.000,0.000,0.000,7.546,0.000,0.000,0.000,0.000,0.000,0.000,0.000,0.000,0.000,0.000,0.000,0.000,0.000,0.000,0.000,0.000,0.000,0.000,0.000,0.000,0.000,0.000,0.000
"1106","0","0",0.000,0.000,0.000,0.000,0.000,0.000,0.000,0.000,0.000,0.000,5.929,0.000,0.000,0.000,0.000,0.000,0.000,0.000,0.000,0.000,0.000,0.000,0.000,0.000,0.000,0.000,0.000,0.000,0.000,0.000,0.000,0.000,0.000,0.000
"353","688","1897",37.931,2.867,11698.154,33292.169,80.882,0.164,0.081,0.750,0.763,0.233,7.306,0.558,0.067,0.085,0.067,0.026,0.022,0.003,0.128,0.104,0.054,0.036,0.011,0.077,0.031,0.009,0.086,0.055,0.009,0.004,0.051,0.070,0.000,0.001
"352","672","1659",37.512,2.521,14070.287,35208.691,79.989,0.159,0.081,0.744,0.755,0.230,3.934,0.555,0.108,0.156,0.042,0.015,0.024,0.005,0.155,0.064,0.076,0.054,0.008,0.057,0.026,0.005,0.067,0.032,0.005,0.001,0.036,0.045,0.000,0.002
"606","655","1709",37.244,2.723,10803.348,29749.242,79.419,0.160,0.080,0.738,0.748,0.230,11.802,0.550,0.078,0.089,0.095,0.030,0.019,0.000,0.125,0.108,0.049,0.026,0.004,0.059,0.016,0.007,0.081,0.030,0.003,0.001,0.048,0.089,0.001,0.001
"120","618","1554",38.665,2.597,10136.808,27083.091,260.066,0.141,0.112,0.719,0.685,0.285,14.904,0.534,0.103,0.112,0.081,0.028,0.022,0.000,0.141,0.082,0.043,0.027,0.001,0.048,0.019,0.004,0.072,0.025,0.002,0.001,0.045,0.085,0.000,0.000
"121","618","1588",39.224,2.639,11568.936,30534.645,263.822,0.142,0.113,0.730,0.696,0.288,11.592,0.541,0.080,0.083,0.108,0.033,0.020,0.001,0.127,0.130,0.041,0.024,0.004,0.056,0.017,0.005,0.077,0.032,0.006,0.003,0.042,0.081,0.001,0.000
"122","601","1509",38.227,2.488,11684.768,30061.524,257.119,0.139,0.111,0.711,0.677,0.282,6.072,0.529,0.076,0.076,0.109,0.033,0.018,0.002,0.124,0.140,0.045,0.027,0.006,0.056,0.015,0.008,0.078,0.030,0.005,0.003,0.041,0.066,0.001,0.000
"124","526","1330",39.381,2.602,12347.895,32018.442,264.894,0.142,0.113,0.734,0.696,0.292,12.696,0.547,0.067,0.080,0.095,0.031,0.020,0.000,0.123,0.147,0.046,0.037,0.003,0.078,0.018,0.002,0.085,0.044,0.005,0.000,0.042,0.053,0.000,0.000
"123","553","1399",39.303,2.583,11464.841,29693.830,264.356,0.142,0.111,0.731,0.695,0.291,12.144,0.547,0.070,0.076,0.111,0.031,0.022,0.000,0.119,0.143,0.048,0.035,0.003,0.068,0.016,0.005,0.091,0.032,0.005,0.000,0.047,0.057,0.000,0.000
"125","576","1494",37.113,2.655,12277.799,32854.987,224.776,0.164,0.073,0.736,0.778,0.198,7.908,0.548,0.072,0.086,0.075,0.026,0.022,0.001,0.129,0.120,0.050,0.034,0.004,0.080,0.018,0.005,0.074,0.056,0.004,0.002,0.041,0.062,0.000,0.000
"126","518","1340",36.920,2.681,11464.587,30601.625,210.869,0.181,0.055,0.756,0.839,0.155,12.459,0.562,0.069,0.082,0.097,0.030,0.024,0.000,0.125,0.125,0.050,0.037,0.009,0.067,0.021,0.006,0.079,0.046,0.005,0.000,0.044,0.068,0.000,0.000
"918","447","1171",47.062,2.638,15220.899,38212.135,434.795,0.071,0.215,0.700,0.956,0.030,8.464,0.521,0.050,0.060,0.133,0.035,0.015,0.001,0.100,0.190,0.043,0.033,0.005,0.060,0.015,0.001,0.095,0.044,0.004,0.001,0.039,0.045,0.002,0.000
"917","489","1165",46.013,2.337,14551.421,35106.802,425.096,0.068,0.208,0.682,0.936,0.028,11.638,0.511,0.072,0.067,0.136,0.034,0.018,0.001,0.101,0.176,0.042,0.031,0.001,0.055,0.016,0.004,0.086,0.037,0.003,0.001,0.035,0.042,0.000,0.000
"916","521","1218",46.919,2.333,17279.950,41132.033,433.472,0.073,0.214,0.698,0.952,0.031,11.109,0.519,0.073,0.068,0.139,0.036,0.016,0.000,0.103,0.191,0.042,0.034,0.004,0.059,0.013,0.001,0.079,0.043,0.003,0.001,0.036,0.035,0.000,0.000
"919","646","1788",33.427,2.807,16826.316,45661.326,24.977,0.222,0.049,0.726,0.738,0.260,5.416,0.541,0.060,0.058,0.070,0.027,0.014,0.001,0.123,0.121,0.037,0.031,0.007,0.135,0.026,0.004,0.072,0.117,0.006,0.002,0.026,0.048,0.000,0.000
"253","533","1403",45.952,2.683,18115.949,48972.599,198.807,0.113,0.202,0.687,0.951,0.049,7.689,0.511,0.059,0.072,0.083,0.024,0.020,0.003,0.115,0.137,0.068,0.060,0.011,0.079,0.036,0.004,0.073,0.075,0.005,0.001,0.028,0.039,0.000,0.000
"252","536","1338",46.415,2.542,15121.366,38437.260,265.690,0.123,0.280,0.591,0.942,0.051,4.430,0.441,0.060,0.076,0.097,0.033,0.016,0.005,0.113,0.180,0.045,0.040,0.004,0.069,0.029,0.008,0.081,0.053,0.004,0.001,0.040,0.044,0.001,0.000
"251","490","1164",43.939,2.317,13260.958,32397.367,251.512,0.115,0.262,0.559,0.891,0.049,10.189,0.416,0.077,0.090,0.101,0.033,0.013,0.001,0.126,0.142,0.043,0.027,0.001,0.056,0.020,0.002,0.075,0.034,0.001,0.000,0.041,0.049,0.000,0.000
"506","601","1375",45.245,2.350,14125.115,34227.510,259.001,0.119,0.274,0.576,0.916,0.052,12.847,0.431,0.101,0.095,0.112,0.032,0.011,0.000,0.140,0.120,0.044,0.024,0.000,0.051,0.010,0.000,0.078,0.027,0.000,0.000,0.038,0.060,0.000,0.000
"705","576","1417",45.573,2.509,12487.756,32147.747,260.880,0.119,0.273,0.577,0.926,0.049,13.733,0.433,0.083,0.084,0.105,0.034,0.009,0.000,0.131,0.134,0.044,0.026,0.000,0.054,0.016,0.002,0.081,0.033,0.003,0.000,0.043,0.068,0.000,0.000
"505","554","1307",45.945,2.461,13910.729,34671.178,263.016,0.122,0.278,0.584,0.930,0.053,13.290,0.437,0.094,0.091,0.114,0.031,0.010,0.000,0.134,0.122,0.041,0.026,0.000,0.049,0.010,0.000,0.078,0.029,0.000,0.000,0.042,0.071,0.000,0.000
"707","549","1300",45.525,2.440,13783.424,34357.041,260.610,0.121,0.275,0.577,0.922,0.052,12.847,0.432,0.093,0.090,0.112,0.031,0.010,0.000,0.134,0.121,0.042,0.025,0.000,0.051,0.010,0.000,0.078,0.029,0.000,0.000,0.040,0.070,0.000,0.000
"704","596","1477",45.448,2.554,12479.540,32224.685,208.247,0.109,0.215,0.660,0.937,0.049,10.020,0.492,0.082,0.084,0.111,0.033,0.019,0.001,0.125,0.127,0.048,0.028,0.002,0.058,0.019,0.005,0.075,0.031,0.005,0.001,0.042,0.072,0.000,0.000
"703","456","1138",44.348,2.529,10818.123,27984.423,154.211,0.101,0.154,0.725,0.931,0.044,13.627,0.537,0.079,0.087,0.100,0.034,0.023,0.001,0.125,0.113,0.049,0.029,0.005,0.063,0.020,0.005,0.077,0.029,0.003,0.000,0.045,0.066,0.000,0.000
"504","614","1449",45.483,2.432,16586.178,40427.800,222.516,0.115,0.230,0.638,0.934,0.049,8.997,0.475,0.091,0.095,0.115,0.031,0.013,0.001,0.135,0.135,0.045,0.027,0.002,0.053,0.011,0.002,0.079,0.036,0.003,0.001,0.040,0.057,0.001,0.000
"415","642","1585",43.517,2.589,28475.130,73319.104,204.789,0.162,0.224,0.611,0.911,0.085,5.481,0.456,0.091,0.089,0.097,0.030,0.024,0.006,0.107,0.146,0.046,0.058,0.017,0.051,0.020,0.009,0.078,0.043,0.005,0.000,0.032,0.042,0.001,0.000
"153","634","1606",44.104,2.639,25105.903,66497.181,215.350,0.154,0.233,0.609,0.920,0.078,8.194,0.454,0.069,0.065,0.103,0.031,0.016,0.004,0.104,0.155,0.047,0.048,0.020,0.069,0.016,0.006,0.078,0.064,0.008,0.000,0.033,0.049,0.000,0.000
"422","650","1673",37.489,2.593,19409.848,50284.070,85.695,0.231,0.118,0.642,0.849,0.142,6.752,0.475,0.066,0.072,0.117,0.031,0.016,0.005,0.106,0.148,0.042,0.038,0.013,0.069,0.020,0.006,0.086,0.056,0.009,0.001,0.039,0.045,0.000,0.000
"501","663","1817",41.032,2.822,23800.111,64918.268,104.531,0.166,0.113,0.720,0.903,0.094,5.499,0.536,0.055,0.072,0.074,0.033,0.021,0.006,0.101,0.152,0.051,0.051,0.018,0.074,0.029,0.012,0.082,0.075,0.010,0.004,0.033,0.046,0.001,0.000
"417","634","1581",33.577,2.492,22115.126,56297.317,10.299,0.274,0.053,0.659,0.805,0.180,8.466,0.489,0.067,0.065,0.099,0.029,0.020,0.001,0.103,0.189,0.050,0.045,0.006,0.067,0.017,0.001,0.083,0.057,0.003,0.000,0.033,0.031,0.000,0.001
"416","607","1651",33.986,2.759,23336.045,62647.112,10.422,0.279,0.055,0.666,0.819,0.178,7.470,0.494,0.067,0.075,0.093,0.028,0.018,0.005,0.097,0.161,0.047,0.056,0.020,0.051,0.025,0.011,0.087,0.047,0.007,0.001,0.035,0.061,0.001,0.000
"418","613","1454",33.066,2.355,18368.273,44630.733,10.142,0.268,0.052,0.648,0.795,0.175,8.466,0.481,0.070,0.069,0.106,0.031,0.016,0.001,0.101,0.196,0.047,0.037,0.005,0.073,0.014,0.002,0.088,0.046,0.002,0.000,0.036,0.023,0.000,0.000
"803","677","1604",33.987,2.445,18248.352,44667.055,10.423,0.276,0.053,0.667,0.815,0.182,5.976,0.495,0.090,0.086,0.115,0.035,0.022,0.002,0.122,0.151,0.059,0.044,0.005,0.058,0.020,0.002,0.071,0.044,0.002,0.000,0.029,0.039,0.000,0.000
"421","603","1472",33.986,2.491,14051.328,34861.635,10.423,0.277,0.054,0.664,0.816,0.181,8.466,0.497,0.078,0.081,0.113,0.034,0.024,0.000,0.123,0.154,0.047,0.031,0.008,0.059,0.017,0.005,0.093,0.038,0.004,0.000,0.042,0.040,0.000,0.000
"420","651","1556",34.055,2.433,15087.507,36796.837,10.445,0.276,0.053,0.667,0.817,0.182,8.466,0.496,0.075,0.077,0.121,0.032,0.023,0.001,0.117,0.177,0.051,0.040,0.007,0.054,0.015,0.005,0.083,0.036,0.003,0.001,0.034,0.035,0.000,0.000
"419","647","1592",33.712,2.476,16723.066,42369.995,10.339,0.274,0.052,0.661,0.810,0.179,7.470,0.490,0.062,0.070,0.113,0.032,0.020,0.003,0.097,0.188,0.046,0.044,0.006,0.064,0.017,0.007,0.090,0.047,0.003,0.000,0.036,0.032,0.000,0.000
"357","816","2286",37.393,2.798,10049.692,28968.183,149.822,0.139,0.129,0.700,0.653,0.316,6.456,0.522,0.060,0.103,0.058,0.023,0.024,0.004,0.121,0.082,0.058,0.035,0.012,0.074,0.038,0.011,0.074,0.057,0.010,0.003,0.038,0.074,0.000,0.000
"356","786","2303",37.894,3.065,9129.263,28080.763,151.832,0.141,0.132,0.710,0.663,0.319,5.380,0.529,0.064,0.108,0.048,0.018,0.024,0.004,0.117,0.062,0.050,0.037,0.020,0.073,0.041,0.017,0.078,0.058,0.014,0.006,0.048,0.096,0.000,0.000
"354","512","1332",38.164,2.647,13464.717,35872.685,152.913,0.141,0.131,0.714,0.667,0.322,10.222,0.532,0.061,0.058,0.108,0.032,0.013,0.000,0.107,0.153,0.039,0.027,0.003,0.089,0.021,0.005,0.081,0.065,0.004,0.002,0.035,0.062,0.000,0.000
"355","560","1498",37.547,2.722,10372.122,28721.849,150.440,0.141,0.128,0.703,0.658,0.315,9.146,0.522,0.055,0.071,0.093,0.033,0.020,0.000,0.113,0.146,0.047,0.029,0.010,0.056,0.015,0.006,0.089,0.027,0.008,0.001,0.053,0.089,0.000,0.000
"127","606","1533",36.221,2.514,13293.482,33824.020,206.439,0.179,0.053,0.744,0.821,0.155,7.371,0.552,0.087,0.090,0.070,0.023,0.028,0.002,0.139,0.110,0.072,0.061,0.007,0.069,0.028,0.005,0.068,0.043,0.004,0.002,0.027,0.032,0.000,0.000
"128","738","1885",36.927,2.614,15696.351,40636.602,210.456,0.184,0.055,0.758,0.838,0.157,5.103,0.563,0.113,0.127,0.026,0.012,0.036,0.008,0.152,0.051,0.117,0.132,0.017,0.043,0.029,0.006,0.047,0.029,0.003,0.002,0.021,0.021,0.000,0.000
"129","955","2387",37.112,2.696,15244.235,40665.177,211.516,0.185,0.054,0.762,0.844,0.156,5.670,0.567,0.109,0.122,0.021,0.013,0.039,0.007,0.175,0.038,0.109,0.098,0.022,0.048,0.029,0.010,0.051,0.037,0.007,0.002,0.024,0.032,0.000,0.001
"130","1132","2713",37.114,2.653,15706.895,40895.365,211.515,0.183,0.054,0.761,0.842,0.158,4.536,0.567,0.120,0.137,0.017,0.007,0.041,0.008,0.188,0.029,0.109,0.098,0.024,0.041,0.029,0.009,0.045,0.030,0.006,0.003,0.021,0.031,0.000,0.001
"922","810","2440",32.788,3.205,11264.368,32942.293,6.287,0.230,0.042,0.728,0.730,0.268,4.344,0.542,0.072,0.111,0.036,0.021,0.037,0.003,0.134,0.058,0.079,0.080,0.043,0.063,0.043,0.021,0.054,0.047,0.008,0.014,0.028,0.040,0.001,0.001
"920","633","1628",32.262,2.579,12637.990,33339.102,6.183,0.225,0.041,0.716,0.716,0.266,9.774,0.532,0.068,0.071,0.099,0.027,0.013,0.002,0.120,0.139,0.052,0.046,0.007,0.064,0.026,0.006,0.081,0.048,0.006,0.002,0.037,0.055,0.000,0.001
"921","588","1503",32.623,2.617,12759.336,33739.970,6.254,0.228,0.040,0.725,0.725,0.268,10.860,0.540,0.072,0.082,0.081,0.028,0.024,0.001,0.124,0.131,0.060,0.055,0.007,0.074,0.027,0.004,0.080,0.044,0.004,0.002,0.037,0.045,0.000,0.000
"702","537","1369",44.755,2.602,11535.670,30328.025,147.733,0.101,0.146,0.743,0.942,0.044,10.621,0.553,0.065,0.088,0.103,0.032,0.018,0.001,0.117,0.125,0.055,0.032,0.007,0.064,0.024,0.005,0.089,0.040,0.005,0.001,0.039,0.065,0.000,0.000
"701","632","1729",43.983,2.676,17371.844,47477.155,145.183,0.097,0.143,0.728,0.927,0.042,7.267,0.541,0.056,0.062,0.069,0.027,0.018,0.004,0.104,0.147,0.053,0.049,0.006,0.089,0.027,0.001,0.082,0.096,0.005,0.000,0.025,0.036,0.001,0.000
"254","636","1782",44.617,2.805,16309.480,45839.209,147.283,0.099,0.147,0.739,0.939,0.044,7.826,0.550,0.057,0.071,0.063,0.020,0.015,0.003,0.120,0.110,0.056,0.046,0.009,0.101,0.034,0.002,0.074,0.108,0.007,0.001,0.030,0.045,0.000,0.000
"255","703","1970",45.343,2.845,19188.544,53828.506,149.680,0.101,0.149,0.750,0.954,0.045,6.149,0.560,0.069,0.073,0.044,0.016,0.020,0.003,0.125,0.090,0.057,0.063,0.009,0.119,0.042,0.003,0.068,0.140,0.008,0.000,0.018,0.032,0.000,0.000
"751","751","2118",45.253,2.867,19684.874,55485.886,149.380,0.101,0.148,0.749,0.953,0.044,2.236,0.558,0.054,0.071,0.041,0.023,0.021,0.006,0.113,0.111,0.055,0.057,0.011,0.118,0.036,0.003,0.077,0.142,0.008,0.000,0.017,0.032,0.001,0.000
"551","648","1686",38.917,2.715,23920.979,65028.348,185.853,0.183,0.102,0.713,0.918,0.081,6.438,0.530,0.064,0.071,0.090,0.029,0.019,0.005,0.095,0.168,0.057,0.060,0.014,0.048,0.024,0.009,0.084,0.065,0.008,0.001,0.033,0.046,0.000,0.000
"502","646","1474",45.435,2.402,19458.510,45492.320,149.979,0.102,0.150,0.753,0.957,0.044,5.031,0.560,0.089,0.112,0.100,0.040,0.016,0.004,0.126,0.160,0.054,0.040,0.008,0.051,0.014,0.005,0.080,0.032,0.004,0.001,0.031,0.037,0.001,0.000
"503","702","1662",44.981,2.454,23979.905,60156.607,148.481,0.100,0.147,0.744,0.948,0.043,3.354,0.555,0.107,0.121,0.049,0.029,0.019,0.007,0.154,0.111,0.058,0.049,0.010,0.066,0.018,0.005,0.058,0.068,0.004,0.000,0.026,0.033,0.000,0.000
"552","612","1620",38.510,2.690,22798.674,61513.977,188.955,0.191,0.101,0.710,0.916,0.085,6.877,0.528,0.053,0.056,0.093,0.031,0.022,0.007,0.089,0.188,0.058,0.072,0.015,0.061,0.026,0.006,0.091,0.056,0.005,0.000,0.034,0.037,0.000,0.000
"806","717","1898",38.393,2.704,11485.982,30479.918,188.390,0.190,0.100,0.708,0.913,0.085,0.529,0.528,0.068,0.090,0.085,0.038,0.019,0.006,0.125,0.111,0.065,0.044,0.018,0.060,0.025,0.007,0.082,0.033,0.007,0.006,0.049,0.056,0.001,0.003
"808","718","1902",38.470,2.709,11509.000,30541.000,188.767,0.190,0.100,0.710,0.915,0.085,0.529,0.529,0.068,0.091,0.085,0.038,0.019,0.006,0.125,0.111,0.065,0.045,0.018,0.060,0.025,0.007,0.082,0.033,0.007,0.006,0.049,0.056,0.001,0.003
"807","629","1481",38.124,2.452,15401.153,37550.692,187.070,0.188,0.099,0.705,0.905,0.086,4.761,0.525,0.121,0.112,0.056,0.021,0.047,0.008,0.157,0.086,0.080,0.066,0.011,0.047,0.017,0.005,0.061,0.030,0.006,0.002,0.026,0.028,0.001,0.000
"805","551","1661",38.470,3.152,32685.000,98221.000,188.767,0.190,0.100,0.710,0.915,0.085,0.529,0.529,0.065,0.064,0.013,0.015,0.024,0.005,0.107,0.071,0.069,0.120,0.022,0.089,0.045,0.013,0.069,0.131,0.020,0.000,0.011,0.049,0.000,0.000
