Estación;cod_est;05/02/2024;06/02/2024;07/02/2024;08/02/2024;09/02/2024;10/02/2024;11/02/2024;10/06/2024;11/06/2024;12/06/2024;13/06/2024;14/06/2024;15/06/2024;16/06/2024;29/07/2024;30/07/2024;31/07/2024;01/08/2024;02/08/2024;03/08/2024;04/08/2024;11/11/2024;12/11/2024;13/11/2024;14/11/2024;15/11/2024;16/11/2024;17/11/2024
Abrantes;1102;3157;3168;3158;3129;3209;2284;1830;3184;3196;3190;3330;3299;2199;1788;2305;2308;2379;2432;2370;1909;1691;3396;3354;3357;3312;3445;2359;1946
Acacias;519;3730;3972;4125;4107;4573;3264;2745;3688;3815;4246;4124;4238;2910;2748;2477;2692;2671;2441;2365;1726;1852;4127;4256;4446;4450;4609;3578;3040
Aeropuerto T-4;808;6242;5681;5888;6127;6898;6104;5958;6974;6824;6736;7372;7635;6585;6592;6974;6824;6736;7372;7635;6585;6592;6976;6528;6748;8934;8008;6947;6886
Aeropuerto T1-T2-T3;806;7351;6059;6205;6739;8562;7183;7830;7702;7820;7734;7817;8360;7153;6738;7702;7820;7734;7817;8360;7153;6738;8275;6428;6539;7734;9029;7325;8043
Alameda de Osuna;552;4632;5005;5147;4881;4825;3102;1935;4428;4849;5143;4941;4975;3021;2167;3441;3604;3451;3141;3185;1800;1375;4755;4989;4845;4975;5328;3316;2115
Alfonso XIII;413;9566;10347;10259;9994;9742;4960;2983;8586;9471;9326;9641;8973;4687;3048;6085;6676;6409;5570;5118;2694;1847;10311;10946;10822;11019;10689;5152;3053
Almendrales;351;8172;8599;8575;8443;8873;8776;7271;8007;8643;8571;8876;8704;6366;5252;6347;6627;6729;6090;6286;4703;3931;9140;9282;9341;9267;9792;7068;5456
Alonso Cano;712;6364;6629;7225;6898;6625;3759;2045;5952;6356;6698;6226;6251;3099;2006;3744;4183;4053;3730;3282;1706;1188;6349;7026;7084;7023;6692;3713;2155
Alonso Martínez;404;17632;19149;19903;19903;19287;13227;8004;16665;18840;18851;18790;17599;10832;7480;11694;12795;12579;11086;10295;5576;3998;18344;20227;20240;20798;20263;13542;10251
Alsacia;253;6342;6524;6677;6624;6963;5751;4017;5859;6558;6548;6726;7154;5602;4463;4655;4909;5004;4685;4669;3882;3003;6774;7101;6768;7127;7597;6160;4694
Alto de Extremadura;627;8144;8594;8761;8451;8545;5441;4039;7625;8037;7828;8062;8287;5397;4586;5613;5801;5652;5465;5357;3723;2795;8803;8685;9134;9271;9235;5863;4217
Alto del Arenal;123;6801;7005;7045;7132;7301;5857;4093;6612;7203;7127;7345;7444;5747;4577;5550;5694;5643;5634;5784;4701;3763;7576;7768;7576;7785;8149;6327;4805
Aluche;527;18644;19387;19461;19080;19657;14782;9733;17816;18854;18968;19120;19835;14085;10687;14651;15147;15025;14746;14353;11340;8379;20358;20293;20002;20417;20887;15965;11086
Alvarado;105;6600;6933;7048;7376;7295;6509;4452;6645;7094;7185;7303;7365;5807;4532;4169;4184;5596;5532;5701;4553;3290;7087;7173;7245;7321;7794;6490;4687
Antón Martín;114;7929;8628;8585;9614;10488;8831;6497;8178;8405;8699;9106;9609;7586;6558;6052;6425;6449;6115;6259;4711;3850;8155;8459;9205;8718;9852;8834;6359
Antonio Machado;718;4390;4630;4934;4755;4916;3159;2017;4176;4496;4705;4597;4697;2812;2206;2835;2991;2891;2722;2580;1621;1209;4638;4918;4812;4930;5105;3332;2492
Arganzuela-Planetario;608;4259;4592;4636;4710;4341;2308;1656;4305;4620;4656;4808;4557;2031;1354;2555;2779;2754;2484;2130;986;767;4659;5288;5169;5200;4882;2269;1532
Argüelles;310;29457;30939;31472;32131;31246;20141;13207;25788;27084;27225;27108;26122;16569;11983;17231;18562;18436;16915;15424;9986;7269;30643;32149;32936;32788;32841;20728;14435
Arroyofresno;722;1200;1192;1234;1208;1183;578;271;1156;1204;1281;1191;1241;621;368;763;787;774;670;646;284;181;1227;1265;1222;1257;1332;646;354
Artilleros;917;7926;8262;8384;8182;8309;5578;3729;7538;8246;8094;8067;8222;5278;3979;5514;5725;5644;5373;5129;3587;2720;8300;8630;8464;8533;8742;5600;4804
Arturo Soria;415;7219;7522;7673;7574;7367;3620;2311;6817;7526;7387;7259;6832;3344;2335;4250;4506;4412;4084;3503;1876;1486;7883;8447;8327;8608;8582;4594;2438
Ascao;705;7994;8185;8602;8114;8209;5351;3612;7642;8071;8244;8009;8191;4742;3745;5737;6059;5972;5711;5496;3876;2967;8094;8237;8377;8313;8150;5180;3643
Atocha;116;22607;22276;23007;24127;25475;21587;19047;25546;25262;25708;26231;27841;21566;21438;22141;21375;20965;19719;21202;16570;15826;26850;26507;25941;26998;30536;23493;21185
Avenida de América;411;43940;45634;45902;45299;45870;23518;18285;40581;43383;42338;43061;41870;21794;18030;32749;33424;33165;30693;28559;16176;14105;44500;47120;46386;46783;46557;24908;19701
Avenida de Guadalajara;254;4350;4527;4633;4539;4774;3405;2363;3872;4328;4483;4689;4642;3345;2568;2805;2965;2947;2643;2645;2113;1682;4525;4803;4868;5049;5004;3626;2555
Avenida de la Ilustración;720;4457;4543;4988;4717;4580;2689;1795;4284;4703;4838;4720;4618;2424;1618;2938;3013;3151;2852;2728;1513;1168;4843;5113;5115;4978;4833;2682;1866
Avenida de la Paz;414;4012;4321;4386;4229;4080;1955;1166;3741;4092;4005;3985;3648;1745;1180;2382;2447;2453;2059;1820;1017;697;4350;4568;4630;4600;4254;2095;1307
Aviación Española;1018;5856;6034;6376;6148;6272;3501;2218;5039;5558;5616;5636;5638;3497;2506;3842;4170;4148;3854;3662;2475;1899;5662;5940;5788;5929;5994;3763;2621
Bambú;152;4051;4291;4299;4263;3657;1424;756;3721;4145;4089;3979;3410;1400;944;2823;3010;2983;2625;2243;842;599;4391;4741;4541;4378;3994;1575;933
Banco de España;206;8561;9499;9863;9916;10434;8626;7095;9146;10193;10590;10526;10709;8190;7045;7038;7863;7788;6563;6911;5847;4857;9279;10277;11085;9723;10501;9378;7213
Barajas;807;6829;7211;7249;7372;7344;5025;3269;6452;7174;7337;7384;7427;4529;3508;6452;7174;7337;7384;7427;4529;3508;7495;7801;7689;8107;8469;5316;3741
Barrio de la Concepción;707;8084;8631;8896;8369;8255;4831;3036;7705;8231;8565;8352;8422;4408;3567;5332;5555;5516;5051;5013;3005;2280;8261;8704;8703;8665;8746;5097;3302
Barrio del Pilar;902;9442;10223;10236;9988;10636;8155;5795;9370;10240;10357;10214;10390;7676;6139;7385;7805;7762;7493;6905;5834;4705;10342;10734;10836;10812;11436;8730;6502
Batán;1014;5332;5617;5641;5516;5648;4494;2985;4928;6549;6651;7084;7832;6265;5084;5501;5095;5179;4903;5466;3990;3278;5514;5715;5611;5652;6188;5202;4112
Begoña;1002;15582;16499;16985;16667;15456;6600;4640;12755;13663;13946;13699;12516;6232;4403;9087;9670;9584;8787;8418;2507;2025;14669;17503;17333;14368;15541;6114;4562
Bilbao;109;13165;14244;15137;15484;16320;13514;9449;12688;14010;14291;14331;14443;10712;8525;9348;10411;10433;9316;8889;6379;4990;13298;15080;14922;14921;16108;14166;9824
Buenos Aires;122;6136;5926;6100;5870;6576;4813;3360;5571;6037;6086;6112;6053;4783;3806;4383;4676;4660;4420;4311;3755;2943;6430;6505;6338;6312;6685;5048;3920
Callao;307;17786;18664;19489;20574;22697;26652;20110;17979;19771;20554;20038;22253;22455;18321;15994;16702;17093;16909;16742;17822;14135;19110;20751;19514;19607;24631;28762;20649
Campamento;529;7091;7274;7149;7195;7346;5026;3916;6425;6872;6861;6902;7058;4869;4041;4999;5202;5240;5123;4993;3957;3118;7586;7615;7358;7582;7806;5506;4151
Canal;214;9537;10216;11004;10660;10021;6826;4765;8904;9711;10451;10055;9896;5919;4733;5976;6252;6324;5677;4735;2815;2266;9846;10532;10672;10762;10545;7576;5297
Canillas;417;7440;7847;8002;7815;9747;6446;4008;6996;7857;7926;7651;7748;5099;3829;5152;5294;5495;4919;4615;3381;2527;7624;8183;7991;8303;8911;6544;4261
Canillejas;501;8012;8329;8718;8269;8726;6146;4215;7871;8646;9088;8858;9418;6611;5273;6857;7147;7182;6897;6720;4907;3946;8935;9161;9083;9204;9806;7072;5250
Carabanchel;525;8193;8346;8503;8282;8403;6166;4353;8141;8598;8489;8467;8906;5954;4646;6358;6636;6598;6380;6294;4817;3713;8718;9003;8880;8825;9317;6552;4963
Carabanchel Alto;1105;4092;4115;4232;4117;4182;2771;2344;3858;4048;4140;4045;4182;2707;2492;2928;3028;3078;3008;2904;2364;2069;4608;4652;4456;4691;4551;2927;2800
Carpetana;602;13310;13497;13621;13307;13702;9893;7486;12520;13293;13202;13530;13827;10218;7887;10248;10303;10270;9913;10207;7941;6075;14293;14495;14166;14555;14858;10491;7780
Cartagena;709;4875;5237;5634;5539;5111;2940;1930;5165;5532;6031;5687;5796;2853;2096;3587;3813;3754;3291;3064;1702;1323;5130;5509;5600;5481;5459;3180;1984
Casa de Campo;530;4635;4806;4771;4665;4740;3802;2426;4151;4849;5014;5114;5092;3748;3104;3393;3475;3490;3445;3273;2598;2151;4913;5077;4793;5059;5248;3908;3052
Chamartín;151;20865;20651;21388;21354;20754;13542;13500;21369;21033;20939;21087;21411;12600;13174;19764;18809;18068;15867;15960;10621;12363;22058;21799;22098;22633;22820;14400;13652
Chueca;513;5399;5911;6214;6541;7139;6589;4699;5731;6053;6376;6610;6936;5600;4101;4259;4579;4787;4385;4189;3674;2780;5659;5916;6528;6544;7009;6430;4505
Ciudad de los Ángeles;354;10152;10565;10614;10525;10660;7735;5564;9392;10268;10249;10313;10494;7330;5639;7369;7554;7617;7181;7301;5567;4254;10529;10839;10685;10861;11510;8056;5973
Ciudad Lineal;504;10722;11378;11451;11273;11343;7355;5104;10098;10818;10906;10788;10662;6894;5416;7716;8184;8264;7937;7363;5080;3980;11753;11738;12178;12039;12100;7738;5659
Ciudad Universitaria;622;23424;25720;25107;24727;19259;3209;2041;10536;11614;11414;11462;10318;3737;3479;4277;3753;4372;2721;2467;968;727;25945;26469;26308;26068;18762;5287;1720
Colombia;802;15238;16896;17589;17051;15119;7754;4935;13782;14534;15053;15034;13995;7456;5012;13782;14534;15053;15034;13995;7456;5012;15724;16780;16448;16703;15826;7670;5015
Colón;405;3905;4121;4402;4589;4268;2564;1789;3706;3963;4116;4151;3615;2074;1477;2715;2842;2808;2392;2336;1059;744;4052;4608;4755;4311;4132;2596;2517
Colonia Jardín;1016;21947;22710;23078;22393;22139;11850;7094;19336;20369;20262;19962;19619;11181;8145;13820;14629;14440;13246;12714;7482;5786;23570;24675;24372;24475;24423;12418;8424
Concha Espina;908;4947;5081;5130;5106;4873;3047;1571;4666;5092;5004;5064;4796;2270;1601;2772;2962;2831;2561;2254;1224;920;5289;5465;5556;5457;4943;2506;1669
Conde de Casal;611;20541;21509;21576;23629;21745;11725;7834;18812;20382;20654;20718;20427;10786;7868;14613;14793;14869;13482;13449;7722;5675;21441;22615;22706;22943;22850;12004;8162
Congosto;127;5087;5142;5022;5164;5379;3566;2315;4866;5373;5278;5291;5243;3155;2689;3736;3803;3800;3584;3558;2519;1985;5550;5501;5515;5629;5870;3808;2798
Cruz del Rayo;909;4060;4192;4521;4614;4275;2019;1986;4009;4719;4085;4317;3947;2565;1362;2510;2581;2622;2325;2046;1020;712;4553;4787;4891;4715;4183;2771;1987
Cuatro Caminos;106;23032;24324;24739;24636;25066;19750;13238;21361;23356;23233;23399;23852;18156;13602;15607;16924;17223;16196;16064;12676;9028;23840;24952;24828;25263;26656;20230;14289
Cuatro Vientos;1019;7693;8130;8457;7743;7557;4049;2477;7674;8000;7981;7943;7398;3915;2795;5510;5587;5544;5104;4916;2779;2082;8638;9210;9216;8935;8552;4498;3039
Cuzco;1005;12117;13176;13237;13417;11735;6838;3287;11822;12708;13010;12755;11756;5139;3548;8194;9353;9084;7993;7145;2928;1996;12680;13933;14193;13462;12302;5853;3579
Delicias;302;11075;11823;11987;11852;11969;9659;6936;10684;11609;11635;11689;11203;7521;5353;7809;8546;8443;7901;7410;5052;3788;12806;13624;13571;13435;14884;10796;7018
Diego de León;410;20807;21715;22023;22409;21580;12438;8593;19860;20532;20904;20621;19459;10744;7777;13828;14589;14627;13050;12164;6746;5313;20995;22224;22895;22704;21575;12446;8741
Duque de Pastrana;905;2493;2639;2605;2676;2611;1071;668;2498;2677;2703;2599;2260;1016;625;1275;1335;1302;1038;920;389;295;2878;2944;3081;3004;2559;1146;735
El Capricho;551;2273;2348;2378;2438;2432;1830;1187;2095;2378;2397;2471;2563;1857;1532;1457;1557;1445;1316;1310;1202;905;2388;2471;2424;2504;2724;2096;1490
El Carmen;507;10542;11217;11490;11454;11569;7979;5557;10743;11237;11329;11482;11740;7668;6131;8550;9031;9005;8496;8315;5749;4600;11279;11365;11813;11789;12161;8241;6168
Embajadores;304;21063;22318;22410;22551;22322;15145;11731;19166;20372;20551;20693;19925;13293;11282;13366;14075;14283;13166;12844;9190;8016;21526;23548;22881;22999;24239;15909;12809
Empalme;528;4358;4494;4522;4430;4572;3079;2120;3911;4243;4198;4283;4380;2939;2153;2811;2892;3087;2826;2805;2064;1538;4496;4558;4700;4645;4784;3263;2472
Esperanza;416;5904;6214;6121;5998;5989;3258;2062;5096;5453;5525;5545;5368;3084;2318;3137;3381;3292;2975;3031;1897;1382;6029;6286;5868;6352;6117;3145;2121
Estación del Arte;115;7445;6792;7706;7830;9313;8784;7001;7893;7380;8395;8569;9403;9092;7932;6405;5764;6483;6199;5459;5799;5358;7466;7033;7690;7381;9026;9403;7065
Estadio Metropolitano;751;1554;1444;17675;1335;1557;1221;860;1442;1906;18236;1875;19716;1196;1371;1249;1214;1173;1167;1065;765;641;1567;1561;1503;1722;1661;2156;765
Estrecho;104;16246;16742;17296;17464;18096;13361;9973;16108;16551;17100;17086;17563;12612;11808;11844;12347;12770;11653;11694;8735;6647;16553;17182;17558;17374;18512;13880;10871
Estrella;915;6247;6602;6674;6392;6668;4241;2998;5726;6109;6273;6151;6268;3895;3020;3957;4194;4207;3719;3506;2540;2120;6426;6653;6771;6735;6919;4181;2988
Eugenia de Montijo;526;4700;4929;5086;4892;4888;3577;2684;4338;4908;4983;4843;4935;3505;2909;3220;3308;3205;3181;3077;2484;2088;4926;5125;5044;5236;5420;3881;3029
Feria de Madrid;805;4707;8255;11204;10538;9002;6723;3732;3945;5055;5370;9867;11860;12108;6108;3945;5055;5370;9867;11860;12108;6108;3949;5319;5924;5995;5861;3172;2357
Francos Rodríguez;716;9058;9732;9932;9863;9980;5447;3845;8590;8631;9268;9136;9143;5577;4011;5203;5526;5517;5155;4806;2958;2371;10523;10889;10987;10888;10880;5380;3918
Fuencarral;1001;5461;5722;5833;5605;5736;3974;3053;5124;5461;5612;5667;5836;3640;2754;3996;4246;4289;4102;3889;2614;2058;5711;5832;5738;5936;6278;4068;3102
García Noblejas;704;8883;9110;10070;8934;8660;4031;2643;7988;8183;8579;8195;8125;3870;3043;5540;5781;5693;5188;4968;2816;2245;8225;8492;8715;8438;8076;3953;3010
Goya;203;19711;20945;21820;22621;23381;20322;12241;21421;21977;22164;22470;22222;17113;11944;15786;20094;20346;15735;14602;10794;7419;21005;23722;22494;24358;25120;19750;14212
Gran Vía;111;19897;20426;20749;22126;23327;26482;21138;19890;21506;22422;22421;24321;24280;20226;16621;17727;18197;18218;18070;18474;15300;22571;22922;23050;23300;26936;29088;23381
Gregorio Marañón;711;14735;16036;16279;15842;14181;7008;4238;13650;14324;15106;14740;13256;5699;3860;9123;9582;9368;8123;7121;3036;2156;15299;16701;16707;16470;14998;6817;4346
Guzmán el Bueno;620;12904;13157;14109;13232;12494;4971;3237;11596;11114;11986;11121;10646;4126;2798;6514;6434;6757;5561;5312;1963;1360;14144;14109;15445;13968;13329;4735;3072
Herrera Oria;901;5266;5549;5686;5562;5469;2924;1873;5177;5607;5498;5501;5400;2611;2002;3282;3381;3382;2833;2725;1310;1069;5443;5744;5627;5807;5837;2826;2084
Hortaleza;421;5072;5060;5100;4849;5089;3233;2227;4497;4675;4560;4904;4908;3118;2312;3364;3456;3505;3321;3156;2462;1958;5395;5306;5413;5553;5635;3472;2436
Hospital 12 de Octubre;352;7760;7836;7828;7976;7734;6166;3228;7386;7901;7798;7570;7317;4031;3495;5698;5772;5976;5543;5314;3123;2653;8093;8182;8070;7797;7596;4065;3330
Ibiza;913;5106;5435;5668;5495;5225;3962;2789;5688;6573;7736;7786;8347;8276;6989;3692;3886;4047;3620;3281;2528;2087;5272;5568;5545;5599;5676;4246;3734
Iglesia;108;11416;12138;12220;12739;12356;7824;5471;10973;11667;11867;11562;11454;7079;5258;7235;8044;7843;6989;6423;3809;3162;11700;12418;12697;12314;12606;8245;5419
Islas Filipinas;714;15345;16384;17140;16419;14947;6672;4560;13417;13704;13852;13775;12252;5536;4162;7702;8311;8069;7007;6189;2720;2052;16077;17230;17427;16905;15731;7350;4661
La Almudena;252;4005;4292;4400;4257;4616;3524;2616;3856;4264;4433;4449;4723;3704;2837;3165;3296;3256;3104;3136;2638;1957;4399;4355;4354;4486;4918;3952;3040
La Elipa;251;9191;9460;9813;9926;9941;8081;5636;8964;9591;9621;9834;10147;8108;6230;7096;7379;7493;7090;7073;5949;4462;9791;10132;9879;10322;11011;8843;6524
La Gavia;128;4151;4180;4296;4175;4275;2903;1759;3991;4324;4403;4347;4358;2579;1977;2856;3020;3036;2875;2713;1813;1307;4490;4565;4654;4688;5000;3025;1951
La Latina;517;8590;9332;9698;10081;11370;10832;11354;8618;9164;9827;9798;11208;9207;10595;6311;6886;7135;6727;6719;5766;7421;8412;9232;9646;9721;10824;10158;10538
La Peseta;1106;3308;3450;3534;3594;3513;2361;1727;3387;3705;3482;3675;3629;2187;1784;2337;2532;2428;2410;2294;1604;1374;3783;3922;3841;3906;4041;2449;1856
Lacoma;721;3417;3556;3680;3639;3600;2301;1457;3084;3417;3538;3481;3602;2096;1405;2155;2248;2195;2015;1827;1190;836;3346;3612;3428;3616;3605;2255;1534
Lago;1013;2690;2786;2934;2251;3742;4204;2280;1888;3119;3036;4155;4513;6847;7319;3059;3303;3375;3482;3085;4004;3882;3089;2605;2834;3015;4991;5536;5018
Laguna;601;8289;8496;8545;8308;8140;6345;5051;7383;7757;7735;7933;8180;5953;4842;6028;6328;6408;6234;6091;4405;3605;8538;8810;9170;9070;9092;6431;5230
Las Musas;701;4386;4435;5353;4461;4532;2667;1524;3809;4171;4885;4254;5024;2345;1717;2503;2698;2573;2439;2407;1525;1154;4229;4393;4403;4484;4532;2315;1563
Las Rosas;255;4009;4171;5148;4275;4558;3158;1863;3844;4142;4928;4338;5309;3045;2386;2599;2880;2709;2484;2397;1616;1141;4373;4548;4519;4622;4953;3565;2169
Las Suertes;129;6498;6760;6614;6706;6916;6232;4752;6023;6837;6732;6677;6809;5425;4690;4785;5037;5337;5087;5028;4842;4209;6736;7052;6729;7078;7611;6588;5179
Las Tablas;1053;6191;6641;6789;6672;6540;3275;1840;5661;6422;6379;6330;6215;2781;1901;3847;3999;3867;3506;3065;1560;1157;6258;6828;6559;6670;6518;3047;1922
Lavapiés;305;11734;12236;13266;13098;13666;11762;9768;10754;11762;12189;12130;12843;11057;9444;8290;9041;9567;8833;8625;7700;6569;12269;13023;13205;12894;14105;12219;10185
Legazpi;301;23686;24903;25542;25211;26495;23811;17962;22324;24965;25413;25279;25702;18187;14008;17608;18819;18826;17691;17440;12773;10170;27460;27894;27289;27830;29441;20815;15413
Lista;409;5790;6067;6203;6228;5906;3354;1990;5091;5577;5695;5743;5304;2685;1951;3398;3675;3630;3119;2760;1552;989;5870;6369;6351;6295;5879;3315;2092
Lucero;628;11838;12173;12288;12129;12503;9443;7040;11451;11972;11960;12286;12467;9077;7231;9369;9588;9722;9508;9398;7140;5694;12287;12366;12503;12528;13121;9736;7503
Manoteras;422;3335;3390;3374;3428;3555;2257;1565;3047;3216;3368;3335;3415;2181;1711;2269;2353;2414;2144;2124;1677;1224;3414;3494;3435;3563;3697;2158;1616
Manuel Becerra;202;13953;14023;14208;14077;13903;9933;6674;12797;13862;13351;14111;12968;8619;6581;9548;10388;10551;9346;8546;5480;3803;14560;14504;15882;15851;15636;10236;6958
Mar de Cristal;418;10869;11454;11555;11365;11053;6559;4190;9785;10926;10937;10970;10678;6266;4541;9785;10926;10937;10970;10678;6266;4541;11528;12046;12016;12048;12416;6787;4868
Marqués de Vadillo;521;10976;11466;11837;11970;11585;9163;6691;10692;11795;11812;12046;12012;9395;7723;8413;8908;8870;8751;7900;7089;5840;11904;12446;12192;12638;12966;9735;7526
Méndez Álvaro;609;25678;25064;25673;25616;25476;14000;13270;24917;25843;25802;26407;27087;13900;13273;21387;21181;21261;19214;19051;11213;11522;27349;27703;27332;27468;28483;15384;13728
Menéndez Pelayo;117;6569;7001;7336;7222;7592;5271;3513;6515;7007;7115;7168;7057;4954;3791;4328;4721;4665;4531;4154;2981;2288;7003;7549;7647;7657;7945;5530;3832
Miguel Hernández;124;7936;8007;8058;7982;8238;5827;4164;7627;8241;8261;8209;8473;5738;4672;6213;6506;6593;6161;6231;4631;3771;8498;8609;8810;8648;9088;6486;4927
Mirasierra;951;3558;3674;3679;3524;3488;1792;1045;3174;3467;3438;3348;3188;1703;1223;2080;2157;2101;1757;1662;867;681;3660;3824;3783;3757;3667;1806;1146
Moncloa;311;75479;78457;80162;79386;79730;44212;29908;69247;70757;69795;71010;68939;40184;30724;51600;52988;52449;47104;44766;27730;22373;77396;83167;82658;83225;84880;44807;31515
Montecarmelo;1052;3640;3770;3832;3853;3782;1931;1015;3526;3793;3975;3958;3771;1761;1070;2325;2353;2290;1891;1708;918;582;3806;3985;3976;4055;4139;1815;1020
Noviciado;211;5797;6288;6661;6903;7086;5809;3959;6054;6041;6305;6211;6582;4870;3946;3812;4337;4380;3924;3892;3087;2650;6321;6616;7085;7001;7122;5866;4125
Nueva Numancia;120;14559;14764;15037;14871;15871;12660;9668;14413;15082;15044;15174;16103;12651;10636;11973;12292;12654;12371;12513;10315;8495;15641;15337;15339;15814;16912;13581;10622
Nuevos Ministerios;618;53972;57733;59086;59175;51031;35446;22321;50902;55311;55406;56047;53656;30915;22330;50902;55311;55406;56047;53656;30915;22330;57979;61834;61386;62516;59716;35934;25883
Núñez de Balboa;510;13248;14072;14485;14339;13482;7488;4579;13285;13901;14168;13827;12637;5906;4151;9071;9511;9360;7937;7215;3331;2300;14144;14736;15196;13922;13515;7304;4803
O´Donnell;613;12553;12775;13446;13990;12977;7415;5233;11665;12720;12748;12645;12068;5765;4184;8970;10578;10844;8428;7888;4026;3097;13267;14504;14241;14548;13494;6453;5997
Opañel;604;8917;9316;9417;9267;9068;6504;4848;8318;9078;9118;9380;9069;6288;4834;6963;7129;7140;6874;6812;4883;3819;9562;9763;9709;9692;9086;6521;4930
Ópera;209;14307;14469;16569;16131;17055;20882;14873;14757;16213;17061;17873;18938;18173;15678;12197;12608;12461;11970;12206;12492;10016;14762;15469;15644;15940;18814;21527;16885
Oporto;523;24537;25356;25479;25481;25636;19901;14696;22945;25054;24708;25094;25766;18959;14862;18728;19600;19642;19319;19292;15149;11932;26132;27005;26649;26884;27590;20314;15766
Pacífico;118;17466;18350;18727;18639;18745;13079;9523;17032;18331;18276;18542;18332;11916;9135;13256;13826;13765;12750;11342;7716;5793;18546;19363;19172;19181;19804;13521;9831
Paco de Lucía;952;3922;4125;4056;4096;3822;1944;1102;3640;4048;4020;3915;3948;1814;1236;2256;2313;2288;1870;1679;810;639;4319;4340;4237;4394;4326;2118;1251
Palos de la Frontera;303;8894;9363;9569;9501;9858;7579;5422;8271;8881;9046;8929;9055;6430;5047;6521;6923;7154;6398;6061;4652;3722;8516;8718;8786;8812;7383;6448;4482
Pan Bendito;1103;2058;2049;2062;2085;2064;1477;1202;2012;2034;2095;2160;2063;1454;1291;1434;1487;1509;1420;1504;1352;1122;2389;2187;2340;2261;2363;1584;1387
Parque de las Avenidas;708;4720;4859;5318;4861;4861;2827;1679;4481;4664;5070;4736;4873;2455;1808;3033;3212;3161;2729;2527;1361;1134;4854;5282;5138;5145;5173;2719;1768
Parque de Santa María;420;4059;4259;4315;4317;4354;3134;2081;3963;4209;4236;4211;4293;2774;2142;2958;3179;3272;3069;2817;2173;1713;4291;4532;4413;4573;4799;3235;2292
Pavones;918;7431;7890;7613;7644;7595;4315;2811;6916;7395;7414;7421;7463;4174;3443;4924;5139;5061;4637;4549;2809;2310;7544;7764;7692;7925;7896;4500;3139
Peñagrande;719;7331;7585;7893;7680;7841;5540;3607;7148;7676;7902;7712;7904;5182;3594;5438;5738;5775;5292;5044;3629;2602;7570;7913;7923;7999;8337;5517;3861
Pinar de Chamartín;153;13904;15215;15351;15246;14813;7909;4562;12952;14651;14392;14568;13831;7270;4884;9693;10148;10011;9046;8163;4557;3142;15010;16257;16156;16333;15337;8274;5298
Pinar del Rey;803;5454;5783;5545;5715;5614;3612;2393;5062;5540;5567;5622;5551;3421;2640;5062;5540;5567;5622;5551;3421;2640;5920;6165;5970;6243;6191;3752;2705
Pío XII;906;5265;5427;5472;5401;5023;2379;1819;5143;5344;5339;5335;4874;2178;1729;3264;3194;3233;2947;2657;1200;991;5617;5848;5668;5707;5103;2289;1652
Pirámides;520;4806;5015;5313;5113;5264;4039;2952;4752;5157;5319;5254;5442;3742;3056;3508;3753;3746;3503;3277;2391;2054;4919;5277;5319;5162;5394;3891;3056
Pitis;723;1684;1856;1983;1799;1484;916;775;1681;1779;1952;1740;1902;947;817;1286;1236;1195;1112;964;644;542;1855;1898;1859;1902;1722;963;852
Plaza de Castilla;101;53454;55909;56157;55408;54358;30406;22872;49302;53408;53468;53488;50949;28944;24661;38747;40579;40648;36595;34529;22004;19454;54550;57092;57573;57191;56241;31696;25874
Plaza de España;308;26116;27243;29262;28900;31008;32841;23232;24790;28055;29222;28919;30836;26905;21681;19501;20244;19241;21271;22373;15201;14230;28218;29843;28633;29349;34797;34896;24352
Plaza Elíptica;605;28392;28088;28536;29002;29987;20961;19795;26255;27960;27761;29363;28705;20017;17047;21729;22330;22380;22360;21746;16125;13685;30242;30579;30101;31862;31649;21269;17684
Portazgo;121;10740;8514;8338;8312;9163;6787;4802;7710;8434;8600;8678;8969;7007;6249;6245;6423;6698;6384;6650;5305;4138;8629;8555;8654;8847;9299;7029;5675
Príncipe de Vergara;204;7552;8171;8263;8413;8466;6718;4554;8364;9225;9126;9447;9452;7981;6286;5565;6335;6190;5319;4925;3302;2462;7872;8451;8252;8720;8944;6903;5022
Príncipe Pío;625;54126;57022;58406;57476;59287;44089;33983;50210;54697;55466;58775;57491;43880;37268;42495;45704;46012;42500;39216;31274;26671;54757;56965;56417;57993;62191;47333;37265
Prosperidad;412;6713;7191;7201;7517;8117;5911;4056;6554;7017;7018;7175;7074;5085;3348;4760;5227;5112;4810;4502;3084;2226;7171;7618;7512;7668;7899;5579;3862
Pueblo Nuevo;505;12911;13476;13954;13749;13642;10934;7740;12763;13549;14134;13986;14249;10752;8172;10222;10905;11066;10667;10589;8385;6614;13557;13924;14025;14343;14853;11334;8341
Puente de Vallecas;119;13237;13313;13749;13499;14429;11652;8828;13243;13577;13598;13919;14500;11435;9304;10824;11173;11444;11047;11176;9402;7551;14107;14032;14040;14027;14771;12620;9862
Puerta de Arganda;922;10722;11165;11141;6780;9538;5191;3827;8889;9836;9637;9684;9874;5650;4327;7181;7382;7363;6787;6471;3942;3237;11778;11546;11852;11818;11752;6188;4618
Puerta de Toledo;518;6346;6678;6799;6775;6839;4259;4643;5663;6139;6384;6013;6008;3846;4387;4052;4124;4118;3633;3555;2432;2995;6563;7275;7238;7115;7068;4437;5137
Puerta del Ángel;626;9978;11088;11158;10770;11331;7958;5994;9480;10325;10528;10871;10381;7730;6310;7281;7741;7790;7286;6950;5157;4050;10619;10992;11440;11232;11600;8258;5198
Quevedo;213;9143;9829;10386;10423;10140;7813;4965;8827;9520;9300;8951;9196;6560;5020;6173;6405;6578;6046;5667;3880;3002;9461;9457;10040;10254;10248;7187;5165
Quintana;506;8580;8942;9029;8859;9578;7128;4926;8158;8760;8856;8809;8933;6758;5228;6414;6690;6776;6751;6438;4874;3830;8786;9325;9326;9463;9756;7372;5474
República Argentina;617;5873;6115;5995;6102;5402;2100;1265;5038;5281;5095;5213;4639;1675;985;3041;3016;3057;2687;2256;749;598;6216;6569;6782;6341;5270;1730;1262
Retiro;205;7622;7708;7606;7588;7071;8468;6039;7449;11126;11163;12066;12785;15017;14675;6482;7192;6816;6684;6143;6439;5939;8048;8034;7262;7480;8210;8421;8297
Ríos Rosas;107;8050;8884;8968;9029;8480;4943;3263;7140;8345;7938;8119;6908;4094;2876;4708;5039;4901;4464;4028;2454;1772;8199;9095;9569;9237;8724;5379;3558
Ronda de la Comunicación;1054;1639;2027;2125;1986;1301;487;388;1555;1971;2002;1779;1166;350;274;1085;1272;1205;1054;679;224;186;1733;2085;2216;1960;1179;517;358
Rubén Darío;511;7407;7910;7751;7956;7258;3453;2140;7604;8150;7939;8133;6960;3333;2452;5125;5510;5225;4618;4065;1950;1466;7523;8101;8305;7724;7085;3447;2148
Sáinz de Baranda;612;10544;11251;11225;11187;10804;6034;4164;10794;10875;10836;10821;10336;5989;4127;6418;6902;6719;5930;5542;2911;2137;10794;11501;11441;11786;11427;6136;4269
San Bernardo;212;9082;9704;10060;10116;9650;5902;3839;8455;9005;9315;8885;8471;5174;3803;5711;6057;6067;5320;4857;3053;2109;9622;10125;10556;10312;9799;5939;4093
San Blas;702;5201;5328;5905;5244;5091;3406;2340;4600;4810;5109;5202;5243;3280;2759;3702;3745;3742;3702;3534;2848;2408;5416;5336;5476;5514;5512;3357;2491
San Cipriano;921;3085;3168;3296;3042;3406;2098;1479;3020;2830;3121;3140;3236;2002;1606;2190;2264;2345;2296;2207;1580;1266;3151;3152;3160;3240;3408;2276;1632
San Cristóbal;356;6767;6761;6857;6651;7155;5467;4497;6620;6922;6919;6905;7114;5436;4405;5632;5641;5609;5484;5547;4777;4080;7461;7309;7129;7270;7692;5707;4900
San Fermín-Orcasur;353;8624;9079;8994;8677;9248;6529;4283;7962;8462;8372;8385;8740;6261;4708;6034;6323;6222;5926;5764;4674;3478;9646;9568;9661;9864;11503;9542;5343
San Francisco;1104;3669;3777;3786;3709;3849;2826;2630;3679;3847;3876;3877;4055;2869;2548;2934;2953;3046;2918;2925;2414;2232;3995;4043;3961;4032;4289;3011;2659
San Lorenzo;419;5413;5973;5917;5861;5290;2853;1860;5240;5848;5744;5779;5105;2757;2054;3829;4043;4046;3705;3297;2065;1474;5600;6022;5877;5938;5647;2997;2080
Santiago Bernabéu;1006;13121;13437;14005;14368;14386;25339;7446;10907;11002;11270;11080;10276;6676;4832;8558;8890;8701;7889;7467;4843;3851;11282;10984;11140;11068;11224;6237;6514
Santo Domingo;210;4758;5055;5279;5423;5931;6606;4903;4860;4942;5247;5246;5788;5509;5011;3649;4366;4337;3998;4245;4215;3138;4711;5170;4995;5202;5966;6194;4489
Serrano;406;7988;8474;8722;9175;8911;6300;3516;7904;8577;8652;8971;8356;5423;3299;6247;6519;6393;5810;5145;3474;2107;8712;9328;9402;9116;9156;6703;5314
Sevilla;207;4123;4600;4835;4951;5409;4655;3459;4358;4594;4690;4567;4958;3922;3243;3181;3710;3610;3345;3201;2456;1845;3999;4441;4690;4400;4559;4124;3003
Sierra de Guadalupe;125;10187;10448;10461;10370;10075;6441;4842;9299;10175;9899;10217;9800;6286;5301;7840;7916;7866;7521;7419;4827;4160;10912;11065;11186;11216;11435;6990;5398
Simancas;703;7027;7145;7858;7249;7386;5361;3864;6841;7202;7333;7264;7918;5369;4375;5540;5647;5613;5515;5465;4427;3282;7224;7426;7315;7407;7785;5421;4193
Sol;112;54854;57528;59556;59107;61488;69589;54244;53704;58854;61065;61798;65865;62217;53598;47846;49362;50856;48602;47764;49141;38810;61665;64180;62085;63231;73485;76828;58668
Suanzes;503;7812;8405;8425;8066;7297;3731;2660;7639;8366;8566;8173;7403;3474;2461;5785;6152;6042;5600;4818;2183;1704;8239;8726;8408;8440;7806;3701;2728
Tetuán;103;11714;12055;12305;12512;12516;9804;7252;11563;12071;12163;12452;12557;9296;7527;8710;9211;9362;8757;8684;6613;5223;12090;12516;12360;12412;13008;10007;7773
Tirso de Molina;113;10724;11134;11616;12202;13544;12503;11340;10883;11860;11935;12418;13174;10896;11266;7906;8835;9036;8789;8743;7516;7397;11667;12688;12844;13038;14402;14149;12703
Torre Arias;502;6190;6497;6579;6143;6172;3783;2407;5510;6239;6132;6218;6077;3507;2654;4195;4446;4323;4013;3805;2505;1751;6622;6644;6780;6856;6762;3991;2725
Tres Olivos;1051;3175;3478;3692;3448;3550;2566;1187;3007;3337;3486;3512;3330;2063;1401;2037;2216;2184;1922;1740;1148;891;2988;3619;2805;3692;3791;2323;1400
Tribunal;110;14790;15896;17021;17873;19683;19342;12115;14331;16013;16675;16471;17924;15427;11244;10654;11814;12109;11431;13449;9523;6997;16489;17366;17675;18194;20517;19844;13116
Urgel;522;9471;9761;9908;9797;10197;7689;5520;9486;9918;10155;10011;10322;8023;6136;7565;7630;7810;7479;7538;6116;4656;10267;10395;10440;10519;10994;8324;6404
Usera;606;17425;17947;17856;18336;19884;26243;26390;17519;18102;18370;18733;18927;15482;12777;14710;15061;15279;15009;15159;12737;10575;18839;18679;18647;18799;19995;16510;13156
Valdeacederas;102;9179;9406;9835;9942;10030;7083;5296;8972;9032;9017;9337;9510;6529;5118;6351;5338;5868;5998;5784;5166;3808;9635;9905;10205;10110;10324;8006;5865
Valdebernardo;919;6473;6940;6830;7179;6901;4042;2761;5811;6523;6461;6611;6473;3878;3043;3963;4092;4171;3878;3683;2415;1727;6523;6875;6780;6943;7053;4270;2936
Valdecarros;130;3505;3587;3749;3677;3607;2393;1443;3426;3789;3915;3855;3857;2357;1753;2657;2790;2855;2632;2629;1806;1204;4103;4224;4114;4218;4296;2845;1896
Valdezarza;717;4038;4329;4545;4407;4651;3317;2232;3884;4246;4254;4308;4334;3005;2263;2869;3082;3047;2823;2651;1797;1321;4256;4560;4452;4644;4725;3314;2403
Velázquez;407;7017;7390;7389;7785;7491;4523;2765;7150;7499;7497;7431;6831;3908;2734;5127;5648;5404;4864;3815;2366;1668;7530;8132;8091;7850;7318;4485;3320
Ventas;201;8444;8969;9254;8968;9845;8413;5361;8408;9083;9417;9443;10004;6967;10445;6102;6424;6249;5895;5684;4225;4290;8720;8978;8748;9226;9755;8206;5889
Ventilla;903;4465;4642;4685;4841;4572;3077;2550;4498;4601;4621;4840;4689;3037;2868;3208;3294;3284;3385;3106;2165;2206;4977;4905;5042;5200;5093;3196;2964
Ventura Rodríguez;309;5734;5832;6214;6175;6140;2988;2329;5384;5518;5655;5394;5121;2557;2009;3124;3348;3447;3191;2979;1721;1493;5723;6247;6592;5902;5720;3269;2270
Vicálvaro;920;7051;7197;7251;6390;6453;3288;2286;4348;4907;5003;4997;4961;3336;2407;3215;3255;3287;3058;3060;2144;1713;7517;7667;7604;7579;7285;3691;2677
Vicente Aleixandre;621;7221;7503;7794;7799;7017;2438;1439;4143;4006;3945;4162;3789;1266;970;1893;1963;1979;1825;1352;485;379;7310;8977;8886;9174;8094;2610;1458
Villa de Vallecas;126;6902;7287;6977;7038;7392;5676;4000;6709;7417;7168;7399;7370;5178;4164;5181;5612;5585;5285;5309;4305;3300;7516;7874;7569;7726;8281;5902;4421
Villaverde Alto;357;11134;11463;11784;11352;11967;7958;6154;10974;11698;11671;12073;11787;7754;6341;9314;9496;9466;9113;9523;7068;5406;13937;12920;12547;12815;13311;8417;6550
Villaverde Bajo-Cruce;355;14979;15312;15361;15157;16399;10656;7989;14583;15820;15407;15787;15614;11080;8715;12345;12332;12657;11803;12075;9584;7485;17578;17199;16000;16315;17037;11796;9014
Vinateros;916;7135;7639;7481;7436;7598;4370;2921;6517;7160;7048;7051;6814;4290;3221;4283;4595;4527;4222;4130;2619;1969;7472;7556;7671;7760;7724;4513;3277
Vista Alegre;524;8118;8456;8439;8484;8584;8206;5027;8038;8624;8592;8557;10388;8813;5618;6469;6746;6816;6850;6813;5851;4721;8643;8823;9365;8681;9099;7458;5709