cod_est;nom_est;edad_media;hog_tot;pob_tot;pers_hog;renta_pers;renta_hog;%pob_ext;%pob_15;%pob_1664;%pob_65;densidad;%hog_1;%hog_2;%hog_3;%hog_4;%hog_5;%hog_6;%hog_7;%hog_8;%hog_9;%hog_10;%hog_11;%hog_12;%hog_13;%hog_14;%hog_15;%hog_16;%hog_17;%hog_18;%hog_19;%hog_20;%hog_21;%hog_22;Eventodromo;conducta;por_pobact;dem_mens_promedio_24_miles;nu_lineas;nu_lin_cerc;nu_businter;in_bus_lr;in_renfe_lr;in_oficinattp;in_eventos;in_parkdisgra;in_parkdispag
101;Plaza de Castilla;44,95;7055;15090;2,1;24556,77;55361,91;0,1599;0,1124;0,6466;0,2072;200,12;0,1354;0,1229;0,0999;0,0426;0,0131;0,0037;0,1271;0,1099;0,0305;0,0274;0,0121;0,0352;0,0086;0,0085;0,0695;0,0261;0,0052;0,0017;0,0327;0,0524;0,0010;0,0006;;labvol;0,4266;1320,35;3;0;28;1;0;1;0;0;0
102;Valdeacederas;44,64;10873;22733;2,1;18562,64;40870,37;0,2122;0,0929;0,6880;0,2019;299,72;0,1478;0,1385;0,1008;0,0397;0,0133;0,0037;0,1507;0,1052;0,0352;0,0229;0,0045;0,0360;0,0099;0,0049;0,0650;0,0219;0,0033;0,0010;0,0316;0,0459;0,0003;0,0005;;finest;0,4486;245,13;1;0;0;0;0;0;0;0;0
103;Tetuán;44,28;12617;26874;2,1;18618,16;42183,57;0,2353;0,0995;0,6869;0,1911;354,53;0,1469;0,1360;0,0960;0,0315;0,0140;0,0029;0,1548;0,1043;0,0389;0,0238;0,0054;0,0366;0,0100;0,0047;0,0666;0,0217;0,0035;0,0009;0,0297;0,0485;0,0002;0,0005;;finest;0,4492;317,74;1;0;0;0;0;0;0;0;0
104;Estrecho;43,81;14380;32697;2,3;16596,85;39787,29;0,2504;0,1072;0,6820;0,1841;433,79;0,1265;0,1242;0,1032;0,0291;0,0141;0,0033;0,1436;0,1042;0,0395;0,0273;0,0054;0,0424;0,0117;0,0050;0,0697;0,0243;0,0045;0,0019;0,0360;0,0562;0,0006;0,0006;;finest;0,4460;437,31;1;0;0;0;0;0;0;0;0
105;Alvarado;43,30;15483;34120;2,2;16579,14;38778,14;0,2630;0,0987;0,6881;0,1730;452,15;0,1408;0,1370;0,0994;0,0290;0,0141;0,0028;0,1442;0,0907;0,0373;0,0246;0,0047;0,0369;0,0106;0,0043;0,0647;0,0225;0,0035;0,0019;0,0357;0,0543;0,0004;0,0004;;finest;0,4537;189,89;1;0;0;0;0;0;0;0;0
106;Cuatro Caminos;44,21;12588;27427;2,2;19462,52;44736,60;0,1940;0,0970;0,6528;0,1998;360,87;0,1347;0,1268;0,1084;0,0323;0,0127;0,0028;0,1337;0,1053;0,0363;0,0290;0,0072;0,0352;0,0096;0,0032;0,0659;0,0233;0,0033;0,0010;0,0329;0,0454;0,0003;0,0003;;finest;0,4407;613,13;3;0;0;0;0;0;0;0;0
107;Ríos Rosas;46,09;11092;22920;2,1;25709,50;55991,24;0,1449;0,0967;0,6512;0,2268;299,07;0,1470;0,1267;0,1160;0,0327;0,0126;0,0037;0,1321;0,1194;0,0359;0,0334;0,0084;0,0367;0,0093;0,0023;0,0690;0,0263;0,0041;0,0003;0,0278;0,0300;0,0005;0,0006;;labest;0,4213;192,60;1;0;0;0;0;1;0;0;0
108;Iglesia;45,58;13962;28643;2,1;26177,25;57577,29;0,1761;0,0996;0,6493;0,2268;374,73;0,1574;0,1347;0,1058;0,0359;0,0144;0,0046;0,1341;0,1123;0,0350;0,0285;0,0093;0,0360;0,0080;0,0044;0,0631;0,0258;0,0036;0,0007;0,0289;0,0311;0,0013;0,0009;;labest;0,4267;285,03;1;0;0;0;0;0;0;0;0
109;Bilbao;44,64;14455;27396;1,9;24654,50;49638,46;0,2217;0,0797;0,6906;0,1867;362,66;0,1738;0,1774;0,0846;0,0327;0,0132;0,0031;0,1565;0,0889;0,0324;0,0214;0,0055;0,0286;0,0064;0,0023;0,0566;0,0202;0,0028;0,0004;0,0224;0,0265;0,0010;0,0004;;finest;0,4609;376,37;2;0;0;0;0;0;0;0;0
110;Tribunal;43,71;15667;28634;1,8;22614,65;44191,69;0,2701;0,0677;0,7368;0,1535;379,68;0,1867;0,2072;0,0691;0,0321;0,0113;0,0021;0,1758;0,0697;0,0275;0,0152;0,0035;0,0271;0,0056;0,0019;0,0518;0,0166;0,0025;0,0005;0,0220;0,0285;0,0008;0,0005;;finvol;0,4907;470,44;2;0;0;0;0;0;0;0;0
111;Gran Vía;43,21;10583;19323;1,8;20543,52;41039,45;0,3477;0,0572;0,7754;0,1437;255,61;0,1824;0,2342;0,0589;0,0342;0,0075;0,0030;0,1875;0,0634;0,0236;0,0105;0,0020;0,0259;0,0056;0,0022;0,0530;0,0141;0,0010;0,0007;0,0296;0,0355;0,0011;0,0005;;finvol;0,5064;687,63;2;3;0;0;0;0;0;0;0
112;Sol;43,35;8198;15157;1,8;20246,06;40927,43;0,3502;0,0600;0,7631;0,1511;201,84;0,1826;0,2187;0,0599;0,0370;0,0080;0,0038;0,1852;0,0681;0,0249;0,0098;0,0019;0,0242;0,0056;0,0020;0,0590;0,0128;0,0013;0,0007;0,0306;0,0366;0,0010;0,0003;;finvol;0,4967;1808,25;3;3;0;0;0;1;0;0;0
113;Tirso de Molina;42,58;16362;30941;1,9;17438,21;35340,17;0,3335;0,0685;0,7575;0,1349;412,86;0,1839;0,2085;0,0583;0,0339;0,0114;0,0030;0,1895;0,0630;0,0271;0,0140;0,0021;0,0250;0,0053;0,0021;0,0577;0,0114;0,0019;0,0007;0,0255;0,0353;0,0008;0,0003;;finvol;0,5016;355,17;1;0;0;0;0;0;0;0;0
114;Antón Martín;42,94;15583;28820;1,8;18045,00;35994,67;0,3317;0,0651;0,7679;0,1494;386,30;0,1937;0,2140;0,0629;0,0363;0,0096;0,0025;0,1878;0,0695;0,0275;0,0131;0,0020;0,0260;0,0053;0,0021;0,0546;0,0142;0,0026;0,0006;0,0254;0,0312;0,0010;0,0004;;finest;0,5004;241,99;1;0;0;0;0;0;0;0;0
115;Estación del Arte;45,90;6615;12711;1,9;21281,72;45182,56;0,2112;0,0943;0,6632;0,2153;168,25;0,1357;0,1427;0,0930;0,0416;0,0125;0,0029;0,1426;0,1145;0,0386;0,0260;0,0088;0,0364;0,0092;0,0054;0,0697;0,0251;0,0034;0,0010;0,0282;0,0341;0,0003;0,0012;;finvol;0,4534;239,84;1;0;0;0;0;0;0;0;0
116;Atocha-Renfe;45,58;4674;9680;2,1;20235,50;45274,07;0,1773;0,1133;0,6658;0,2084;126,80;0,1183;0,1219;0,0921;0,0350;0,0161;0,0045;0,1483;0,1152;0,0483;0,0365;0,0110;0,0428;0,0116;0,0064;0,0731;0,0327;0,0048;0,0013;0,0290;0,0373;0,0004;0,0007;;finvol;0,4439;728,56;1;9;0;0;1;0;0;0;1
117;Menéndez Pelayo;48,01;12126;26637;2,2;22875,37;51654,28;0,1207;0,1107;0,6481;0,2226;345,25;0,1062;0,0929;0,1049;0,0312;0,0162;0,0051;0,1453;0,1332;0,0491;0,0411;0,0092;0,0526;0,0125;0,0051;0,0706;0,0427;0,0039;0,0011;0,0280;0,0298;0,0003;0,0003;;labest;0,4048;177,92;1;0;0;0;0;0;0;0;0
118;Pacífico;46,73;11843;26276;2,2;21994,33;50217,08;0,1034;0,1198;0,6533;0,2171;342,99;0,1046;0,0933;0,1003;0,0272;0,0170;0,0047;0,1469;0,1327;0,0560;0,0463;0,0091;0,0562;0,0157;0,0054;0,0702;0,0461;0,0042;0,0018;0,0262;0,0257;0,0004;0,0003;;labest;0,4113;461,78;2;0;0;0;0;1;0;0;0
119;Puente de Vallecas;42,64;11613;26870;2,3;15441,25;37219,73;0,2433;0,1246;0,6997;0,1539;359,60;0,1180;0,1231;0,0749;0,0264;0,0204;0,0039;0,1646;0,0902;0,0514;0,0362;0,0082;0,0473;0,0157;0,0059;0,0679;0,0287;0,0061;0,0024;0,0357;0,0499;0,0007;0,0007;;finest;0,4546;376,47;1;0;0;0;0;0;0;0;0
120;Nueva Numancia;41,00;13303;33449;2,5;10482,10;27903,32;0,3716;0,1259;0,7233;0,1288;455,43;0,1037;0,1143;0,0823;0,0276;0,0207;0,0026;0,1447;0,0823;0,0430;0,0255;0,0075;0,0489;0,0187;0,0073;0,0744;0,0263;0,0069;0,0046;0,0470;0,0875;0,0011;0,0009;VALL;finvol;0,4671;414,48;1;0;0;0;0;0;1;0;0
121;Portazgo;42,80;8670;22264;2,6;11342,34;30375,63;0,2968;0,1227;0,6768;0,1836;298,80;0,0805;0,0852;0,1079;0,0317;0,0200;0,0031;0,1277;0,1285;0,0388;0,0257;0,0068;0,0542;0,0173;0,0079;0,0779;0,0311;0,0078;0,0054;0,0423;0,0812;0,0012;0,0010;VALL;evento;0,4443;233,40;1;0;0;0;0;0;1;0;0
122;Buenos Aires;44,51;5207;12909;2,5;11966,81;30809,13;0,2167;0,1161;0,6341;0,2007;170,86;0,0757;0,0755;0,1097;0,0329;0,0188;0,0027;0,1220;0,1377;0,0431;0,0268;0,0065;0,0575;0,0145;0,0072;0,0770;0,0290;0,0055;0,0036;0,0392;0,0647;0,0008;0,0007;VALL;finest;0,4300;161,86;1;0;0;0;0;0;1;0;0
123;Alto del Arenal;44,73;8898;22558;2,5;11652,77;30200,60;0,2105;0,1267;0,6594;0,2022;298,97;0,0720;0,0759;0,1095;0,0325;0,0210;0,0025;0,1195;0,1412;0,0473;0,0335;0,0077;0,0652;0,0174;0,0069;0,0899;0,0334;0,0064;0,0031;0,0453;0,0567;0,0009;0,0005;;finest;0,4246;193,37;1;0;0;0;0;0;0;0;0
124;Miguel Hernández;45,13;8509;22014;2,6;11837,35;31224,39;0,1808;0,1181;0,6637;0,2024;289,10;0,0661;0,0791;0,0935;0,0309;0,0181;0,0024;0,1232;0,1430;0,0464;0,0369;0,0064;0,0773;0,0193;0,0060;0,0857;0,0432;0,0072;0,0033;0,0427;0,0526;0,0005;0,0004;;finest;0,4244;213,97;1;0;0;0;0;0;0;0;1
125;Sierra de Guadalupe;43,02;4243;10989;2,6;12131,95;32686,89;0,1978;0,1180;0,6840;0,1726;145,69;0,0717;0,0873;0,0741;0,0262;0,0213;0,0024;0,1281;0,1195;0,0487;0,0350;0,0072;0,0800;0,0206;0,0067;0,0749;0,0568;0,0062;0,0034;0,0427;0,0615;0,0004;0,0001;;labest;0,4390;258,81;1;3;0;0;0;0;0;0;1
126;Villa de Vallecas;43,56;8025;20459;2,5;11287,93;29844,04;0,2220;0,1297;0,6799;0,1829;273,64;0,0697;0,0814;0,0966;0,0304;0,0211;0,0025;0,1250;0,1261;0,0515;0,0361;0,0088;0,0670;0,0217;0,0086;0,0796;0,0443;0,0077;0,0032;0,0447;0,0656;0,0007;0,0002;;finest;0,4273;189,20;1;0;0;0;0;0;0;0;0
127;Congosto;42,80;6414;16174;2,5;13276,20;34164,51;0,1310;0,1504;0,6764;0,1592;210,01;0,0893;0,0920;0,0712;0,0227;0,0268;0,0038;0,1410;0,1122;0,0743;0,0626;0,0095;0,0699;0,0275;0,0054;0,0669;0,0431;0,0054;0,0033;0,0266;0,0317;0,0003;0,0003;;labest;0,4396;131,50;1;0;0;0;0;0;0;0;0
128;La Gavia;36,70;3489;8872;2,5;16492,26;42518,20;0,1120;0,2349;0,6846;0,0752;115,56;0,1138;0,1282;0,0263;0,0113;0,0371;0,0095;0,1502;0,0516;0,1167;0,1306;0,0177;0,0423;0,0282;0,0071;0,0462;0,0280;0,0040;0,0032;0,0213;0,0207;0,0003;0,0004;;labest;0,4380;105,89;1;0;0;0;0;0;0;0;0
129;Las Suertes;36,05;4498;10915;2,4;15046,50;39053,26;0,1781;0,2179;0,7265;0,0558;148,37;0,1092;0,1236;0,0216;0,0106;0,0411;0,0066;0,1750;0,0383;0,1097;0,0986;0,0220;0,0480;0,0293;0,0100;0,0504;0,0384;0,0070;0,0029;0,0242;0,0324;0,0000;0,0012;;finest;0,4631;186,72;1;0;0;0;0;0;0;0;0
130;Valdecarros;35,15;3867;8522;2,2;15482,19;37564,12;0,1795;0,2287;0,7255;0,0463;119,19;0,1199;0,1375;0,0167;0,0087;0,0414;0,0071;0,1871;0,0295;0,1106;0,0991;0,0249;0,0405;0,0286;0,0101;0,0452;0,0302;0,0068;0,0035;0,0208;0,0307;0,0001;0,0017;;labest;0,4645;94,26;1;0;0;0;0;0;0;0;0
151;Chamartín;45,01;3021;7154;2,4;26574,33;63872,69;0,1371;0,1311;0,6466;0,2079;93,42;0,1144;0,1050;0,0876;0,0330;0,0125;0,0060;0,1299;0,1245;0,0419;0,0453;0,0253;0,0460;0,0097;0,0061;0,0778;0,0409;0,0067;0,0002;0,0309;0,0408;0,0007;0,0004;;finvol;0,4073;561,67;2;9;2;0;1;0;0;0;0
152;Bambú;43,91;2108;5769;2,7;28654,28;79865,69;0,1184;0,1327;0,6539;0,2139;74,44;0,1051;0,0964;0,0815;0,0300;0,0126;0,0052;0,1189;0,1373;0,0434;0,0438;0,0280;0,0595;0,0106;0,0075;0,0854;0,0483;0,0086;0,0018;0,0312;0,0438;0,0007;0,0011;;labest;0,3866;88,61;1;0;0;0;0;0;0;0;0
153;Pinar de Chamartín;45,51;6765;17312;2,6;24627,40;64592,72;0,0834;0,1330;0,6380;0,2266;225,18;0,0686;0,0672;0,1033;0,0318;0,0170;0,0064;0,1040;0,1558;0,0454;0,0494;0,0210;0,0660;0,0165;0,0082;0,0787;0,0639;0,0096;0,0026;0,0318;0,0490;0,0003;0,0009;;labest;0,4037;344,05;3;0;0;0;0;0;0;0;0
201;Ventas;46,51;8637;19024;2,2;21838,00;49584,76;0,1499;0,1001;0,6337;0,2352;249,06;0,1161;0,0968;0,1163;0,0365;0,0139;0,0021;0,1295;0,1298;0,0440;0,0367;0,0068;0,0466;0,0123;0,0029;0,0734;0,0358;0,0036;0,0005;0,0309;0,0334;0,0010;0,0002;LVES;evento;0,4128;258,68;2;0;0;0;0;0;1;0;0
202;Manuel Becerra;45,90;14450;30839;2,1;23898,89;53942,78;0,1731;0,0982;0,6232;0,2230;404,83;0,1332;0,1019;0,1111;0,0356;0,0128;0,0029;0,1290;0,1199;0,0375;0,0318;0,0089;0,0384;0,0095;0,0043;0,0726;0,0275;0,0030;0,0011;0,0297;0,0329;0,0004;0,0002;LVES/PADE;labest;0,4186;342,86;2;0;0;0;0;0;1;0;0
203;Goya;46,22;14047;29647;2,1;27494,89;62669,14;0,1881;0,0983;0,6283;0,2363;388,41;0,1396;0,1074;0,1083;0,0391;0,0134;0,0028;0,1246;0,1308;0,0336;0,0282;0,0090;0,0389;0,0094;0,0041;0,0734;0,0269;0,0043;0,0014;0,0319;0,0349;0,0002;0,0006;PADE;evento;0,4172;598,56;2;0;0;0;0;0;1;0;0
204;Príncipe de Vergara;46,56;9915;21290;2,1;30392,21;72038,71;0,1914;0,1037;0,6295;0,2437;277,00;0,1296;0,1090;0,1081;0,0393;0,0132;0,0036;0,1234;0,1321;0,0363;0,0278;0,0108;0,0390;0,0086;0,0044;0,0825;0,0272;0,0051;0,0014;0,0343;0,0400;0,0004;0,0010;PADE;finest;0,4119;216,93;2;0;0;0;0;0;1;0;0
205;Retiro;47,05;3260;7252;2,2;33930,63;92500,21;0,1975;0,1062;0,6434;0,2509;94,51;0,1111;0,1149;0,1086;0,0450;0,0128;0,0044;0,1184;0,1391;0,0325;0,0321;0,0115;0,0433;0,0086;0,0046;0,0919;0,0316;0,0052;0,0012;0,0356;0,0463;0,0007;0,0012;;finvol;0,4136;259,50;1;0;0;0;0;0;0;0;0
206;Banco de España;44,58;4773;9359;2,0;29140,18;64459,56;0,2538;0,0794;0,7225;0,1760;122,59;0,1629;0,1904;0,0683;0,0422;0,0115;0,0045;0,1543;0,0949;0,0286;0,0216;0,0067;0,0330;0,0076;0,0035;0,0556;0,0259;0,0018;0,0000;0,0236;0,0385;0,0012;0,0013;;finest;0,4763;284,27;1;0;0;0;0;0;0;0;0
207;Sevilla;43,53;7445;13666;1,8;21882,36;43981,02;0,3361;0,0592;0,7644;0,1550;181,02;0,1861;0,2265;0,0597;0,0364;0,0074;0,0030;0,1812;0,0719;0,0264;0,0109;0,0025;0,0249;0,0058;0,0020;0,0519;0,0161;0,0013;0,0004;0,0287;0,0337;0,0012;0,0005;;finest;0,5008;136,55;1;0;0;0;0;0;0;0;0
209;Ópera;44,94;7485;14172;1,9;22430,73;45785,15;0,2892;0,0675;0,7369;0,1926;186,72;0,1620;0,1981;0,0814;0,0445;0,0085;0,0038;0,1751;0,0895;0,0269;0,0158;0,0030;0,0305;0,0072;0,0020;0,0646;0,0140;0,0016;0,0010;0,0298;0,0360;0,0006;0,0010;;finvol;0,4752;519,26;3;0;0;0;0;0;0;0;0
210;Santo Domingo;43,74;10651;19828;1,9;20953,69;42076,83;0,2989;0,0624;0,7462;0,1658;261,77;0,1714;0,2084;0,0726;0,0392;0,0079;0,0031;0,1827;0,0746;0,0230;0,0138;0,0024;0,0284;0,0060;0,0022;0,0569;0,0144;0,0015;0,0008;0,0283;0,0353;0,0008;0,0006;;finest;0,4935;161,45;1;0;0;0;0;0;0;0;0
211;Noviciado;43,56;15413;27850;1,8;20906,60;40615,93;0,2846;0,0664;0,7630;0,1572;369,18;0,1902;0,2154;0,0713;0,0347;0,0095;0,0028;0,1911;0,0686;0,0264;0,0157;0,0020;0,0273;0,0050;0,0020;0,0537;0,0132;0,0021;0,0005;0,0246;0,0294;0,0007;0,0004;;finest;0,4934;167,18;2;0;0;0;0;0;0;0;0
212;San Bernardo;44,99;15481;29336;1,9;24808,88;50055,38;0,2018;0,0789;0,6777;0,1977;388,03;0,1626;0,1657;0,0935;0,0316;0,0120;0,0026;0,1553;0,0963;0,0326;0,0230;0,0052;0,0297;0,0065;0,0025;0,0594;0,0219;0,0036;0,0006;0,0226;0,0259;0,0007;0,0003;;labest;0,4538;222,98;2;0;0;0;0;0;0;0;0
213;Quevedo;45,40;16783;33214;2,0;24392,96;51249,42;0,1702;0,0937;0,6663;0,2206;436,27;0,1581;0,1394;0,1093;0,0330;0,0142;0,0031;0,1456;0,1132;0,0365;0,0297;0,0070;0,0345;0,0082;0,0034;0,0633;0,0249;0,0034;0,0004;0,0261;0,0266;0,0004;0,0005;;labest;0,4321;236,77;1;0;0;0;0;0;0;0;0
214;Canal;45,49;13071;26350;2,0;23846,58;50980,06;0,1429;0,0953;0,6491;0,2171;344,27;0,1503;0,1300;0,1135;0,0322;0,0122;0,0035;0,1365;0,1128;0,0353;0,0316;0,0074;0,0368;0,0088;0,0030;0,0651;0,0247;0,0040;0,0006;0,0263;0,0260;0,0002;0,0006;;labest;0,4286;240,70;2;0;0;0;0;0;0;0;0
251;La Elipa;45,31;10352;24405;2,4;13794,23;33718,46;0,1932;0,0991;0,6422;0,2063;323,40;0,0798;0,0905;0,1034;0,0324;0,0129;0,0034;0,1244;0,1411;0,0412;0,0273;0,0035;0,0551;0,0208;0,0054;0,0760;0,0341;0,0058;0,0019;0,0387;0,0494;0,0005;0,0003;;finest;0,4365;260,42;1;0;0;0;0;0;0;0;0
252;La Almudena;44,33;4550;11380;2,5;14077,60;36437,94;0,1581;0,1120;0,6379;0,2430;151,19;0,0599;0,0740;0,0970;0,0320;0,0162;0,0060;0,1117;0,1807;0,0448;0,0395;0,0042;0,0682;0,0277;0,0080;0,0809;0,0507;0,0057;0,0013;0,0395;0,0443;0,0007;0,0001;;finest;0,4264;117,26;1;0;0;0;0;0;0;0;0
253;Alsacia;45,72;4712;11959;2,5;16501,56;42912,11;0,0906;0,1346;0,6748;0,1882;156,01;0,0591;0,0732;0,0841;0,0238;0,0180;0,0045;0,1141;0,1367;0,0658;0,0593;0,0109;0,0805;0,0385;0,0065;0,0731;0,0748;0,0059;0,0023;0,0277;0,0379;0,0002;0,0007;;finest;0,4205;178,72;1;0;1;0;0;0;0;0;0
254;Avenida de Guadalajara;44,34;5411;14784;2,7;16035,94;43808,01;0,0832;0,1112;0,7079;0,1614;191,54;0,0568;0,0700;0,0644;0,0213;0,0172;0,0032;0,1205;0,1098;0,0541;0,0459;0,0082;0,1009;0,0350;0,0045;0,0745;0,1082;0,0090;0,0019;0,0287;0,0453;0,0005;0,0007;;finest;0,4522;115,36;1;0;0;0;0;0;0;0;0
255;Las Rosas;42,66;4222;11772;2,8;19356,36;54096,13;0,0590;0,1209;0,7600;0,1197;150,74;0,0701;0,0733;0,0419;0,0166;0,0201;0,0043;0,1251;0,0901;0,0576;0,0636;0,0087;0,1177;0,0409;0,0044;0,0668;0,1404;0,0084;0,0011;0,0181;0,0305;0,0006;0,0004;MTRP;labest;0,4820;111,02;1;0;0;0;0;0;1;0;0
301;Legazpi;43,02;8487;19635;2,3;19996,32;48047,22;0,1593;0,1292;0,7066;0,1467;257,86;0,1265;0,1169;0,0692;0,0239;0,0177;0,0042;0,1687;0,0886;0,0581;0,0532;0,0072;0,0549;0,0179;0,0046;0,0588;0,0422;0,0038;0,0011;0,0268;0,0376;0,0001;0,0005;;finest;0,4499;666,57;2;0;8;0;0;0;0;0;0
302;Delicias;45,85;15252;31752;2,1;19353,35;42081,02;0,1553;0,1039;0,6793;0,2051;415,86;0,1310;0,1313;0,1000;0,0312;0,0160;0,0033;0,1617;0,1119;0,0456;0,0381;0,0061;0,0397;0,0114;0,0033;0,0637;0,0306;0,0042;0,0011;0,0272;0,0300;0,0004;0,0007;;labest;0,4366;305,30;1;1;0;0;0;0;0;0;0
303;Palos de la Frontera;45,92;13626;27878;2,0;19574,24;41859,62;0,1632;0,1037;0,6925;0,2043;366,17;0,1330;0,1393;0,1002;0,0311;0,0162;0,0032;0,1664;0,1105;0,0482;0,0341;0,0073;0,0380;0,0117;0,0041;0,0638;0,0296;0,0039;0,0012;0,0260;0,0314;0,0005;0,0008;;finest;0,4406;228,83;1;0;0;0;0;0;0;0;0
304;Embajadores;45,18;16087;32425;2,0;19066,47;39918,80;0,1905;0,0804;0,6805;0,1866;427,32;0,1491;0,1522;0,0915;0,0300;0,0127;0,0029;0,1573;0,0986;0,0356;0,0213;0,0045;0,0360;0,0082;0,0023;0,0620;0,0247;0,0023;0,0007;0,0290;0,0255;0,0003;0,0007;;finest;0,4574;534,61;2;1;0;0;0;0;0;0;0
305;Lavapiés;42,91;18890;36108;1,9;16580,47;33627,90;0,2926;0,0756;0,7456;0,1526;483,53;0,1778;0,1996;0,0753;0,0331;0,0117;0,0020;0,1776;0,0744;0,0308;0,0155;0,0038;0,0291;0,0069;0,0026;0,0581;0,0141;0,0021;0,0009;0,0255;0,0318;0,0007;0,0006;;finest;0,4942;342,35;1;0;0;0;0;0;0;0;0
307;Callao;43,61;11167;20817;1,9;20620,00;41659,11;0,3305;0,0588;0,7642;0,1538;275,16;0,1765;0,2182;0,0650;0,0383;0,0078;0,0031;0,1875;0,0674;0,0211;0,0111;0,0024;0,0269;0,0049;0,0023;0,0583;0,0149;0,0014;0,0008;0,0300;0,0375;0,0010;0,0004;;finvol;0,4981;652,19;2;0;0;0;0;0;0;0;0
308;Plaza de España;44,01;10293;19291;1,9;22140,98;44303,64;0,2551;0,0721;0,7273;0,1811;254,58;0,1678;0,1847;0,0836;0,0397;0,0105;0,0032;0,1795;0,0874;0,0282;0,0191;0,0032;0,0304;0,0073;0,0019;0,0551;0,0181;0,0020;0,0010;0,0255;0,0302;0,0011;0,0009;;finvol;0,4751;843,83;3;0;0;0;0;0;0;0;0
309;Ventura Rodríguez;44,01;10293;19291;1,9;22140,98;44303,64;0,2551;0,0721;0,7273;0,1811;254,58;0,1678;0,1847;0,0836;0,0397;0,0105;0,0032;0,1795;0,0874;0,0282;0,0191;0,0032;0,0304;0,0073;0,0019;0,0551;0,0181;0,0020;0,0010;0,0255;0,0302;0,0011;0,0009;;labest;0,4751;132,40;1;0;0;0;0;0;0;0;0
310;Argüelles;46,31;12823;27298;2,1;25654,50;57394,49;0,1668;0,0894;0,6548;0,2397;355,49;0,1366;0,1282;0,1153;0,0362;0,0109;0,0027;0,1359;0,1238;0,0357;0,0287;0,0083;0,0358;0,0083;0,0030;0,0747;0,0267;0,0042;0,0005;0,0317;0,0347;0,0017;0,0004;;labvol;0,4224;711,23;3;0;0;0;0;0;0;0;0
311;Moncloa;46,65;8574;18622;2,2;24376,15;55004,96;0,1706;0,0776;0,6509;0,2425;242,07;0,1100;0,1074;0,1155;0,0400;0,0130;0,0018;0,1105;0,1575;0,0331;0,0279;0,0062;0,0446;0,0103;0,0035;0,0723;0,0436;0,0042;0,0011;0,0276;0,0350;0,0057;0,0001;;labvol;0,4153;1812,37;2;0;30;1;0;1;0;0;0
351;Almendrales;41,68;7242;19009;2,6;13091,57;35873,46;0,2370;0,1536;0,7010;0,1399;253,25;0,0875;0,1028;0,0804;0,0243;0,0237;0,0058;0,1367;0,0937;0,0673;0,0570;0,0093;0,0556;0,0218;0,0064;0,0656;0,0420;0,0080;0,0033;0,0398;0,0625;0,0005;0,0006;;finest;0,4486;227,95;1;0;7;0;0;0;0;0;0
352;Hospital 12 de Octubre;41,70;3061;8185;2,7;11830,33;32469,36;0,2092;0,1543;0,7291;0,0994;107,77;0,1078;0,1543;0,0413;0,0157;0,0250;0,0057;0,1537;0,0641;0,0760;0,0526;0,0086;0,0572;0,0268;0,0062;0,0678;0,0309;0,0056;0,0019;0,0358;0,0443;0,0002;0,0014;;labest;0,4411;187,62;1;1;7;0;0;0;0;0;0
353;San Fermín-Orcasur;42,29;5301;14579;2,8;11043,82;31232,23;0,2242;0,1394;0,7148;0,1408;193,47;0,0677;0,0849;0,0673;0,0264;0,0214;0,0035;0,1279;0,1031;0,0523;0,0361;0,0109;0,0757;0,0302;0,0093;0,0852;0,0551;0,0094;0,0049;0,0499;0,0715;0,0008;0,0018;;finest;0,4466;234,28;1;0;7;0;0;0;1;0;0
354;Ciudad de los Ángeles;45,98;6413;16493;2,6;12918,03;34096,17;0,1796;0,1028;0,6808;0,2040;218,33;0,0615;0,0594;0,1097;0,0313;0,0147;0,0013;0,1069;0,1550;0,0364;0,0268;0,0055;0,0894;0,0240;0,0077;0,0821;0,0664;0,0066;0,0033;0,0364;0,0626;0,0002;0,0006;;finest;0,4292;269,17;1;0;7;0;0;0;0;0;0
355;Villaverde Bajo-Cruce;43,82;7303;19835;2,7;10431,44;29356,16;0,2770;0,1356;0,6454;0,1877;267,65;0,0561;0,0701;0,0921;0,0309;0,0202;0,0021;0,1128;0,1467;0,0469;0,0281;0,0124;0,0551;0,0172;0,0098;0,0896;0,0267;0,0105;0,0046;0,0509;0,0848;0,0003;0,0007;;finest;0,4177;408,75;1;0;7;0;0;0;0;0;0
356;San Cristóbal;37,95;3020;9404;3,1;7814,52;25812,11;0,3063;0,1687;0,7312;0,0806;130,75;0,0637;0,1074;0,0466;0,0173;0,0245;0,0051;0,1157;0,0620;0,0501;0,0373;0,0186;0,0737;0,0393;0,0153;0,0781;0,0578;0,0151;0,0059;0,0479;0,0970;0,0013;0,0010;;finest;0,4561;187,61;1;0;0;0;0;0;0;0;0
357;Villaverde Alto;41,67;5525;15111;2,7;9706,33;27854,31;0,2697;0,1494;0,7145;0,1133;205,30;0,0610;0,1037;0,0585;0,0210;0,0245;0,0059;0,1209;0,0839;0,0578;0,0349;0,0105;0,0740;0,0396;0,0130;0,0771;0,0563;0,0125;0,0049;0,0392;0,0768;0,0004;0,0007;;labest;0,4407;312,44;1;2;0;0;0;0;0;0;1
404;Alonso Martínez;45,20;8358;16905;2,0;29238,43;64559,86;0,2097;0,0874;0,6938;0,2052;221,48;0,1627;0,1675;0,0866;0,0407;0,0135;0,0040;0,1481;0,0994;0,0290;0,0232;0,0072;0,0334;0,0085;0,0029;0,0597;0,0237;0,0041;0,0006;0,0291;0,0404;0,0011;0,0010;;labest;0,4512;459,67;3;0;0;0;0;0;0;0;0
405;Colón;45,98;4580;9297;2,0;33781,03;84165,93;0,2213;0,0943;0,6734;0,2230;122,08;0,1585;0,1574;0,0897;0,0500;0,0152;0,0039;0,1376;0,1087;0,0256;0,0236;0,0067;0,0321;0,0091;0,0021;0,0679;0,0258;0,0048;0,0004;0,0284;0,0406;0,0007;0,0020;;labest;0,4376;103,05;1;0;0;0;0;0;0;0;0
406;Serrano;46,30;5933;12684;2,1;34208,49;90242,58;0,2277;0,1013;0,6538;0,2387;165,92;0,1524;0,1400;0,0934;0,0482;0,0133;0,0046;0,1256;0,1217;0,0258;0,0240;0,0092;0,0339;0,0076;0,0039;0,0778;0,0273;0,0050;0,0007;0,0320;0,0454;0,0006;0,0017;;labest;0,4192;220,35;1;0;0;0;0;0;0;0;0
407;Velázquez;46,31;8685;18595;2,1;32439,97;80599,71;0,2199;0,1014;0,6440;0,2423;243,00;0,1519;0,1278;0,0972;0,0435;0,0131;0,0041;0,1230;0,1256;0,0285;0,0238;0,0103;0,0343;0,0071;0,0050;0,0777;0,0271;0,0053;0,0009;0,0342;0,0457;0,0007;0,0011;;labest;0,4165;176,99;1;0;0;0;0;0;0;0;0
409;Lista;45,66;14934;31245;2,1;25820,97;58218,66;0,2013;0,0945;0,6458;0,2315;410,92;0,1505;0,1119;0,1089;0,0370;0,0125;0,0027;0,1335;0,1244;0,0321;0,0260;0,0093;0,0368;0,0077;0,0045;0,0758;0,0261;0,0034;0,0012;0,0300;0,0368;0,0005;0,0002;;labest;0,4233;132,69;1;0;0;0;0;0;0;0;0
410;Diego de León;45,35;14206;29176;2,1;25517,79;56603,53;0,1934;0,0949;0,6563;0,2253;383,64;0,1534;0,1234;0,1101;0,0332;0,0121;0,0026;0,1448;0,1174;0,0324;0,0277;0,0091;0,0333;0,0077;0,0040;0,0725;0,0263;0,0031;0,0011;0,0281;0,0333;0,0004;0,0003;;labvol;0,4269;497,18;3;0;0;0;0;0;0;0;0
411;Avenida de América;44,82;11492;23335;2,0;25641,72;57179,85;0,1788;0,0940;0,6267;0,2145;309,82;0,1379;0,1162;0,1032;0,0295;0,0120;0,0033;0,1267;0,1136;0,0308;0,0255;0,0077;0,0334;0,0083;0,0058;0,0750;0,0253;0,0041;0,0013;0,0317;0,0422;0,0010;0,0005;;labvol;0,4301;1060,56;4;0;8;1;0;1;0;0;1
412;Prosperidad;46,25;15109;31342;2,1;21868,57;47610,42;0,1567;0,1069;0,6400;0,2398;409,83;0,1360;0,1147;0,1212;0,0336;0,0139;0,0037;0,1402;0,1315;0,0428;0,0354;0,0084;0,0368;0,0102;0,0036;0,0696;0,0244;0,0036;0,0006;0,0269;0,0287;0,0006;0,0005;;labest;0,4158;181,78;1;0;0;0;0;0;0;0;0
413;Alfonso XIII;47,26;9225;20643;2,2;24931,90;58396,03;0,1050;0,1254;0,6006;0,2478;268,61;0,0949;0,0900;0,1064;0,0329;0,0186;0,0057;0,1125;0,1449;0,0434;0,0466;0,0124;0,0479;0,0109;0,0082;0,0835;0,0359;0,0051;0,0009;0,0351;0,0373;0,0006;0,0002;;labest;0,3937;224,72;1;0;0;0;0;0;0;0;0
414;Avenida de La Paz;45,58;4628;10868;2,3;26821,99;65450,30;0,1082;0,1395;0,6167;0,2328;143,56;0,0790;0,0823;0,1031;0,0321;0,0203;0,0058;0,1090;0,1447;0,0520;0,0518;0,0162;0,0502;0,0144;0,0066;0,0832;0,0445;0,0081;0,0023;0,0363;0,0461;0,0004;0,0005;;labest;0,3993;91,67;1;0;0;0;0;0;0;0;0
415;Arturo Soria;45,55;4178;9857;2,4;27544,98;68152,21;0,1505;0,1487;0,6173;0,2290;130,63;0,0909;0,0897;0,0966;0,0300;0,0234;0,0060;0,1060;0,1469;0,0474;0,0573;0,0179;0,0509;0,0186;0,0088;0,0779;0,0428;0,0069;0,0019;0,0302;0,0422;0,0017;0,0009;;labest;0,3930;169,02;1;0;0;0;0;0;0;0;0
416;Esperanza;47,74;4288;10540;2,5;19297,61;47851,97;0,1928;0,1489;0,6143;0,2360;138,12;0,0666;0,0761;0,0954;0,0279;0,0192;0,0061;0,0978;0,1599;0,0482;0,0550;0,0214;0,0503;0,0226;0,0126;0,0871;0,0436;0,0083;0,0025;0,0358;0,0606;0,0017;0,0007;;labest;0,3811;134,30;1;0;0;0;0;0;0;0;0
417;Canillas;49,15;6949;16776;2,4;20121,85;49178,47;0,1036;0,1137;0,5995;0,2693;214,85;0,0678;0,0666;0,0991;0,0300;0,0205;0,0033;0,1024;0,1892;0,0500;0,0465;0,0082;0,0655;0,0160;0,0038;0,0832;0,0589;0,0050;0,0011;0,0333;0,0312;0,0002;0,0008;;labest;0,3795;197,11;1;0;0;0;0;0;0;0;0
418;Mar de Cristal;49,72;6120;14600;2,4;19108,00;46232,65;0,1036;0,0979;0,5898;0,2905;186,24;0,0696;0,0698;0,1085;0,0317;0,0150;0,0020;0,1021;0,1985;0,0449;0,0359;0,0050;0,0721;0,0163;0,0039;0,0895;0,0480;0,0038;0,0010;0,0360;0,0240;0,0002;0,0003;;labest;0,3756;270,62;2;0;0;0;0;0;0;0;0
419;San Lorenzo;49,55;6250;14733;2,4;15478,70;37028,05;0,1216;0,1164;0,5965;0,2771;190,93;0,0614;0,0709;0,1142;0,0307;0,0197;0,0039;0,0970;0,1894;0,0461;0,0444;0,0084;0,0636;0,0175;0,0090;0,0891;0,0485;0,0059;0,0014;0,0358;0,0325;0,0003;0,0004;;labest;0,3726;131,83;1;0;0;0;0;0;0;0;0
420;Parque de Santa María;48,68;7040;16219;2,3;14764,34;34924,06;0,1357;0,1197;0,6136;0,2672;212,03;0,0743;0,0763;0,1214;0,0323;0,0215;0,0034;0,1161;0,1756;0,0521;0,0418;0,0087;0,0547;0,0153;0,0069;0,0838;0,0364;0,0065;0,0025;0,0351;0,0351;0,0002;0,0005;;labest;0,3825;108,21;1;0;0;0;0;0;0;0;0
421;Hortaleza;46,09;7131;16842;2,4;13604,71;33055,44;0,1508;0,1176;0,6473;0,2307;222,05;0,0763;0,0800;0,1125;0,0331;0,0238;0,0029;0,1222;0,1554;0,0464;0,0318;0,0073;0,0604;0,0170;0,0059;0,0911;0,0389;0,0066;0,0028;0,0415;0,0385;0,0002;0,0009;;labest;0,4168;124,58;1;0;0;0;0;0;0;0;0
422;Manoteras;45,67;5815;14604;2,5;19356,02;49433,23;0,1165;0,1221;0,6475;0,2216;190,74;0,0662;0,0729;0,1179;0,0308;0,0159;0,0058;0,1067;0,1474;0,0437;0,0396;0,0146;0,0666;0,0195;0,0067;0,0852;0,0578;0,0078;0,0027;0,0383;0,0441;0,0005;0,0004;;labest;0,4186;83,30;1;0;0;0;0;0;0;0;0
501;Canillejas;45,76;3767;9398;2,5;18182,76;45068,18;0,1416;0,1398;0,6526;0,2036;123,50;0,0549;0,0700;0,0722;0,0331;0,0208;0,0053;0,1003;0,1508;0,0504;0,0505;0,0185;0,0742;0,0286;0,0136;0,0816;0,0763;0,0097;0,0046;0,0338;0,0455;0,0010;0,0003;MTRP;finest;0,4063;231,31;1;0;6;0;0;0;1;1;0
502;Torre Arias;46,55;2922;7022;2,4;16468,11;40333,15;0,1821;0,1162;0,6422;0,2422;92,75;0,0890;0,1095;0,1001;0,0398;0,0154;0,0044;0,1264;0,1587;0,0527;0,0390;0,0084;0,0510;0,0131;0,0058;0,0783;0,0316;0,0050;0,0022;0,0305;0,0381;0,0014;0,0001;;labest;0,4006;151,09;1;0;0;0;0;0;0;0;0
503;Suanzes;44,67;1840;4448;2,4;23637,38;58577,31;0,1416;0,1226;0,7107;0,1672;57,94;0,1062;0,1217;0,0498;0,0292;0,0190;0,0066;0,1541;0,1113;0,0579;0,0495;0,0093;0,0679;0,0189;0,0058;0,0592;0,0693;0,0046;0,0008;0,0265;0,0322;0,0005;0,0004;;labest;0,4497;187,22;1;0;0;0;0;0;0;0;0
504;Ciudad Lineal;45,80;7796;18538;2,4;15656,67;38654,46;0,2217;0,0996;0,6627;0,2173;248,49;0,0900;0,0943;0,1144;0,0298;0,0150;0,0027;0,1335;0,1319;0,0425;0,0280;0,0046;0,0537;0,0121;0,0044;0,0799;0,0353;0,0054;0,0026;0,0416;0,0567;0,0013;0,0003;;labest;0,4318;277,00;1;0;3;0;0;0;0;0;0
505;Pueblo Nuevo;44,99;13692;32715;2,4;13768,08;34688,69;0,2567;0,1043;0,6802;0,2057;440,16;0,0938;0,0934;0,1175;0,0322;0,0129;0,0024;0,1380;0,1249;0,0432;0,0256;0,0043;0,0515;0,0131;0,0051;0,0814;0,0291;0,0048;0,0028;0,0437;0,0698;0,0005;0,0003;;finest;0,4376;360,90;2;0;0;0;0;0;0;0;0
506;Quintana;45,13;13823;31883;2,3;14463,55;35269,66;0,2432;0,1010;0,6712;0,2008;428,03;0,1024;0,0972;0,1140;0,0327;0,0124;0,0029;0,1426;0,1191;0,0442;0,0233;0,0040;0,0494;0,0135;0,0042;0,0783;0,0263;0,0045;0,0028;0,0386;0,0599;0,0002;0,0004;;finest;0,4381;233,62;1;0;0;0;0;0;0;0;0
507;El Carmen;46,45;11249;24356;2,2;16724,89;37915,40;0,1788;0,0977;0,6423;0,2260;325,51;0,1062;0,0961;0,1190;0,0352;0,0155;0,0024;0,1343;0,1321;0,0461;0,0299;0,0038;0,0492;0,0125;0,0029;0,0683;0,0322;0,0043;0,0010;0,0335;0,0407;0,0005;0,0004;LVES;labest;0,4246;290,23;1;0;0;0;0;0;1;0;0
510;Núñez de Balboa;45,06;8588;18860;2,2;32208,63;81135,49;0,2113;0,1031;0,6324;0,2362;249,12;0,1401;0,1239;0,0977;0,0388;0,0121;0,0026;0,1043;0,1238;0,0229;0,0235;0,0122;0,0378;0,0083;0,0071;0,0876;0,0263;0,0048;0,0013;0,0400;0,0544;0,0016;0,0008;;labvol;0,4200;311,79;2;0;0;0;0;0;0;0;0
511;Rubén Darío;46,16;5423;12453;2,3;33203,51;86323,09;0,1775;0,1030;0,6417;0,2278;163,20;0,1197;0,1192;0,0959;0,0403;0,0132;0,0035;0,1165;0,1285;0,0281;0,0280;0,0108;0,0421;0,0085;0,0062;0,0768;0,0277;0,0048;0,0016;0,0395;0,0591;0,0016;0,0010;;labest;0,4137;174,63;1;0;0;0;0;0;0;0;0
513;Chueca;43,62;11062;20392;1,8;24326,12;48455,76;0,2896;0,0677;0,7652;0,1523;268,25;0,1878;0,2252;0,0632;0,0348;0,0122;0,0020;0,1820;0,0702;0,0233;0,0165;0,0036;0,0284;0,0062;0,0024;0,0499;0,0183;0,0019;0,0004;0,0242;0,0305;0,0011;0,0013;;finest;0,4988;172,02;1;0;0;0;0;0;0;0;0
517;La Latina;43,56;15716;30121;1,9;18549,27;37358,52;0,2824;0,0738;0,7578;0,1544;400,54;0,1772;0,2027;0,0680;0,0347;0,0140;0,0030;0,1929;0,0727;0,0304;0,0171;0,0028;0,0291;0,0061;0,0022;0,0591;0,0143;0,0017;0,0007;0,0253;0,0308;0,0005;0,0007;;finvol;0,4924;292,38;1;0;0;0;0;0;0;0;0
518;Puerta de Toledo;45,55;13747;28128;2,0;21189,80;44987,70;0,1597;0,0884;0,6929;0,1928;366,69;0,1442;0,1448;0,0860;0,0333;0,0144;0,0033;0,1584;0,1037;0,0397;0,0278;0,0045;0,0457;0,0106;0,0025;0,0622;0,0360;0,0027;0,0009;0,0260;0,0266;0,0002;0,0007;;finest;0,4523;164,97;1;0;0;0;0;0;0;0;0
519;Acacias;46,88;12637;27445;2,2;22472,64;50033,85;0,1239;0,0891;0,6517;0,2234;355,83;0,1208;0,1139;0,0948;0,0310;0,0145;0,0030;0,1341;0,1274;0,0421;0,0306;0,0059;0,0548;0,0105;0,0025;0,0698;0,0469;0,0034;0,0009;0,0307;0,0259;0,0002;0,0005;;finest;0,4312;106,43;2;1;0;0;0;0;0;0;0
520;Pirámides;47,73;8194;19354;2,4;24903,18;59606,10;0,0774;0,1069;0,6352;0,2530;247,94;0,0849;0,0816;0,1001;0,0344;0,0150;0,0024;0,1172;0,1598;0,0514;0,0459;0,0076;0,0682;0,0152;0,0032;0,0803;0,0636;0,0038;0,0008;0,0309;0,0287;0,0001;0,0001;;finest;0,4015;133,84;1;2;0;0;0;0;0;0;0
521;Marqués de Vadillo;45,95;7815;17659;2,3;15824,56;37149,43;0,1576;0,1089;0,6514;0,2230;230,85;0,0932;0,0928;0,1079;0,0334;0,0155;0,0018;0,1312;0,1409;0,0454;0,0366;0,0082;0,0583;0,0153;0,0048;0,0791;0,0373;0,0044;0,0025;0,0345;0,0398;0,0000;0,0003;;finest;0,4239;318,11;1;0;0;0;0;0;0;0;0
522;Urgel;43,11;8686;21424;2,5;12259,35;31559,29;0,2393;0,1188;0,6895;0,1633;286,86;0,0936;0,0942;0,0896;0,0250;0,0187;0,0024;0,1428;0,1086;0,0459;0,0281;0,0078;0,0561;0,0183;0,0078;0,0744;0,0332;0,0067;0,0039;0,0469;0,0667;0,0004;0,0005;;finest;0,4536;268,74;1;0;0;0;0;0;0;0;0
523;Oporto;43,17;10399;27019;2,6;11975,51;32253,28;0,2878;0,1132;0,6924;0,1744;360,87;0,0936;0,0889;0,1027;0,0264;0,0177;0,0021;0,1270;0,1140;0,0449;0,0289;0,0060;0,0518;0,0209;0,0061;0,0691;0,0421;0,0076;0,0036;0,0420;0,0825;0,0019;0,0005;VIST;finest;0,4525;665,30;2;0;3;0;0;0;1;0;0
524;Vista Alegre;43,46;13073;34441;2,6;11085,23;30370,42;0,3165;0,1160;0,6678;0,1954;466,39;0,0773;0,0743;0,1102;0,0310;0,0151;0,0020;0,1118;0,1388;0,0433;0,0235;0,0054;0,0555;0,0174;0,0074;0,0815;0,0308;0,0096;0,0039;0,0478;0,0904;0,0016;0,0004;VIST;finest;0,4410;233,87;1;0;2;0;0;0;1;0;0
525;Carabanchel;44,37;9738;24876;2,6;11678,36;30986,24;0,2138;0,1028;0,6094;0,2846;336,42;0,0642;0,0596;0,1186;0,0327;0,0134;0,0014;0,0985;0,2079;0,0374;0,0274;0,0051;0,0632;0,0160;0,0063;0,0933;0,0353;0,0092;0,0029;0,0385;0,0643;0,0005;0,0010;VIST;finest;0,4339;219,01;1;0;2;0;0;0;1;0;0
526;Eugenia de Montijo;49,94;5176;12672;2,4;15587,36;38996,31;0,1227;0,0918;0,5274;0,3664;165,97;0,0449;0,0431;0,1336;0,0346;0,0118;0,0015;0,0769;0,2736;0,0359;0,0289;0,0054;0,0603;0,0129;0,0037;0,0961;0,0377;0,0061;0,0014;0,0333;0,0429;0,0003;0,0008;;finest;0,3695;124,35;1;0;0;0;0;0;0;0;0
527;Aluche;47,70;5405;13040;2,4;14064,18;34775,14;0,1377;0,0897;0,5950;0,3024;172,52;0,0593;0,0518;0,1230;0,0381;0,0126;0,0015;0,1004;0,2133;0,0326;0,0272;0,0065;0,0728;0,0140;0,0046;0,0878;0,0538;0,0051;0,0017;0,0356;0,0440;0,0010;0,0003;;finest;0,4047;502,50;1;1;17;0;0;0;0;0;0
528;Empalme;48,24;6336;15120;2,4;15317,95;37550,29;0,1559;0,1048;0,6244;0,2655;198,13;0,0626;0,0672;0,1288;0,0373;0,0148;0,0025;0,1066;0,1846;0,0454;0,0330;0,0056;0,0625;0,0187;0,0061;0,0846;0,0500;0,0052;0,0008;0,0324;0,0449;0,0003;0,0008;;labest;0,3900;109,17;1;0;0;0;0;0;0;0;0
529;Campamento;46,00;7587;18720;2,5;14075,14;35809,48;0,2243;0,1166;0,6265;0,2373;248,64;0,0648;0,0754;0,1203;0,0353;0,0158;0,0028;0,1075;0,1684;0,0479;0,0325;0,0057;0,0521;0,0201;0,0059;0,0845;0,0352;0,0059;0,0026;0,0369;0,0594;0,0005;0,0008;;finest;0,4093;183,69;1;0;0;0;0;0;0;0;0
530;Casa de Campo;46,90;1816;4340;2,4;16147,79;39747,82;0,1241;0,1046;0,6647;0,2313;56,69;0,0913;0,1032;0,1232;0,0326;0,0170;0,0017;0,1312;0,1439;0,0497;0,0408;0,0049;0,0524;0,0142;0,0028;0,0798;0,0478;0,0058;0,0020;0,0228;0,0329;0,0000;0,0001;;finest;0,4195;126,82;2;0;0;0;0;0;0;0;0
551;El Capricho;46,79;3132;7852;2,5;22062,41;56821,05;0,1047;0,1439;0,6328;0,2239;101,45;0,0645;0,0709;0,0892;0,0293;0,0204;0,0063;0,0961;0,1677;0,0576;0,0603;0,0153;0,0478;0,0253;0,0100;0,0836;0,0642;0,0101;0,0017;0,0323;0,0476;0,0000;0,0003;;finest;0,3730;62,38;1;0;0;0;0;0;0;0;0
552;Alameda de Osuna;47,92;4515;11500;2,5;22325,55;57860,23;0,0928;0,1502;0,5995;0,2509;147,58;0,0517;0,0560;0,0919;0,0312;0,0233;0,0076;0,0899;0,1879;0,0580;0,0713;0,0153;0,0596;0,0279;0,0067;0,0898;0,0551;0,0066;0,0015;0,0321;0,0365;0,0002;0,0005;;labest;0,3587;118,45;1;0;0;0;0;0;0;0;0
601;Laguna;43,68;4758;12323;2,6;11977,27;32031,32;0,1980;0,1211;0,6845;0,1757;162,91;0,0796;0,0908;0,0838;0,0269;0,0202;0,0045;0,1267;0,1324;0,0403;0,0314;0,0116;0,0695;0,0194;0,0068;0,0790;0,0525;0,0068;0,0059;0,0334;0,0583;0,0008;0,0006;;finest;0,4422;214,05;1;1;0;0;0;0;0;0;0
602;Carpetana;43,15;10688;28632;2,7;10652,40;29644,17;0,2814;0,1255;0,6612;0,2084;387,75;0,0661;0,0727;0,1106;0,0329;0,0173;0,0020;0,1102;0,1530;0,0403;0,0279;0,0068;0,0588;0,0175;0,0096;0,0868;0,0325;0,0097;0,0049;0,0490;0,0858;0,0005;0,0003;;finest;0,4366;351,48;1;0;0;0;0;0;0;0;0
604;Opañel;44,40;8706;22080;2,5;12599,57;33029,35;0,2487;0,1207;0,6701;0,1846;293,77;0,0825;0,0784;0,1076;0,0326;0,0181;0,0032;0,1118;0,1251;0,0464;0,0348;0,0077;0,0574;0,0236;0,0065;0,0760;0,0410;0,0078;0,0026;0,0392;0,0723;0,0004;0,0005;;labest;0,4346;232,46;1;0;0;0;0;0;0;0;0
605;Plaza Elíptica;43,59;7004;17583;2,5;12166,00;31722,80;0,2581;0,1279;0,6826;0,1684;236,78;0,0823;0,0844;0,1029;0,0303;0,0215;0,0030;0,1215;0,1122;0,0477;0,0350;0,0082;0,0619;0,0237;0,0074;0,0762;0,0411;0,0072;0,0031;0,0390;0,0690;0,0007;0,0006;;finvol;0,4406;749,46;2;0;12;1;0;0;0;0;0
606;Usera;41,76;10424;28202;2,7;10345,92;29776,23;0,3479;0,1230;0,6978;0,1548;381,00;0,0790;0,0900;0,0935;0,0312;0,0206;0,0018;0,1263;0,1059;0,0490;0,0240;0,0067;0,0603;0,0177;0,0073;0,0806;0,0297;0,0076;0,0043;0,0488;0,0891;0,0014;0,0008;;finvol;0,4595;504,47;1;0;0;0;0;0;0;0;0
608;Arganzuela-Planetario;41,14;5981;14757;2,5;24886,36;63014,72;0,0845;0,1696;0,6720;0,1284;191,47;0,1006;0,1096;0,0554;0,0209;0,0247;0,0063;0,1540;0,0781;0,0739;0,0924;0,0145;0,0535;0,0247;0,0041;0,0546;0,0571;0,0045;0,0011;0,0180;0,0203;0,0004;0,0014;;labest;0,4478;101,51;1;0;0;0;0;0;0;0;0
609;Méndez Álvaro;39,13;2612;6471;2,5;24249,87;61920,43;0,1182;0,1856;0,7060;0,1054;85,20;0,1037;0,1080;0,0436;0,0123;0,0301;0,0082;0,1785;0,0802;0,0956;0,0790;0,0204;0,0455;0,0227;0,0111;0,0530;0,0528;0,0050;0,0018;0,0189;0,0250;0,0003;0,0012;;labvol;0,4449;648,55;1;3;1;1;0;1;0;0;0
611;Conde de Casal;47,73;8866;20858;2,4;24535,79;59385,37;0,0841;0,1186;0,5731;0,2613;270,04;0,0779;0,0725;0,1104;0,0299;0,0144;0,0049;0,0985;0,1632;0,0450;0,0422;0,0147;0,0524;0,0122;0,0048;0,0849;0,0395;0,0061;0,0018;0,0392;0,0380;0,0003;0,0001;;labvol;0,3818;497,33;1;0;11;0;0;0;0;0;0
612;Sáinz de Baranda;47,87;7731;18767;2,4;26488,95;65428,29;0,0726;0,1291;0,5650;0,2838;242,26;0,0669;0,0617;0,1202;0,0376;0,0132;0,0041;0,0792;0,1796;0,0372;0,0525;0,0163;0,0500;0,0130;0,0066;0,0967;0,0456;0,0052;0,0019;0,0418;0,0477;0,0007;0,0002;;labest;0,3713;247,32;2;0;0;0;0;0;0;0;0
613;O´Donnell;46,90;9400;20766;2,2;24249,80;55987,84;0,1397;0,1139;0,6174;0,2530;270,15;0,1102;0,0909;0,1138;0,0346;0,0169;0,0021;0,1250;0,1380;0,0371;0,0459;0,0125;0,0428;0,0106;0,0048;0,0771;0,0374;0,0042;0,0011;0,0393;0,0383;0,0010;0,0004;PADE;labest;0,4078;313,38;1;0;0;0;0;0;1;0;0
617;República Argentina;44,08;2723;6857;2,5;32568,38;84265,47;0,1430;0,1347;0,6402;0,2177;89,00;0,0932;0,1039;0,0823;0,0345;0,0105;0,0044;0,0875;0,1316;0,0314;0,0361;0,0249;0,0393;0,0095;0,0111;0,0888;0,0316;0,0063;0,0050;0,0480;0,1075;0,0036;0,0015;;labest;0,4127;117,02;1;0;0;0;0;0;0;0;0
618;Nuevos Ministerios;45,18;4678;10612;2,3;31455,88;74536,72;0,1362;0,1215;0,6442;0,2271;139,02;0,1329;0,1140;0,0987;0,0358;0,0139;0,0049;0,1071;0,1325;0,0355;0,0340;0,0172;0,0353;0,0095;0,0076;0,0751;0,0285;0,0054;0,0030;0,0374;0,0627;0,0010;0,0010;;labvol;0,4063;1372,40;3;8;0;0;0;1;0;0;1
620;Guzmán el Bueno;46,69;5550;12690;2,3;26680,20;62958,84;0,1011;0,1101;0,6260;0,2607;165,58;0,1013;0,1125;0,1233;0,0366;0,0145;0,0033;0,1150;0,1408;0,0359;0,0429;0,0128;0,0450;0,0088;0,0037;0,0785;0,0362;0,0072;0,0011;0,0317;0,0418;0,0036;0,0004;;labvol;0,4001;266,10;2;0;0;0;0;0;0;0;0
621;Vicente Aleixandre;48,17;1977;4831;2,4;30806,41;76969,51;0,2146;0,0782;0,6570;0,2632;63,22;0,0910;0,1045;0,1109;0,0364;0,0121;0,0022;0,0799;0,1940;0,0330;0,0311;0,0043;0,0601;0,0098;0,0054;0,0804;0,0435;0,0078;0,0005;0,0187;0,0575;0,0153;0,0001;;labvol;0,3787;138,09;1;0;0;0;0;0;0;0;0
622;Ciudad Universitaria;43,93;44;134;3,0;27517,00;68791,00;0,2866;0,0590;0,7008;0,2408;1,87;0,0813;0,0975;0,1068;0,0395;0,0093;0,0000;0,0627;0,2229;0,0325;0,0209;0,0000;0,0720;0,0116;0,0070;0,0836;0,0511;0,0093;0,0000;0,0116;0,0604;0,0209;0,0000;CIU;labvol;0,4452;384,32;1;0;0;0;0;0;1;0;1
625;Príncipe Pío;46,88;3375;6643;2,0;23788,22;49111,58;0,1763;0,0725;0,6879;0,2316;87,60;0,1175;0,1344;0,1163;0,0430;0,0162;0,0026;0,1426;0,1399;0,0363;0,0260;0,0028;0,0399;0,0122;0,0010;0,0598;0,0450;0,0017;0,0016;0,0236;0,0267;0,0020;0,0010;;finvol;0,4281;1494,18;3;3;16;1;1;0;0;0;0
626;Puerta del Ángel;45,64;6193;13272;2,1;17657,02;39744,73;0,1683;0,0955;0,6659;0,2221;177,58;0,1098;0,1161;0,1194;0,0353;0,0142;0,0022;0,1472;0,1311;0,0437;0,0303;0,0054;0,0403;0,0118;0,0024;0,0756;0,0296;0,0049;0,0018;0,0248;0,0372;0,0002;0,0004;;finest;0,4431;271,88;1;0;0;0;0;0;0;0;0
627;Alto de Extremadura;44,47;7125;16401;2,3;13371,44;32779,36;0,1972;0,1013;0,6676;0,2048;220,39;0,1055;0,1142;0,1101;0,0365;0,0146;0,0019;0,1432;0,1201;0,0422;0,0280;0,0053;0,0438;0,0135;0,0036;0,0757;0,0281;0,0055;0,0031;0,0297;0,0485;0,0001;0,0004;;labest;0,4448;205,72;1;0;0;0;0;0;1;0;0
628;Lucero;44,47;9568;23722;2,5;13010,99;33592,54;0,2114;0,1079;0,6600;0,2053;315,00;0,0807;0,0947;0,1041;0,0331;0,0154;0,0025;0,1226;0,1395;0,0403;0,0275;0,0066;0,0605;0,0190;0,0050;0,0791;0,0426;0,0060;0,0037;0,0325;0,0564;0,0006;0,0008;;finest;0,4349;318,94;1;0;0;0;0;0;0;0;0
701;Las Musas;46,17;4385;11482;2,6;15868,56;41965,13;0,1144;0,1169;0,6615;0,1874;147,64;0,0534;0,0626;0,0683;0,0265;0,0194;0,0055;0,1046;0,1461;0,0525;0,0503;0,0081;0,0889;0,0271;0,0037;0,0803;0,0962;0,0064;0,0009;0,0267;0,0367;0,0014;0,0000;;labest;0,4087;101,24;1;0;0;0;0;0;0;0;0
702;San Blas;43,62;7117;17899;2,5;11505,43;29916,90;0,2188;0,1280;0,6806;0,1765;240,70;0,0654;0,0859;0,1042;0,0323;0,0182;0,0029;0,1171;0,1245;0,0540;0,0342;0,0083;0,0644;0,0236;0,0076;0,0877;0,0379;0,0075;0,0034;0,0407;0,0637;0,0007;0,0010;;labest;0,4327;127,81;1;0;0;0;0;0;0;0;0
703;Simancas;42,87;8707;21344;2,5;10642,57;27135,80;0,2487;0,1290;0,6782;0,1675;288,03;0,0772;0,0859;0,1010;0,0333;0,0232;0,0022;0,1261;0,1146;0,0504;0,0310;0,0089;0,0607;0,0237;0,0079;0,0769;0,0299;0,0076;0,0029;0,0428;0,0673;0,0005;0,0009;;finest;0,4415;186,75;1;0;0;0;0;0;0;0;0
704;García Noblejas;44,03;8400;20586;2,5;12049,47;30579,71;0,2518;0,1213;0,6830;0,1902;275,21;0,0814;0,0865;0,1103;0,0342;0,0198;0,0041;0,1275;0,1260;0,0486;0,0298;0,0051;0,0586;0,0210;0,0070;0,0743;0,0332;0,0075;0,0041;0,0432;0,0710;0,0006;0,0007;;labest;0,4341;195,37;1;0;0;0;0;0;0;0;0
705;Ascao;44,50;13091;32308;2,5;12630,93;32800,82;0,2533;0,1108;0,6631;0,1989;434,25;0,0828;0,0848;0,1045;0,0330;0,0143;0,0026;0,1277;0,1338;0,0424;0,0260;0,0051;0,0550;0,0164;0,0063;0,0836;0,0303;0,0066;0,0030;0,0436;0,0703;0,0002;0,0003;;labest;0,4350;197,95;1;0;0;0;0;0;0;0;0
707;Barrio de la Concepción;44,97;13526;32314;2,4;13756,40;34667,64;0,2543;0,1031;0,6733;0,2028;434,90;0,0931;0,0925;0,1160;0,0317;0,0127;0,0023;0,1366;0,1230;0,0428;0,0254;0,0043;0,0509;0,0130;0,0051;0,0804;0,0287;0,0047;0,0027;0,0433;0,0692;0,0005;0,0003;;labest;0,4377;196,06;1;0;0;0;0;0;0;0;0
708;Parque de las Avenidas;47,44;6513;16014;2,5;25666,31;65299,83;0,0851;0,1225;0,6069;0,2577;206,95;0,0830;0,0730;0,1232;0,0313;0,0154;0,0037;0,1049;0,1631;0,0418;0,0481;0,0138;0,0460;0,0120;0,0061;0,0867;0,0433;0,0066;0,0010;0,0386;0,0447;0,0003;0,0005;;labest;0,3899;113,28;1;0;0;0;0;0;0;0;0
709;Cartagena;45,41;12848;25973;2,0;22077,84;47168,21;0,1630;0,1037;0,6558;0,2239;341,92;0,1520;0,1238;0,1124;0,0328;0,0149;0,0033;0,1527;0,1131;0,0428;0,0348;0,0076;0,0322;0,0095;0,0036;0,0652;0,0252;0,0033;0,0011;0,0266;0,0256;0,0004;0,0006;;labest;0,4270;124,48;1;0;0;0;0;0;0;0;0
711;Gregorio Marañón;45,28;4968;11368;2,3;32624,68;83886,72;0,1673;0,1163;0,6459;0,2194;149,66;0,1170;0,1133;0,0954;0,0358;0,0132;0,0037;0,1089;0,1249;0,0316;0,0290;0,0176;0,0370;0,0078;0,0083;0,0752;0,0322;0,0049;0,0027;0,0414;0,0789;0,0021;0,0008;;labvol;0,4162;334,71;2;0;0;0;0;0;0;0;0
712;Alonso Cano;45,47;12943;26530;2,0;25957,21;56859,88;0,1650;0,0967;0,6500;0,2166;348,13;0,1565;0,1309;0,1064;0,0331;0,0140;0,0040;0,1374;0,1083;0,0358;0,0295;0,0080;0,0356;0,0088;0,0034;0,0624;0,0256;0,0039;0,0008;0,0265;0,0308;0,0006;0,0007;;labest;0,4278;147,18;1;0;0;0;0;0;0;0;0
714;Islas Filipinas;46,78;11348;24928;2,2;26435,10;61084,95;0,1382;0,1011;0,6300;0,2607;324,32;0,1117;0,0995;0,1231;0,0378;0,0117;0,0031;0,1031;0,1576;0,0330;0,0368;0,0124;0,0442;0,0084;0,0047;0,0829;0,0364;0,0063;0,0007;0,0299;0,0448;0,0030;0,0007;;labvol;0,4029;326,78;1;0;0;0;0;0;0;0;0
716;Francos Rodríguez;45,46;7722;17451;2,3;18070,41;42437,09;0,1587;0,1108;0,6317;0,2400;230,01;0,0978;0,1022;0,1158;0,0372;0,0172;0,0028;0,1225;0,1452;0,0416;0,0399;0,0085;0,0530;0,0122;0,0035;0,0773;0,0329;0,0052;0,0010;0,0267;0,0362;0,0030;0,0008;;labest;0,4182;225,16;1;0;0;0;0;0;0;0;0
717;Valdezarza;46,20;6787;15555;2,3;16975,76;40840,86;0,1352;0,1353;0,6413;0,2131;207,15;0,0837;0,0901;0,1128;0,0300;0,0186;0,0052;0,1292;0,1328;0,0579;0,0572;0,0104;0,0597;0,0157;0,0040;0,0756;0,0401;0,0044;0,0013;0,0278;0,0324;0,0006;0,0002;;labest;0,4074;108,55;1;0;0;0;0;0;0;0;0
718;Antonio Machado;46,68;7303;17208;2,4;19713,77;47702,35;0,1019;0,1312;0,6002;0,2411;223,23;0,0827;0,0801;0,0979;0,0357;0,0202;0,0052;0,1164;0,1556;0,0601;0,0570;0,0084;0,0578;0,0136;0,0050;0,0768;0,0400;0,0042;0,0010;0,0278;0,0263;0,0004;0,0003;;labest;0,3845;112,96;1;0;0;0;0;0;0;0;0
719;Peñagrande;47,02;12833;28799;2,2;16854,28;38908,60;0,1152;0,1180;0,6208;0,2414;375,02;0,0868;0,0805;0,1124;0,0332;0,0197;0,0049;0,1308;0,1540;0,0521;0,0455;0,0083;0,0565;0,0144;0,0037;0,0764;0,0369;0,0042;0,0010;0,0331;0,0257;0,0001;0,0002;;labest;0,4040;192,27;1;0;0;0;0;0;0;0;0
720;Avenida de la Ilustración;48,15;9721;22315;2,3;17537,13;41152,53;0,1128;0,1159;0,5902;0,2562;288,62;0,0747;0,0699;0,1221;0,0321;0,0200;0,0043;0,1123;0,1628;0,0451;0,0426;0,0082;0,0620;0,0170;0,0041;0,0820;0,0372;0,0045;0,0015;0,0322;0,0271;0,0001;0,0004;;labest;0,3823;109,64;1;0;0;0;0;0;0;0;0
721;Lacoma;46,58;5790;14950;2,6;20626,87;54026,14;0,0807;0,1320;0,6138;0,2386;190,72;0,0576;0,0597;0,0922;0,0313;0,0209;0,0061;0,0947;0,1689;0,0435;0,0526;0,0195;0,0841;0,0194;0,0082;0,0813;0,0642;0,0059;0,0019;0,0333;0,0380;0,0002;0,0008;;labest;0,3933;83,47;1;0;0;0;0;0;0;0;0
722;Arroyofresno;37,77;1849;5444;2,9;24050,84;73096,35;0,0425;0,2925;0,6092;0,0988;71,69;0,0463;0,0537;0,0317;0,0124;0,0372;0,0118;0,0810;0,0829;0,0910;0,1657;0,0917;0,0585;0,0229;0,0212;0,0507;0,0641;0,0085;0,0041;0,0252;0,0365;0,0001;0,0035;;labest;0,3939;27,58;1;0;0;0;0;0;0;0;0
723;Pitis;30,05;1043;3157;3,0;22897,72;72556,14;0,0429;0,3528;0,5960;0,0518;42,66;0,0476;0,0541;0,0159;0,0097;0,0401;0,0122;0,0764;0,0417;0,1161;0,2201;0,1103;0,0408;0,0217;0,0298;0,0489;0,0437;0,0112;0,0043;0,0187;0,0313;0,0000;0,0061;;labest;0,3777;42,34;1;3;0;0;0;0;0;0;1
751;Estadio Metropolitano;41,31;1138;3241;2,8;20488,57;57555,62;0,0816;0,1212;0,7480;0,1280;41,46;0,0544;0,0706;0,0405;0,0227;0,0210;0,0071;0,1127;0,1108;0,0552;0,0563;0,0104;0,1171;0,0365;0,0041;0,0776;0,1427;0,0082;0,0000;0,0168;0,0311;0,0014;0,0000;MTRP;evento;0,4757;92,78;1;0;3;0;0;0;1;1;0
802;Colombia;46,14;8674;19679;2,3;27662,06;65712,15;0,0964;0,1409;0,6021;0,2373;255,61;0,1070;0,0907;0,1156;0,0361;0,0172;0,0049;0,1046;0,1404;0,0485;0,0492;0,0175;0,0358;0,0124;0,0070;0,0794;0,0328;0,0051;0,0014;0,0312;0,0428;0,0003;0,0006;;labvol;0,3911;349,68;2;0;0;0;0;0;0;0;0
803;Pinar del Rey;46,47;5141;12097;2,4;17568,28;42331,41;0,1583;0,1238;0,6459;0,2275;157,15;0,0874;0,0868;0,1150;0,0349;0,0212;0,0028;0,1197;0,1496;0,0579;0,0439;0,0052;0,0582;0,0210;0,0044;0,0707;0,0443;0,0040;0,0017;0,0281;0,0386;0,0009;0,0008;;labest;0,4073;138,45;1;0;0;0;0;0;0;0;0
805;Feria de Madrid;38,24;108;326;3,0;32685,00;98221,00;0,0672;0,1804;0,7476;0,0725;4,25;0,0654;0,0636;0,0127;0,0145;0,0236;0,0054;0,1071;0,0708;0,0690;0,1199;0,0218;0,0890;0,0454;0,0127;0,0690;0,1307;0,0200;0,0000;0,0109;0,0490;0,0000;0,0000;FEMA;evento;0,4729;163,25;1;0;1;0;0;0;1;0;0
806;Aeropuerto T1-T2-T3;42,31;19;50;2,6;11509,00;30541,00;0,2561;0,1516;0,6956;0,1511;0,66;0,0681;0,0904;0,0848;0,0375;0,0195;0,0056;0,1251;0,1112;0,0654;0,0445;0,0181;0,0598;0,0250;0,0070;0,0820;0,0334;0,0070;0,0056;0,0487;0,0556;0,0014;0,0028;;finvol;0,4459;221,22;1;0;2;0;0;1;0;0;0
807;Barajas;43,15;3063;7260;2,4;16342,56;40385,67;0,1486;0,1685;0,6825;0,1391;94,53;0,1225;0,1117;0,0559;0,0221;0,0463;0,0075;0,1570;0,0861;0,0792;0,0664;0,0105;0,0469;0,0169;0,0058;0,0615;0,0291;0,0070;0,0015;0,0260;0,0284;0,0011;0,0006;;labest;0,4452;183,80;1;0;6;0;0;0;0;0;0
808;Aeropuerto T-4;42,31;19;50;2,6;11509,00;30541,00;0,2567;0,1520;0,6972;0,1514;0,66;0,0683;0,0906;0,0850;0,0376;0,0195;0,0056;0,1254;0,1115;0,0655;0,0446;0,0181;0,0599;0,0251;0,0070;0,0822;0,0334;0,0070;0,0056;0,0488;0,0557;0,0014;0,0028;;finvol;0,4510;204,33;1;2;2;0;0;1;0;0;0
901;Herrera Oria;50,25;4912;12994;2,6;24858,94;65906,40;0,0672;0,1379;0,5537;0,3008;165,46;0,0374;0,0382;0,1038;0,0327;0,0144;0,0032;0,0588;0,2082;0,0333;0,0628;0,0227;0,0569;0,0137;0,0068;0,1083;0,0592;0,0117;0,0049;0,0424;0,0700;0,0020;0,0010;;labest;0,3306;124,85;1;0;1;0;0;0;0;0;0
902;Barrio del Pilar;50,32;9557;21943;2,3;19358,81;45382,59;0,1083;0,1057;0,5542;0,3374;282,68;0,0692;0,0652;0,1292;0,0392;0,0117;0,0039;0,0997;0,2144;0,0435;0,0377;0,0088;0,0521;0,0129;0,0037;0,1015;0,0316;0,0029;0,0010;0,0392;0,0289;0,0007;0,0003;;finest;0,3580;270,54;1;0;0;0;0;0;0;0;0
903;Ventilla;43,15;9358;21873;2,3;14318,62;34548,80;0,2185;0,1147;0,7021;0,1700;290,21;0,1176;0,1241;0,0823;0,0318;0,0192;0,0034;0,1501;0,1018;0,0419;0,0294;0,0079;0,0497;0,0135;0,0063;0,0785;0,0285;0,0064;0,0030;0,0381;0,0505;0,0022;0,0003;;finest;0,4534;118,99;1;0;0;0;0;0;0;0;0
905;Duque de Pastrana;41,88;2501;6932;2,8;33391,86;89966,83;0,1122;0,1736;0,6206;0,1902;89,91;0,0947;0,0891;0,0782;0,0349;0,0163;0,0081;0,0886;0,1221;0,0386;0,0505;0,0396;0,0411;0,0121;0,0154;0,0819;0,0431;0,0093;0,0017;0,0388;0,0765;0,0029;0,0008;;labest;0,4006;55,84;1;0;0;0;0;0;0;0;0
906;Pío XII;43,09;4174;10943;2,6;30739,21;80833,56;0,1116;0,1745;0,6091;0,1940;143,51;0,0928;0,0856;0,0775;0,0343;0,0183;0,0060;0,0766;0,1216;0,0392;0,0577;0,0344;0,0357;0,0158;0,0159;0,0909;0,0350;0,0071;0,0028;0,0438;0,0850;0,0012;0,0003;;labest;0,3954;116,71;1;0;0;0;0;0;0;0;0
908;Concha Espina;46,22;5898;14303;2,4;27619,44;68477,17;0,1083;0,1361;0,5985;0,2354;184,42;0,0877;0,0760;0,1003;0,0323;0,0156;0,0044;0,0908;0,1518;0,0424;0,0453;0,0189;0,0413;0,0119;0,0089;0,0948;0,0372;0,0068;0,0020;0,0418;0,0577;0,0011;0,0010;;labest;0,3975;115,58;1;0;0;0;0;0;0;0;0
909;Cruz del Rayo;45,76;9983;20951;2,1;24443,78;53961,19;0,1577;0,1227;0,6387;0,2333;274,20;0,1265;0,1132;0,1079;0,0311;0,0142;0,0045;0,1214;0,1329;0,0384;0,0386;0,0150;0,0383;0,0096;0,0059;0,0790;0,0249;0,0053;0,0017;0,0337;0,0506;0,0012;0,0010;;labest;0,4140;98,79;1;0;0;0;0;0;0;0;0
913;Ibiza;46,76;9312;20328;2,2;25953,65;59833,27;0,1591;0,1100;0,6170;0,2554;265,06;0,0958;0,0912;0,1211;0,0388;0,0152;0,0031;0,1173;0,1441;0,0408;0,0386;0,0114;0,0454;0,0100;0,0041;0,0906;0,0300;0,0051;0,0012;0,0392;0,0390;0,0001;0,0003;;finest;0,4042;146,69;1;0;0;0;0;0;0;0;0
915;Estrella;49,12;6290;15710;2,5;22605,51;57405,40;0,0878;0,1137;0,5664;0,3077;203,10;0,0575;0,0510;0,1276;0,0309;0,0138;0,0035;0,0810;0,2136;0,0350;0,0401;0,0118;0,0579;0,0141;0,0053;0,1013;0,0462;0,0067;0,0037;0,0404;0,0455;0,0004;0,0005;;labest;0,3642;153,42;1;0;0;0;0;0;0;0;0
916;Vinateros;50,20;8071;17958;2,2;16916,70;38546,84;0,1204;0,1004;0,5993;0,2817;234,13;0,0745;0,0680;0,1382;0,0357;0,0157;0,0021;0,1040;0,1911;0,0408;0,0312;0,0066;0,0610;0,0129;0,0031;0,0776;0,0444;0,0046;0,0022;0,0324;0,0349;0,0004;0,0002;;labest;0,3767;171,14;1;0;0;0;0;0;0;0;0
917;Artilleros;48,61;9023;20997;2,3;14937,50;35568,69;0,1436;0,1058;0,6000;0,2683;274,47;0,0713;0,0671;0,1380;0,0332;0,0170;0,0033;0,1018;0,1783;0,0416;0,0314;0,0040;0,0551;0,0162;0,0064;0,0853;0,0374;0,0048;0,0022;0,0363;0,0427;0,0003;0,0002;;labest;0,3924;201,93;1;0;0;0;0;0;0;0;0
918;Pavones;48,48;4184;10460;2,5;15142,08;37845,81;0,1759;0,0994;0,6100;0,2755;137,09;0,0513;0,0591;0,1324;0,0334;0,0154;0,0025;0,1024;0,1896;0,0425;0,0325;0,0070;0,0609;0,0163;0,0041;0,0972;0,0436;0,0059;0,0017;0,0391;0,0449;0,0026;0,0002;;labest;0,3939;177,70;1;0;0;0;0;0;0;0;0
919;Valdebernardo;44,96;4487;12353;2,8;16990,27;46126,32;0,0872;0,0978;0,7353;0,1660;158,16;0,0605;0,0574;0,0712;0,0272;0,0149;0,0028;0,1230;0,1210;0,0373;0,0313;0,0091;0,1350;0,0270;0,0051;0,0752;0,1176;0,0060;0,0028;0,0257;0,0474;0,0011;0,0005;;labest;0,4670;158,73;1;0;0;0;0;0;0;0;0
920;Vicálvaro;45,79;6941;16868;2,4;12329,62;31179,32;0,2233;0,1302;0,6579;0,1902;226,17;0,0691;0,0707;0,0970;0,0292;0,0170;0,0032;0,1183;0,1393;0,0530;0,0459;0,0090;0,0628;0,0252;0,0077;0,0804;0,0482;0,0074;0,0034;0,0357;0,0541;0,0007;0,0009;;labest;0,4144;148,67;1;0;1;0;0;0;0;0;0
921;San Cipriano;44,09;8211;20610;2,5;13005,43;33724,34;0,2065;0,1431;0,6715;0,1782;272,60;0,0712;0,0808;0,0807;0,0289;0,0238;0,0034;0,1238;0,1292;0,0610;0,0546;0,0081;0,0731;0,0279;0,0069;0,0806;0,0451;0,0069;0,0039;0,0369;0,0451;0,0002;0,0006;;labest;0,4261;78,98;1;0;1;0;0;0;0;0;0
922;Puerta de Arganda;40,09;2838;7622;2,7;16280,06;44495,20;0,2268;0,2181;0,6961;0,0834;97,96;0,0737;0,1097;0,0356;0,0210;0,0379;0,0037;0,1338;0,0576;0,0796;0,0792;0,0442;0,0633;0,0433;0,0209;0,0532;0,0468;0,0092;0,0150;0,0280;0,0396;0,0006;0,0016;;labest;0,4560;252,18;1;3;1;0;0;0;0;1;0
951;Mirasierra;44,48;2555;7097;2,8;25342,85;67587,41;0,0518;0,1631;0,6215;0,2160;91,09;0,0469;0,0505;0,0850;0,0246;0,0184;0,0042;0,0691;0,1572;0,0415;0,0647;0,0365;0,0684;0,0210;0,0128;0,0923;0,0783;0,0095;0,0049;0,0406;0,0721;0,0014;0,0005;;labest;0,4017;78,67;1;0;0;0;0;0;0;0;0
952;Paco de Lucía;39,36;2349;7318;3,1;29701,78;90062,10;0,0678;0,2451;0,6366;0,1166;94,79;0,0474;0,0526;0,0427;0,0149;0,0375;0,0101;0,0776;0,0957;0,0696;0,0948;0,0672;0,0596;0,0298;0,0289;0,0702;0,0648;0,0210;0,0068;0,0268;0,0786;0,0009;0,0010;;labest;0,3938;90,12;1;3;0;0;0;0;0;0;0
1001;Fuencarral;43,47;4556;11621;2,6;13216,02;34961,51;0,1652;0,1261;0,6555;0,1964;152,53;0,0745;0,0909;0,1096;0,0268;0,0180;0,0043;0,1197;0,1268;0,0394;0,0343;0,0116;0,0531;0,0199;0,0095;0,0903;0,0396;0,0071;0,0026;0,0423;0,0559;0,0007;0,0010;;labest;0,4340;138,19;1;0;0;0;0;0;0;1;0
1002;Begoña;44,80;2315;5240;2,3;19054,59;45340,84;0,1543;0,1137;0,6288;0,2567;70,94;0,0935;0,0927;0,0892;0,0324;0,0129;0,0040;0,1228;0,1753;0,0453;0,0389;0,0156;0,0580;0,0137;0,0040;0,0894;0,0371;0,0040;0,0010;0,0327;0,0360;0,0003;0,0005;;labvol;0,4295;328,66;1;0;18;0;0;0;0;0;0
1005;Cuzco;46,74;6816;15543;2,3;33154,04;82599,28;0,1046;0,1249;0,6081;0,2533;202,24;0,1014;0,1048;0,1091;0,0416;0,0123;0,0037;0,0968;0,1465;0,0364;0,0390;0,0168;0,0424;0,0105;0,0083;0,0854;0,0381;0,0038;0,0012;0,0351;0,0519;0,0006;0,0006;;labvol;0,3949;289,73;1;0;0;0;0;0;0;0;0
1006;Santiago Bernabéu;45,52;4987;12272;2,5;32454,90;81420,21;0,1130;0,1210;0,6341;0,2291;158,81;0,1226;0,1125;0,0996;0,0349;0,0119;0,0043;0,1027;0,1283;0,0343;0,0358;0,0174;0,0398;0,0087;0,0073;0,0858;0,0396;0,0043;0,0018;0,0392;0,0525;0,0006;0,0003;BERN;evento;0,4024;340,67;1;0;0;0;0;0;1;0;0
1013;Lago;46,76;431;908;2,1;16929,06;37428,93;0,1254;0,1021;0,6697;0,2288;11,99;0,1136;0,1195;0,1279;0,0383;0,0155;0,0017;0,1500;0,1283;0,0498;0,0382;0,0050;0,0356;0,0101;0,0018;0,0767;0,0291;0,0051;0,0016;0,0196;0,0330;0,0000;0,0001;MARE;finvol;0,4401;100,68;1;0;0;0;0;0;1;0;0
1014;Batán;46,54;4184;9880;2,4;14990,32;36425,22;0,1502;0,1055;0,6462;0,2347;129,86;0,0983;0,1026;0,1320;0,0378;0,0150;0,0017;0,1303;0,1396;0,0473;0,0376;0,0052;0,0448;0,0132;0,0032;0,0755;0,0325;0,0050;0,0016;0,0244;0,0384;0,0002;0,0002;;finest;0,4105;163,56;1;0;0;0;0;0;0;0;0
1016;Colonia Jardín;43,86;5175;13092;2,5;13033,36;34260,68;0,1888;0,1042;0,5634;0,1870;176,35;0,0653;0,0716;0,0893;0,0355;0,0132;0,0021;0,0976;0,1286;0,0409;0,0333;0,0079;0,0532;0,0169;0,0047;0,0713;0,0286;0,0068;0,0024;0,0316;0,0532;0,0005;0,0003;;labvol;0,4354;513,52;3;0;14;0;0;0;0;1;0
1018;Aviación Española;47,67;3453;8047;2,3;12926,29;30840,78;0,1081;0,1139;0,5913;0,2845;105,40;0,0636;0,0707;0,0952;0,0333;0,0144;0,0040;0,1043;0,1960;0,0411;0,0467;0,0105;0,0708;0,0149;0,0041;0,1098;0,0327;0,0041;0,0013;0,0388;0,0316;0,0015;0,0005;;labest;0,3984;139,21;1;0;0;0;0;0;0;0;1
1019;Cuatro Vientos;52,99;1048;2682;2,6;19861,48;50660,47;0,0762;0,1219;0,6667;0,2119;34,18;0,0949;0,1214;0,0628;0,0292;0,0169;0,0075;0,1007;0,1533;0,0523;0,0676;0,0089;0,0664;0,0182;0,0031;0,0785;0,0586;0,0022;0,0006;0,0291;0,0242;0,0032;0,0010;;labest;0,3205;189,82;1;1;20;0;0;0;0;1;0
1051;Tres Olivos;41,14;2160;5884;2,7;22117,50;61711,91;0,0809;0,1627;0,6773;0,1603;75,87;0,0685;0,0858;0,0767;0,0236;0,0281;0,0080;0,1064;0,1058;0,0557;0,0665;0,0286;0,0727;0,0240;0,0112;0,0803;0,0661;0,0090;0,0029;0,0307;0,0480;0,0007;0,0011;;labest;0,4327;83,57;1;0;0;0;0;0;0;0;0
1052;Montecarmelo;35,01;2993;8588;2,9;25499,85;74772,15;0,0613;0,2601;0,6558;0,0781;111,78;0,0779;0,0908;0,0336;0,0160;0,0472;0,0159;0,1014;0,0585;0,1019;0,1354;0,0516;0,0513;0,0338;0,0118;0,0529;0,0539;0,0102;0,0029;0,0137;0,0315;0,0001;0,0015;;labest;0,4131;85,21;1;0;0;0;0;0;0;0;0
1053;Las Tablas;33,59;3456;9859;2,9;23195,77;69130,43;0,1123;0,2987;0,6563;0,0450;128,51;0,0802;0,0949;0,0210;0,0070;0,0472;0,0181;0,1184;0,0346;0,1161;0,1697;0,0569;0,0342;0,0358;0,0167;0,0460;0,0415;0,0131;0,0050;0,0160;0,0264;0,0000;0,0013;;labest;0,4178;143,02;2;0;0;0;0;0;0;0;0
1054;Ronda de la Comunicación;34,00;435;1230;2,8;26760,54;79643,74;0,1064;0,1984;0,4822;0,0513;15,87;0,0830;0,0910;0,0153;0,0065;0,0278;0,0102;0,1004;0,0244;0,0663;0,1109;0,0335;0,0272;0,0218;0,0099;0,0369;0,0191;0,0079;0,0033;0,0128;0,0200;0,0021;0,0015;;labest;0,4214;37,19;1;0;0;0;0;0;0;0;0
1102;Abrantes;42,40;8802;23853;2,7;10670,24;30192,56;0,2506;0,1477;0,6822;0,1630;322,90;0,0727;0,0768;0,0882;0,0279;0,0241;0,0033;0,1099;0,1166;0,0587;0,0478;0,0115;0,0649;0,0373;0,0111;0,0731;0,0420;0,0083;0,0038;0,0372;0,0750;0,0020;0,0008;;finest;0,4367;81,40;1;0;1;0;0;0;0;0;0
1103;Pan Bendito;42,08;5618;15964;2,8;11010,20;32189,72;0,2078;0,1529;0,6617;0,1741;214,38;0,0689;0,0824;0,0776;0,0245;0,0285;0,0041;0,1062;0,1079;0,0619;0,0572;0,0123;0,0648;0,0339;0,0108;0,0670;0,0482;0,0104;0,0040;0,0389;0,0722;0,0063;0,0007;;finest;0,4345;55,06;1;0;1;0;0;0;0;0;0
1104;San Francisco;40,97;5758;15567;2,7;11304,98;32253,89;0,2139;0,1672;0,6904;0,1384;211,97;0,0754;0,0908;0,0687;0,0250;0,0322;0,0050;0,1168;0,0975;0,0669;0,0638;0,0124;0,0661;0,0292;0,0108;0,0684;0,0483;0,0097;0,0048;0,0377;0,0636;0,0022;0,0004;;finest;0,4397;102,12;1;0;1;0;0;0;0;0;0
1105;Carabanchel Alto;44,09;5154;13420;2,6;11648,37;30900,67;0,2642;0,1254;0,6717;0,1939;179,88;0,0751;0,0900;0,0876;0,0278;0,0197;0,0052;0,1195;0,1304;0,0580;0,0335;0,0064;0,0699;0,0212;0,0057;0,0772;0,0406;0,0071;0,0040;0,0439;0,0648;0,0031;0,0003;;finest;0,4279;107,48;1;0;5;0;0;0;0;0;0
1106;La Peseta;38,81;4759;13341;2,8;14610,11;41829,27;0,1230;0,1898;0,7206;0,0879;172,60;0,0881;0,1007;0,0369;0,0142;0,0290;0,0080;0,1240;0,0679;0,0907;0,0968;0,0127;0,0705;0,0585;0,0082;0,0533;0,0665;0,0075;0,0015;0,0224;0,0390;0,0006;0,0016;;labest;0,4567;89,47;1;0;0;0;0;0;0;0;0