fecha_cal;NU_DIA_MES;NU_MES;NU_DIA_SEM;LABORABLE;LECTIVO;Navidad;Año_nuevo;Reyes;Primero_Mayo;Fiesta_CAM;San_Isidro;Asuncion;Hispanidad;Todos_santos;Almudena;Constitucion;Inmaculada_Concepcion;Jueves_Santo;Viernes_Santo;Santiago_Apostol;San_Jose;BLACK_FRIDAY;NU_SEMANA;Precio_Gasolina;Precio_diesel;Temperatura Máxima (°C);Temperatura Media (°C);Temperatura Mínima (°C);Precipitaciones (mm);Velocidad Media Viento (km/h);Humedad Relativa Media (%);ev_bernabeu;ev_ifema;ev_ventas;ev_metropolitano;ev_movistararena;ev_vallecas;ev_vistalegre
1/1/24;1;1;1;0;0;0;1;0;0;0;0;0;0;0;0;0;0;0;0;0;0;0;1;1,587;1,528;9,4;6,6;3,8;0;1;0,85;0;0;0;0;0;0;0
2/1/24;2;1;2;1;0;0;0;0;0;0;0;0;0;0;0;0;0;0;0;0;0;0;1;1,587;1,525;8,2;5,5;2,8;2;0;0,92;0;0;0;0;0;0;0
3/1/24;3;1;3;1;0;0;0;0;0;0;0;0;0;0;0;0;0;0;0;0;0;0;1;1,585;1,522;12,1;10,1;8,1;2,7;2;0,99;0,85;0;0;0;0;0;0
4/1/24;4;1;4;1;0;0;0;0;0;0;0;0;0;0;0;0;0;0;0;0;0;0;1;1,585;1,517;10,6;9,4;8,2;9,7;1;0,99;0;0;0;0;0;0;0
5/1/24;5;1;5;1;0;0;0;0;0;0;0;0;0;0;0;0;0;0;0;0;0;0;1;1,587;1,523;8,6;6,6;4,6;0,1;4;0,71;0;0;0;0;0;0;0
6/1/24;6;1;6;0;0;0;0;1;0;0;0;0;0;0;0;0;0;0;0;0;0;0;1;1,589;1,523;9,6;6,6;3,6;0;3;0,61;0;0;0;0;0;0;0
7/1/24;7;1;7;0;0;0;0;0;0;0;0;0;0;0;0;0;0;0;0;0;0;0;1;1,589;1,524;9,3;5,6;1,8;0;2;0,6;0;0;0;0;0;0;0
8/1/24;8;1;1;1;1;0;0;0;0;0;0;0;0;0;0;0;0;0;0;0;0;0;2;1,59;1,524;6,2;2,7;-0,8;0;1;0,69;0;0;0;0;0;0;0
9/1/24;9;1;2;1;1;0;0;0;0;0;0;0;0;0;0;0;0;0;0;0;0;0;2;1,585;1,522;7,2;5,6;4,1;0;1;0,79;0;0;0;0;0;0;0
10/1/24;10;1;3;1;1;0;0;0;0;0;0;0;0;0;0;0;0;0;0;0;0;0;2;1,582;1,514;8;6,4;4,7;0,2;2;0,9;0;0;0;0;0;0;0,48
11/1/24;11;1;4;1;1;0;0;0;0;0;0;0;0;0;0;0;0;0;0;0;0;0;2;1,584;1,513;7,6;5;2,3;0;2;0,71;0;0;0;0;0;0;0
12/1/24;12;1;5;1;1;0;0;0;0;0;0;0;0;0;0;0;0;0;0;0;0;0;2;1,587;1,516;6,9;3,2;-0,4;0;2;0,64;0;0;0;0;0;0;0
13/1/24;13;1;6;0;0;0;0;0;0;0;0;0;0;0;0;0;0;0;0;0;0;0;2;1,589;1,517;9;5,6;2,2;0;0;0,73;0;0;0;0;0;0;0
14/1/24;14;1;7;0;0;0;0;0;0;0;0;0;0;0;0;0;0;0;0;0;0;0;2;1,59;1,52;8,6;7,2;5,8;4,3;1;0,92;0;0;0;0;0;0;0
15/1/24;15;1;1;1;1;0;0;0;0;0;0;0;0;0;0;0;0;0;0;0;0;0;3;1,591;1,521;13,3;10,8;8,4;2,6;3;0,99;0;0;0;0;0;0;0
16/1/24;16;1;2;1;1;0;0;0;0;0;0;0;0;0;0;0;0;0;0;0;0;0;3;1,588;1,52;13,7;12,4;11,1;7,5;3;0,85;0;0;0;0;0;0;0
17/1/24;17;1;3;1;1;0;0;0;0;0;0;0;0;0;0;0;0;0;0;0;0;0;3;1,591;1,52;12,3;11,2;10;1,1;3;0,92;0;0;0;0;0;0;0
18/1/24;18;1;4;1;1;0;0;0;0;0;0;0;0;0;0;0;0;0;0;0;0;0;3;1,592;1,525;14,3;12,2;10;12,4;4;0,85;0;0;0;0,97;0;0;0
19/1/24;19;1;5;1;1;0;0;0;0;0;0;0;0;0;0;0;0;0;0;0;0;0;3;1,593;1,522;10,8;7,2;3,6;16,3;6;0,94;0;0;0;0;0;0;0
20/1/24;20;1;6;0;0;0;0;0;0;0;0;0;0;0;0;0;0;0;0;0;0;0;3;1,595;1,525;9,9;6,3;2,7;0;2;0,74;0;0;0;0;0;0,85;0
21/1/24;21;1;7;0;0;0;0;0;0;0;0;0;0;0;0;0;0;0;0;0;0;0;3;1,595;1,525;11;7,5;4;0;1;0,77;0,85;0;0;0;0;0;0
22/1/24;22;1;1;1;1;0;0;0;0;0;0;0;0;0;0;0;0;0;0;0;0;0;4;1,596;1,527;10,6;6,8;3,1;0;1;0,87;0;0;0;0;0;0;0
23/1/24;23;1;2;1;1;0;0;0;0;0;0;0;0;0;0;0;0;0;0;0;0;0;4;1,598;1,531;14,9;9,6;4,4;0;1;0,85;0;0;0;0;0;0;0
24/1/24;24;1;3;1;1;0;0;0;0;0;0;0;0;0;0;0;0;0;0;0;0;0;4;1,6;1,532;17,5;11,7;5,9;0;0;0,78;0;0,5;0;0;0;0;0
25/1/24;25;1;4;1;1;0;0;0;0;0;0;0;0;0;0;0;0;0;0;0;0;0;4;1,603;1,536;17,3;11,6;5,9;0;0;0,71;0;0,63;0;0,86;0;0;0
26/1/24;26;1;5;1;1;0;0;0;0;0;0;0;0;0;0;0;0;0;0;0;0;0;4;1,607;1,54;18,8;12,4;5,9;0;1;0,62;0;0,75;0;0;0;0;0
27/1/24;27;1;6;0;0;0;0;0;0;0;0;0;0;0;0;0;0;0;0;0;0;0;4;1,609;1,544;18;13,8;9,6;0;2;0,53;0;0,75;0;0;0;0;0
28/1/24;28;1;7;0;0;0;0;0;0;0;0;0;0;0;0;0;0;0;0;0;0;0;4;1,613;1,547;16,3;12,2;8;0;1;0,64;0;0,5;0;0,85;0;0;0
29/1/24;29;1;1;1;1;0;0;0;0;0;0;0;0;0;0;0;0;0;0;0;0;0;5;1,615;1,55;14,9;11,3;7,7;0;1;0,67;0;0;0;0;0;0;0
30/1/24;30;1;2;1;1;0;0;0;0;0;0;0;0;0;0;0;0;0;0;0;0;0;5;1,613;1,549;13;9,4;5,9;0;1;0,81;0;0;0;0;0;0;0
31/1/24;31;1;3;1;1;0;0;0;0;0;0;0;0;0;0;0;0;0;0;0;0;0;5;1,617;1,555;10,5;7,6;4,7;0;2;0,85;0;0;0;0,67;0;0;0
1/2/24;1;2;4;1;1;0;0;0;0;0;0;0;0;0;0;0;0;0;0;0;0;0;5;1,622;1,558;16,8;10,7;4,6;0;1;0,61;0;0;0;0;0;0;0
2/2/24;2;2;5;1;1;0;0;0;0;0;0;0;0;0;0;0;0;0;0;0;0;0;5;1,621;1,561;14,8;10;5,2;0;1;0,62;0;0;0;0;0;0;0
3/2/24;3;2;6;0;0;0;0;0;0;0;0;0;0;0;0;0;0;0;0;0;0;0;5;1,623;1,564;15,2;10,6;5,9;0;2;0,57;0;0;0;0;0;0;0
4/2/24;4;2;7;0;0;0;0;0;0;0;0;0;0;0;0;0;0;0;0;0;0;0;5;1,622;1,562;16,6;10,6;4,6;0;1;0,5;0,9;0;0;0;0;0;0
5/2/24;5;2;1;1;1;0;0;0;0;0;0;0;0;0;0;0;0;0;0;0;0;0;6;1,622;1,562;14,9;9,8;4,6;0;1;0,61;0;0;0;0;0;0,85;0
6/2/24;6;2;2;1;1;0;0;0;0;0;0;0;0;0;0;0;0;0;0;0;0;0;6;1,621;1,562;13,7;9,8;5,9;0;1;0,72;0;0,2;0;0;0;0;0
7/2/24;7;2;3;1;1;0;0;0;0;0;0;0;0;0;0;0;0;0;0;0;0;0;6;1,622;1,564;13,3;7,6;2;0;3;0,9;0;0,2;0;0,93;0;0;0
8/2/24;8;2;4;1;1;0;0;0;0;0;0;0;0;0;0;0;0;0;0;0;0;0;6;1,629;1,57;12,6;10,6;8,5;6,2;3;0,83;0;0,14;0;0;0;0;0
9/2/24;9;2;5;1;1;0;0;0;0;0;0;0;0;0;0;0;0;0;0;0;0;0;6;1,637;1,578;11,7;9,8;7,9;5,9;3;0,84;0;0;0,13;0;0;0;0
10/2/24;10;2;6;0;0;0;0;0;0;0;0;0;0;0;0;0;0;0;0;0;0;0;6;1,641;1,583;11,3;8,3;5,3;0,4;3;0,56;0,9;0;0;0;0;0;0
11/2/24;11;2;7;0;0;0;0;0;0;0;0;0;0;0;0;0;0;0;0;0;0;0;6;1,646;1,59;8,3;6,3;4,3;0,1;3;0,79;0;0;0;0;0;0;0
12/2/24;12;2;1;1;1;0;0;0;0;0;0;0;0;0;0;0;0;0;0;0;0;0;7;1,652;1,597;15,7;10,8;6;0;3;0,78;0;0;0;0;0;0;0
13/2/24;13;2;2;1;1;0;0;0;0;0;0;0;0;0;0;0;0;0;0;0;0;0;7;1,657;1,604;16;13;10,1;0;1;0,87;0;0;0;0;0;0;0
14/2/24;14;2;3;1;1;0;0;0;0;0;0;0;0;0;0;0;0;0;0;0;0;0;7;1,662;1,607;17,3;14,2;11,1;0;2;0,83;0;0;0;0;0;0;0
15/2/24;15;2;4;1;1;0;0;0;0;0;0;0;0;0;0;0;0;0;0;0;0;0;7;1,667;1,611;14;12,2;10,4;4,3;2;0,88;0;0;0;0;0;0;0
16/2/24;16;2;5;1;1;0;0;0;0;0;0;0;0;0;0;0;0;0;0;0;0;0;7;1,669;1,613;15,1;11,7;8,3;0;1;0,62;0;0;0,13;0;0,88;0;0
17/2/24;17;2;6;0;0;0;0;0;0;0;0;0;0;0;0;0;0;0;0;0;0;0;7;1,667;1,612;16,8;10,8;4,8;0;1;0,57;0;0,2;0;0,87;0;0;0
18/2/24;18;2;7;0;0;0;0;0;0;0;0;0;0;0;0;0;0;0;0;0;0;0;7;1,669;1,613;17,4;11,4;5,5;0;1;0,52;0;0,2;0;0;0;0,98;0
19/2/24;19;2;1;1;1;0;0;0;0;0;0;0;0;0;0;0;0;0;0;0;0;0;8;1,67;1,614;18,5;13;7,5;0;1;0,64;0;0,2;0;0;0;0;0
20/2/24;20;2;2;1;1;0;0;0;0;0;0;0;0;0;0;0;0;0;0;0;0;0;8;1,671;1,615;18,8;12,2;5,7;0;1;0,52;0;0,2;0;0;0;0;0
21/2/24;21;2;3;1;1;0;0;0;0;0;0;0;0;0;0;0;0;0;0;0;0;0;8;1,67;1,616;15,3;10,7;6,1;0;1;0,63;0;0;0;0;0;0;0
22/2/24;22;2;4;1;0;0;0;0;0;0;0;0;0;0;0;0;0;0;0;0;0;0;8;1,667;1,613;12,6;10,2;7,7;4,5;5;0,83;0;0;0;0;0;0;0
23/2/24;23;2;5;1;0;0;0;0;0;0;0;0;0;0;0;0;0;0;0;0;0;0;8;1,668;1,612;9,6;6,8;4,1;0,2;4;0,66;0;0;0;0;0;0;0,48
24/2/24;24;2;6;0;0;0;0;0;0;0;0;0;0;0;0;0;0;0;0;0;0;0;8;1,665;1,61;10,3;6,8;3,4;0;3;0,6;0;0;0;0;0;0;0,48
25/2/24;25;2;7;0;0;0;0;0;0;0;0;0;0;0;0;0;0;0;0;0;0;0;8;1,667;1,608;13,7;9,9;6,1;0,3;6;0,85;0,88;0;0;0;0;0;0,48
26/2/24;26;2;1;1;1;0;0;0;0;0;0;0;0;0;0;0;0;0;0;0;0;0;9;1,666;1,605;11,5;8,8;6,1;0;4;0,61;0;0;0;0;0;0;0
27/2/24;27;2;2;1;1;0;0;0;0;0;0;0;0;0;0;0;0;0;0;0;0;0;9;1,668;1,606;11,7;7,8;4;0;3;0,47;0;0,58;0;0;1;0;0
28/2/24;28;2;3;1;1;0;0;0;0;0;0;0;0;0;0;0;0;0;0;0;0;0;9;1,671;1,606;14,1;8,2;2,2;0;3;0,49;0;0,58;0;0;0;0;0
29/2/24;29;2;4;1;1;0;0;0;0;0;0;0;0;0;0;0;0;0;0;0;0;0;9;1,672;1,601;14;8,3;2,6;0;4;0,62;0;0,58;0;0;0;0;0
1/3/24;1;3;5;1;1;0;0;0;0;0;0;0;0;0;0;0;0;0;0;0;0;0;9;1,671;1,597;13,2;8,2;3,2;0;4;0,51;0;0,58;0,13;0;0,47;0;0
2/3/24;2;3;6;0;0;0;0;0;0;0;0;0;0;0;0;0;0;0;0;0;0;0;9;1,667;1,596;8,7;5,5;2,3;11,7;4;0,9;0;0;0,13;0;0;0,83;0
3/3/24;3;3;7;0;0;0;0;0;0;0;0;0;0;0;0;0;0;0;0;0;0;0;9;1,672;1,596;10,1;6,3;2,5;0;4;0,55;0;0;0;0,88;0;0;0
4/3/24;4;3;1;1;1;0;0;0;0;0;0;0;0;0;0;0;0;0;0;0;0;0;10;1,674;1,596;13,1;9,6;6,1;0;3;0,82;0;0;0;0;0;0;0
5/3/24;5;3;2;1;1;0;0;0;0;0;0;0;0;0;0;0;0;0;0;0;0;0;10;1,679;1,598;13,7;9,5;5,3;0;1;0,51;0;0;0;0;0;0;0
6/3/24;6;3;3;1;1;0;0;0;0;0;0;0;0;0;0;0;0;0;0;0;0;0;10;1,677;1,593;14,8;7,5;0,3;0;1;0,67;0,9;0,38;0;0;0;0;0
7/3/24;7;3;4;1;1;0;0;0;0;0;0;0;0;0;0;0;0;0;0;0;0;0;10;1,673;1,59;14,2;7,4;0,6;2,2;2;0,75;0;0,38;0;0;0;0;0
8/3/24;8;3;5;1;1;0;0;0;0;0;0;0;0;0;0;0;0;0;0;0;0;0;10;1,679;1,591;10,8;7,6;4,4;9;4;0,74;0;0,38;0;0;0;0;0
9/3/24;9;3;6;0;0;0;0;0;0;0;0;0;0;0;0;0;0;0;0;0;0;0;10;1,676;1,588;8,8;6,6;4,4;2,3;4;0,86;0;0,19;0;0;0;0;0
10/3/24;10;3;7;0;0;0;0;0;0;0;0;0;0;0;0;0;0;0;0;0;0;0;10;1,675;1,585;12,7;8,6;4,6;0,4;4;0,8;0,87;0,13;0;0;0;0;0
11/3/24;11;3;1;1;1;0;0;0;0;0;0;0;0;0;0;0;0;0;0;0;0;0;11;1,673;1,58;13,9;10;6,1;0;4;0,49;0;0,06;0;0;0;0;0
12/3/24;12;3;2;1;1;0;0;0;0;0;0;0;0;0;0;0;0;0;0;0;0;0;11;1,672;1,579;16,5;10,6;4,6;0;1;0,57;0;0;0;0;1;0;0
13/3/24;13;3;3;1;1;0;0;0;0;0;0;0;0;0;0;0;0;0;0;0;0;0;11;1,673;1,578;18,6;12,4;6,1;0;1;0,54;0;0;0;0,99;0;0;0
14/3/24;14;3;4;1;1;0;0;0;0;0;0;0;0;0;0;0;0;0;0;0;0;0;11;1,673;1,577;16,9;11,9;6,9;0;3;0,67;0;0,11;0;0;1;0;0
15/3/24;15;3;5;1;1;0;0;0;0;0;0;0;0;0;0;0;0;0;0;0;0;0;11;1,678;1,578;17,9;12,1;6,3;0;1;0,75;0;0,11;0;0;0;0;0
16/3/24;16;3;6;0;0;0;0;0;0;0;0;0;0;0;0;0;0;0;0;0;0;0;11;1,68;1,58;19,2;14;8,9;0;1;0,78;0;0,11;0,09;0;0;0;0
17/3/24;17;3;7;0;0;0;0;0;0;0;0;0;0;0;0;0;0;0;0;0;0;0;11;1,683;1,582;21;16;10,9;0;1;0,68;0;0;0,09;0,98;0;0,9;0
18/3/24;18;3;1;1;1;0;0;0;0;0;0;0;0;0;0;0;0;0;0;0;0;0;12;1,685;1,583;21,2;15,9;10,6;0;1;0,67;0;0;0;0;0;0;0
19/3/24;19;3;2;1;1;0;0;0;0;0;0;0;0;0;0;0;0;0;0;0;0;0;12;1,688;1,585;23,5;18;12,5;0;1;0,54;0;0;0;0;0;0;0
20/3/24;20;3;3;1;1;0;0;0;0;0;0;0;0;0;0;0;0;0;0;0;0;0;12;1,694;1,59;23,5;18,2;13;0,2;2;0,5;0;0;0;0;0;0;0
21/3/24;21;3;4;1;1;0;0;0;0;0;0;0;0;0;0;0;0;0;0;0;0;0;12;1,7;1,594;24,4;18,9;13,4;0,4;3;0,48;0;0;0;0;0;0;0
22/3/24;22;3;5;1;1;0;0;0;0;0;0;0;0;0;0;0;0;0;0;0;0;0;12;1,702;1,595;25,5;19,6;13,7;0;3;0,43;0;0;0;0;0;0;0
23/3/24;23;3;6;0;0;0;0;0;0;0;0;0;0;0;0;0;0;0;0;0;0;0;12;1,702;1,594;24,4;18,6;12,9;0;3;0,46;0;0;0;0;0;0;0
24/3/24;24;3;7;0;0;0;0;0;0;0;0;0;0;0;0;0;0;0;0;0;0;0;12;1,7;1,593;22,2;17,4;12,5;1,8;3;0,47;0;0;0,63;0;0;0;0
25/3/24;25;3;1;1;0;0;0;0;0;0;0;0;0;0;0;0;0;0;0;0;0;0;13;1,7;1,593;14,9;12;9;0,5;2;0,89;0;0;0;0;0;0;0
26/3/24;26;3;2;1;0;0;0;0;0;0;0;0;0;0;0;0;0;0;0;0;0;0;13;1,701;1,594;10,6;7,2;3,7;1,5;4;0,63;0;0;0;0;0;0;0
27/3/24;27;3;3;1;0;0;0;0;0;0;0;0;0;0;0;0;0;0;0;0;0;0;13;1,706;1,594;13,8;9;4,2;1,1;6;0,88;0;0;0;0;0;0;0
28/3/24;28;3;4;0;0;0;0;0;0;0;0;0;0;0;0;0;0;1;0;0;0;0;13;1,706;1,594;16,8;11,8;6,8;12,2;4;0,72;0;0;0;0;0;0;0
29/3/24;29;3;5;0;0;0;0;0;0;0;0;0;0;0;0;0;0;0;1;0;0;0;13;1,706;1,593;10,9;7,9;4,9;6,3;3;0,94;0;0;0;0;0;0;0
30/3/24;30;3;6;0;0;0;0;0;0;0;0;0;0;0;0;0;0;0;0;0;0;0;13;1,707;1,59;12,2;8,6;5;12,9;3;0,84;0;0;0;0;0;0;0
31/3/24;31;3;7;0;0;0;0;0;0;0;0;0;0;0;0;0;0;0;0;0;0;0;13;1,708;1,591;11,3;8,2;5;2,6;4;0,8;0,86;0;0;0;0;0;0
1/4/24;1;4;1;1;0;0;0;0;0;0;0;0;0;0;0;0;0;0;0;0;0;0;14;1,708;1,59;13,7;9;4,4;0,6;4;0,72;0;0;0;0;0;0;0
2/4/24;2;4;2;1;1;0;0;0;0;0;0;0;0;0;0;0;0;0;0;0;0;0;14;1,709;1,591;13,8;9,5;5,2;0;2;0,7;0;0;0;0;0;0;0
3/4/24;3;4;3;1;1;0;0;0;0;0;0;0;0;0;0;0;0;0;0;0;0;0;14;1,712;1,595;18;13,6;9,3;0;3;0,65;0;0;0;0;0;0;0
4/4/24;4;4;4;1;1;0;0;0;0;0;0;0;0;0;0;0;0;0;0;0;0;0;14;1,719;1,602;20,7;14,4;8;0;1;0,66;0;0;0;0;0;0;0
5/4/24;5;4;5;1;1;0;0;0;0;0;0;0;0;0;0;0;0;0;0;0;0;0;14;1,726;1,607;22,7;16,8;10,8;0;2;0,51;0;0;0;0;0;0;0
6/4/24;6;4;6;0;0;0;0;0;0;0;0;0;0;0;0;0;0;0;0;0;0;0;14;1,724;1,607;23,6;18,5;13,4;0;2;0,48;0;0;0;0;0;0;0
7/4/24;7;4;7;0;0;0;0;0;0;0;0;0;0;0;0;0;0;0;0;0;0;0;14;1,728;1,609;21,9;18,1;14,3;0;2;0,6;0;0;0,33;0;0;0;0
8/4/24;8;4;1;1;1;0;0;0;0;0;0;0;0;0;0;0;0;0;0;0;0;0;15;1,731;1,611;17,6;12,7;7,8;1,2;4;0,71;0;0;0;0;0;0;0
9/4/24;9;4;2;1;1;0;0;0;0;0;0;0;0;0;0;0;0;0;0;0;0;0;15;1,736;1,613;16,4;10,8;5,1;0;1;0,45;0,9;0;0;0;0;0;0
10/4/24;10;4;3;1;1;0;0;0;0;0;0;0;0;0;0;0;0;0;0;0;0;0;15;1,735;1,613;20,7;13,8;6,9;0;1;0,47;0;0;0;0,98;0;0;0
11/4/24;11;4;4;1;1;0;0;0;0;0;0;0;0;0;0;0;0;0;0;0;0;0;15;1,735;1,61;26,5;18,2;9,9;0;3;0,5;0;0;0;0;0;0;0
12/4/24;12;4;5;1;1;0;0;0;0;0;0;0;0;0;0;0;0;0;0;0;0;0;15;1,739;1,611;24,8;18;11,1;0;1;0,41;0;0;0;0;1;0;0
13/4/24;13;4;6;0;0;0;0;0;0;0;0;0;0;0;0;0;0;0;0;0;0;0;15;1,74;1,611;27,1;20;12,8;0;2;0,38;0;0;0;0,92;0,94;0,88;0
14/4/24;14;4;7;0;0;0;0;0;0;0;0;0;0;0;0;0;0;0;0;0;0;0;15;1,744;1,614;27;20,4;13,7;0;1;0,37;0;0;0,31;0;0;0;0
15/4/24;15;4;1;1;1;0;0;0;0;0;0;0;0;0;0;0;0;0;0;0;0;0;16;1,745;1,613;29,2;21,4;13,7;0;2;0,45;0;0;0;0;0;0;0
16/4/24;16;4;2;1;1;0;0;0;0;0;0;0;0;0;0;0;0;0;0;0;0;0;16;1,743;1,613;26,2;19,3;12,4;0;2;0,4;0;0;0;0;0;0;0
17/4/24;17;4;3;1;1;0;0;0;0;0;0;0;0;0;0;0;0;0;0;0;0;0;16;1,745;1,615;22;15,4;8,7;0;2;0,43;0;0;0;0;0;0;0
18/4/24;18;4;4;1;1;0;0;0;0;0;0;0;0;0;0;0;0;0;0;0;0;0;16;1,749;1,613;22,5;15,6;8,8;0;2;0,38;0;0;0;0;0;0;0
19/4/24;19;4;5;1;1;0;0;0;0;0;0;0;0;0;0;0;0;0;0;0;0;0;16;1,749;1,607;21,5;14,4;7,3;0;2;0,43;0;0;0;0;0;0;0
20/4/24;20;4;6;0;0;0;0;0;0;0;0;0;0;0;0;0;0;0;0;0;0;0;16;1,748;1,6;24,6;17,8;10,9;0;2;0,37;0;0;0;0;0;0,86;0
21/4/24;21;4;7;0;0;0;0;0;0;0;0;0;0;0;0;0;0;0;0;0;0;0;16;1,748;1,597;23,4;16,8;10,1;0;2;0,33;1;0;0,34;0;0;0;0
22/4/24;22;4;1;1;1;0;0;0;0;0;0;0;0;0;0;0;0;0;0;0;0;0;17;1,747;1,594;19,1;13,1;7,1;0;4;0,34;0;0;0;0;0;0;0
23/4/24;23;4;2;1;1;0;0;0;0;0;0;0;0;0;0;0;0;0;0;0;0;0;17;1,748;1,589;18,3;11;3,8;0;3;0,36;0;0;0;0;0;0;0
24/4/24;24;4;3;1;1;0;0;0;0;0;0;0;0;0;0;0;0;0;0;0;0;0;17;1,745;1,584;19;11,9;4,8;0;1;0,38;0;0;0;0;0;0;0
25/4/24;25;4;4;1;1;0;0;0;0;0;0;0;0;0;0;0;0;0;0;0;0;0;17;1,743;1,58;18,4;13,6;8,8;0;3;0,4;0;0;0;0;0;0;0
26/4/24;26;4;5;1;1;0;0;0;0;0;0;0;0;0;0;0;0;0;0;0;0;0;17;1,744;1,579;16,4;12,9;9,4;4,4;3;0,52;0,29;0;0;0;0;0;0
27/4/24;27;4;6;0;0;0;0;0;0;0;0;0;0;0;0;0;0;0;0;0;0;0;17;1,744;1,578;14,9;11,2;7,5;3,7;4;0,75;0;0;0;0,92;0;0;0,56
28/4/24;28;4;7;0;0;0;0;0;0;0;0;0;0;0;0;0;0;0;0;0;0;0;17;1,745;1,578;16,8;11,2;5,5;0;2;0,51;0;0;0,59;0;0;0;0
29/4/24;29;4;1;1;1;0;0;0;0;0;0;0;0;0;0;0;0;0;0;0;0;0;18;1,743;1,578;19,4;11,6;4;0;1;0,54;0;0;0;0;0;0;0
30/4/24;30;4;2;1;1;0;0;0;0;0;0;0;0;0;0;0;0;0;0;0;0;0;18;1,746;1,578;19,6;12,6;5,6;0;3;0,6;0;0;0;0;0;0;0
1/5/24;1;5;3;0;0;0;0;0;1;0;0;0;0;0;0;0;0;0;0;0;0;0;18;1,745;1,578;15;10,6;6,1;0,1;4;0,51;0;0;0,64;0;0;0;0
2/5/24;2;5;4;0;0;0;0;0;0;1;0;0;0;0;0;0;0;0;0;0;0;0;18;1,746;1,578;15,8;10,8;5,7;0;3;0,49;0;0;0,8;0;0;0;0
3/5/24;3;5;5;1;0;0;0;0;0;0;0;0;0;0;0;0;0;0;0;0;0;0;18;1,745;1,571;19,3;12,6;5,8;0;2;0,53;0;0;0;0;0;0;0
4/5/24;4;5;6;0;0;0;0;0;0;0;0;0;0;0;0;0;0;0;0;0;0;0;18;1,742;1,57;23,5;16,4;9,4;0;3;0,5;0,85;0;0;0;0;0;0
5/5/24;5;5;7;0;0;0;0;0;0;0;0;0;0;0;0;0;0;0;0;0;0;0;18;1,741;1,568;18,9;15,7;12,5;5,4;4;0,7;0;0;0,33;0;0;0,74;0
6/5/24;6;5;1;1;1;0;0;0;0;0;0;0;0;0;0;0;0;0;0;0;0;0;19;1,737;1,563;19,3;15,2;11,2;0;3;0,65;0;0;0;0;0;0;0
7/5/24;7;5;2;1;1;0;0;0;0;0;0;0;0;0;0;0;0;0;0;0;0;0;19;1,735;1,559;22,4;15,9;9,4;0;2;0,46;0;0;0;0;0;0;0
8/5/24;8;5;3;1;1;0;0;0;0;0;0;0;0;0;0;0;0;0;0;0;0;0;19;1,732;1,552;24,7;17,4;10;0;1;0,36;1;0;0;0;0;0;0
9/5/24;9;5;4;1;1;0;0;0;0;0;0;0;0;0;0;0;0;0;0;0;0;0;19;1,728;1,552;26,6;19,8;13;0;1;0,37;0;0;0;0;0;0;0
10/5/24;10;5;5;1;1;0;0;0;0;0;0;0;0;0;0;0;0;0;0;0;0;0;19;1,727;1,544;29,2;22;14,8;0;2;0,35;0,29;0;1;0;0;0;0
11/5/24;11;5;6;0;0;0;0;0;0;0;0;0;0;0;0;0;0;0;0;0;0;0;19;1,722;1,544;29,3;22,3;15,3;0;3;0,35;0,29;0;0,81;0;0;0;0
12/5/24;12;5;7;0;0;0;0;0;0;0;0;0;0;0;0;0;0;0;0;0;0;0;19;1,72;1,544;28;21,9;15,8;0;2;0,41;0,29;0;0,66;0,9;0;0;0
13/5/24;13;5;1;1;1;0;0;0;0;0;0;0;0;0;0;0;0;0;0;0;0;0;20;1,719;1,543;27,9;21,4;15;0,7;4;0,42;0;0;0;0;0;0;0
14/5/24;14;5;2;1;1;0;0;0;0;0;0;0;0;0;0;0;0;0;0;0;0;0;20;1,717;1,539;18,9;14,9;10,9;0;3;0,47;0,81;0;0,79;0;0;0;0
15/5/24;15;5;3;0;0;0;0;0;0;0;1;0;0;0;0;0;0;0;0;0;0;0;20;1,715;1,537;18,6;14,3;10;0;2;0,4;0;0;0,97;0;0;0,87;0
16/5/24;16;5;4;1;1;0;0;0;0;0;0;0;0;0;0;0;0;0;0;0;0;0;20;1,711;1,533;18,1;13,6;9,2;0;3;0,45;0;0;1;0;0;0;0
17/5/24;17;5;5;1;1;0;0;0;0;0;0;0;0;0;0;0;0;0;0;0;0;0;20;1,71;1,532;19,4;15,4;11,3;0;3;0,59;0;0;1;0;0;0;0
18/5/24;18;5;6;0;0;0;0;0;0;0;0;0;0;0;0;0;0;0;0;0;0;0;20;1,709;1,531;22,5;16,3;10,1;0;2;0,41;0,65;0;1;0;0;0;0
19/5/24;19;5;7;0;0;0;0;0;0;0;0;0;0;0;0;0;0;0;0;0;0;0;20;1,709;1,531;22,7;17,1;11,5;0;3;0,43;0;0;0,9;0,83;0;0;0
20/5/24;20;5;1;1;1;0;0;0;0;0;0;0;0;0;0;0;0;0;0;0;0;0;21;1,709;1,531;20,7;15,4;10;0;3;0,51;0;0;0;0;0;0;0
21/5/24;21;5;2;1;1;0;0;0;0;0;0;0;0;0;0;0;0;0;0;0;0;0;21;1,71;1,531;20;15,7;11,4;0,9;2;0,67;0;0;0,78;0;0;0;0
22/5/24;22;5;3;1;1;0;0;0;0;0;0;0;0;0;0;0;0;0;0;0;0;0;21;1,71;1,531;21,9;16,6;11,4;0;2;0,46;0;0;0,67;0;0;0;0
23/5/24;23;5;4;1;1;0;0;0;0;0;0;0;0;0;0;0;0;0;0;0;0;0;21;1,708;1,53;25,4;18,5;11,6;0;1;0,36;0;0;1;0;0;0;0
24/5/24;24;5;5;1;1;0;0;0;0;0;0;0;0;0;0;0;0;0;0;0;0;0;21;1,704;1,528;27,6;20;12,5;0;2;0,38;0;0;1;0;0;0;0
25/5/24;25;5;6;0;0;0;0;0;0;0;0;0;0;0;0;0;0;0;0;0;0;0;21;1,702;1,528;29,2;21,5;13,8;0;3;0,27;0,87;0;1;0;0;0,89;0,72
26/5/24;26;5;7;0;0;0;0;0;0;0;0;0;0;0;0;0;0;0;0;0;0;0;21;1,702;1,527;29,6;21,7;13,8;0;3;0,31;0;0;1;0;0;0;0
27/5/24;27;5;1;1;1;0;0;0;0;0;0;0;0;0;0;0;0;0;0;0;0;0;22;1,698;1,523;30,3;23,2;16,2;0;1;0,35;0;0;0;0;1;0;0
28/5/24;28;5;2;1;1;0;0;0;0;0;0;0;0;0;0;0;0;0;0;0;0;0;22;1,694;1,521;30,4;23,4;16,5;0;2;0,41;0;0;0,81;0;0;0;0
29/5/24;29;5;3;1;1;0;0;0;0;0;0;0;0;0;0;0;0;0;0;0;0;0;22;1,696;1,52;33,5;26,3;19,1;0;1;0,32;1;0;1;0;0;0;0
30/5/24;30;5;4;1;1;0;0;0;0;0;0;0;0;0;0;0;0;0;0;0;0;0;22;1,697;1,521;34,4;27,2;19,9;0;2;0,31;1;0;0,92;0;0;0;0
31/5/24;31;5;5;1;1;0;0;0;0;0;0;0;0;0;0;0;0;0;0;0;0;0;22;1,692;1,521;30,5;22,8;15,1;0;3;0,25;0;0;1;0;0;0;0
1/6/24;1;6;6;0;0;0;0;0;0;0;0;0;0;0;0;0;0;0;0;0;0;0;22;1,695;1,52;27,5;19,8;12,2;0;3;0,35;0;0;0,96;0;0;0;0
2/6/24;2;6;7;0;0;0;0;0;0;0;0;0;0;0;0;0;0;0;0;0;0;0;22;1,695;1,518;28,2;20,2;12,3;0;2;0,33;0;0;0,69;0;0;0;0
3/6/24;3;6;1;1;1;0;0;0;0;0;0;0;0;0;0;0;0;0;0;0;0;0;23;1,693;1,516;29,5;22,6;15,7;0;1;0,37;0;0;0;0;0;0;0
4/6/24;4;6;2;1;1;0;0;0;0;0;0;0;0;0;0;0;0;0;0;0;0;0;23;1,693;1,51;31,6;24,4;17,2;0;1;0,39;0;0;0,75;0;0;0;0
5/6/24;5;6;3;1;1;0;0;0;0;0;0;0;0;0;0;0;0;0;0;0;0;0;23;1,686;1,504;33,6;26,5;19,4;0;2;0,29;0;0;1;0;0;0;0
6/6/24;6;6;4;1;1;0;0;0;0;0;0;0;0;0;0;0;0;0;0;0;0;0;23;1,682;1,5;35,3;27,6;19,9;4,6;2;0,29;0;0;0,92;0;0;0;0
7/6/24;7;6;5;1;1;0;0;0;0;0;0;0;0;0;0;0;0;0;0;0;0;0;23;1,678;1,499;33,1;26,8;20,5;0;3;0,33;0;0;1;0;0;0;0
8/6/24;8;6;6;0;0;0;0;0;0;0;0;0;0;0;0;0;0;0;0;0;0;0;23;1,676;1,497;23,7;20,2;16,6;4,5;2;0,81;0,65;0;1;0;0;0;0
9/6/24;9;6;7;0;0;0;0;0;0;0;0;0;0;0;0;0;0;0;0;0;0;0;23;1,675;1,496;24,4;20;15,7;3,5;2;0,67;0;0;0,95;0;0;0;0
10/6/24;10;6;1;1;1;0;0;0;0;0;0;0;0;0;0;0;0;0;0;0;0;0;24;1,674;1,496;19,4;16,4;13,5;9;3;0,83;0;0;0;0;0;0;0
11/6/24;11;6;2;1;1;0;0;0;0;0;0;0;0;0;0;0;0;0;0;0;0;0;24;1,675;1,496;25,6;18,8;12,1;0;2;0,47;0;0;0;0;0;0;0
12/6/24;12;6;3;1;1;0;0;0;0;0;0;0;0;0;0;0;0;0;0;0;0;0;24;1,674;1,495;25,3;19,2;13,2;0,8;3;0,44;0;0;0;0,79;0;0;0
13/6/24;13;6;4;1;1;0;0;0;0;0;0;0;0;0;0;0;0;0;0;0;0;0;24;1,673;1,497;28,5;20,6;12,6;0;3;0,37;0;0;0;0;0;0;0
14/6/24;14;6;5;1;1;0;0;0;0;0;0;0;0;0;0;0;0;0;0;0;0;0;24;1,673;1,498;30,7;23;15,3;0;3;0,32;0;0;0;0,79;0;0;0
15/6/24;15;6;6;0;0;0;0;0;0;0;0;0;0;0;0;0;0;0;0;0;0;0;24;1,67;1,502;29,5;23;16,4;0;3;0,32;0;0;0;0;0;0;0
16/6/24;16;6;7;0;0;0;0;0;0;0;0;0;0;0;0;0;0;0;0;0;0;0;24;1,672;1,505;30,5;23;15,5;0;2;0,3;0;0;1;0;0;0;0
17/6/24;17;6;1;1;1;0;0;0;0;0;0;0;0;0;0;0;0;0;0;0;0;0;25;1,671;1,506;30,7;23,2;15,8;0;3;0,36;0;0;0;0,79;0;0;0
18/6/24;18;6;2;1;1;0;0;0;0;0;0;0;0;0;0;0;0;0;0;0;0;0;25;1,672;1,507;26,2;20,6;15;0,6;3;0,54;0;0;0;0;0;0;0
19/6/24;19;6;3;1;1;0;0;0;0;0;0;0;0;0;0;0;0;0;0;0;0;0;25;1,672;1,51;24,5;19,2;14;1,7;1;0,51;0;0;0;0;0;0;0
20/6/24;20;6;4;1;1;0;0;0;0;0;0;0;0;0;0;0;0;0;0;0;0;0;25;1,672;1,516;21,7;17,4;13,1;7,2;2;0,8;0;0;0;0;1;0;0
21/6/24;21;6;5;1;1;0;0;0;0;0;0;0;0;0;0;0;0;0;0;0;0;0;25;1,667;1,519;27,8;20,4;13;0;2;0,45;0;0;0;0,79;0;0;0
22/6/24;22;6;6;0;0;0;0;0;0;0;0;0;0;0;0;0;0;0;0;0;0;0;25;1,672;1,522;31,2;23,8;16,3;0;2;0,36;0;0;0;0,79;0;0;0
23/6/24;23;6;7;0;0;0;0;0;0;0;0;0;0;0;0;0;0;0;0;0;0;0;25;1,67;1,525;30,8;24,1;17,4;0;2;0,45;0;0;0,32;0;0;0;0
24/6/24;24;6;1;1;0;0;0;0;0;0;0;0;0;0;0;0;0;0;0;0;0;0;26;1,67;1,528;31,6;25;18,3;0;2;0,45;0;0;0;0;0;0;0
25/6/24;25;6;2;1;0;0;0;0;0;0;0;0;0;0;0;0;0;0;0;0;0;0;26;1,67;1,529;34,4;27,4;20,3;0;3;0,45;0;0;0;0;0;0;0
26/6/24;26;6;3;1;0;0;0;0;0;0;0;0;0;0;0;0;0;0;0;0;0;0;26;1,674;1,531;30,4;26,2;21,9;0,3;3;0,51;0;0;0;0;0;0;0
27/6/24;27;6;4;1;0;0;0;0;0;0;0;0;0;0;0;0;0;0;0;0;0;0;26;1,671;1,534;33,1;26,9;20,7;0;3;0,38;0;0;0,36;0;0;0;0
28/6/24;28;6;5;1;0;0;0;0;0;0;0;0;0;0;0;0;0;0;0;0;0;0;26;1,677;1,534;27,9;22,6;17,2;0,5;2;0,54;0;0;0;0;0;0;0
29/6/24;29;6;6;0;0;0;0;0;0;0;0;0;0;0;0;0;0;0;0;0;0;0;26;1,679;1,537;24,5;20,4;16,3;0;4;0,68;0,76;0;0;0;0;0;0
30/6/24;30;6;7;0;0;0;0;0;0;0;0;0;0;0;0;0;0;0;0;0;0;0;26;1,679;1,537;26;21,8;17,7;0;1;0,57;0;0;0;0;0;0;0
1/7/24;1;7;1;1;0;0;0;0;0;0;0;0;0;0;0;0;0;0;0;0;0;0;27;1,68;1,539;30;24,1;18,2;0;2;0,4;0;0;0;0;0;0;0
2/7/24;2;7;2;1;0;0;0;0;0;0;0;0;0;0;0;0;0;0;0;0;0;0;27;1,677;1,539;31,6;23,8;16;0;2;0,39;0;0;0;0;0;0;0
3/7/24;3;7;3;1;0;0;0;0;0;0;0;0;0;0;0;0;0;0;0;0;0;0;27;1,681;1,542;33,8;25,5;17,2;0;1;0,28;0;0;0;0;0;0;0
4/7/24;4;7;4;1;0;0;0;0;0;0;0;0;0;0;0;0;0;0;0;0;0;0;27;1,684;1,546;36,9;29;21,2;0;1;0,26;0;0;0,39;0;0;0;0
5/7/24;5;7;5;1;0;0;0;0;0;0;0;0;0;0;0;0;0;0;0;0;0;0;27;1,686;1,549;37,3;29,8;22,3;0;2;0,31;0;0;0;0;0;0;0
6/7/24;6;7;6;0;0;0;0;0;0;0;0;0;0;0;0;0;0;0;0;0;0;0;27;1,684;1,548;33,5;26,9;20,3;0;2;0,34;0,59;0;0;0;0;0;0
7/7/24;7;7;7;0;0;0;0;0;0;0;0;0;0;0;0;0;0;0;0;0;0;0;27;1,685;1,549;31,8;24,7;17,6;0;3;0,4;0,59;0;0;0;0;0;0
8/7/24;8;7;1;1;0;0;0;0;0;0;0;0;0;0;0;0;0;0;0;0;0;0;28;1,686;1,55;33;25,5;18;0;3;0,31;0;0;0;0;0;0;0
9/7/24;9;7;2;1;0;0;0;0;0;0;0;0;0;0;0;0;0;0;0;0;0;0;28;1,686;1,551;32,7;26,2;19,7;0;3;0,31;0;0;0;0;0;0;0
10/7/24;10;7;3;1;0;0;0;0;0;0;0;0;0;0;0;0;0;0;0;0;0;0;28;1,685;1,55;33,9;26,9;19,9;0;2;0,42;0;0;0;0;0;0;0
11/7/24;11;7;4;1;0;0;0;0;0;0;0;0;0;0;0;0;0;0;0;0;0;0;28;1,681;1,546;36,7;28,8;21;0;4;0,37;0;0;0,39;0;0;0;0
12/7/24;12;7;5;1;0;0;0;0;0;0;0;0;0;0;0;0;0;0;0;0;0;0;28;1,679;1,544;33,2;26,4;19,6;0;2;0,27;0;0;0;0,79;0;0;0
13/7/24;13;7;6;0;0;0;0;0;0;0;0;0;0;0;0;0;0;0;0;0;0;0;28;1,677;1,542;34,1;26,6;19,1;0;3;0,32;0,92;0;0;0;0;0;0
14/7/24;14;7;7;0;0;0;0;0;0;0;0;0;0;0;0;0;0;0;0;0;0;0;28;1,677;1,542;33,3;26,2;19,2;0;3;0,21;0;0;0;0,79;0;0;0
15/7/24;15;7;1;1;0;0;0;0;0;0;0;0;0;0;0;0;0;0;0;0;0;0;29;1,677;1,541;31;25,9;20,8;0;4;0,45;0;0;0;0;0;0;0
16/7/24;16;7;2;1;0;0;0;0;0;0;0;0;0;0;0;0;0;0;0;0;0;0;29;1,672;1,542;32,4;25,3;18,2;0;1;0,27;0;0;0;0;0;0;0
17/7/24;17;7;3;1;0;0;0;0;0;0;0;0;0;0;0;0;0;0;0;0;0;0;29;1,672;1,539;36,6;28,4;20,2;0;2;0,29;0;0;0;0;1;0;0
18/7/24;18;7;4;1;0;0;0;0;0;0;0;0;0;0;0;0;0;0;0;0;0;0;29;1,671;1,535;35,7;28,7;21,7;0;2;0,33;0;0;0,4;0;0;0;0
19/7/24;19;7;5;1;0;0;0;0;0;0;0;0;0;0;0;0;0;0;0;0;0;0;29;1,671;1,534;38;29,7;21,4;0;2;0,24;0;0;0;0;0;0;0
20/7/24;20;7;6;0;0;0;0;0;0;0;0;0;0;0;0;0;0;0;0;0;0;0;29;1,672;1,533;36,9;29;21;0;3;0,29;0,82;0;0;0;0;0;0
21/7/24;21;7;7;0;0;0;0;0;0;0;0;0;0;0;0;0;0;0;0;0;0;0;29;1,671;1,534;32,5;26,1;19,7;0;1;0,32;0,71;0;0;0;0;0;0
22/7/24;22;7;1;1;0;0;0;0;0;0;0;0;0;0;0;0;0;0;0;0;0;0;30;1,671;1,533;34,9;26,7;18,5;0;2;0,25;0,71;0;0;0;0;0;0
23/7/24;23;7;2;1;0;0;0;0;0;0;0;0;0;0;0;0;0;0;0;0;0;0;30;1,671;1,531;38,3;30,2;22,1;0;2;0,24;0,71;0;0;0;0;0;0
24/7/24;24;7;3;1;0;0;0;0;0;0;0;0;0;0;0;0;0;0;0;0;0;0;30;1,668;1,528;39,9;32,7;25,5;0;1;0,24;0;0;0;0;0;0;0
25/7/24;25;7;4;0;0;0;0;0;0;0;0;0;0;0;0;0;0;0;0;1;0;0;30;1,667;1,525;39,7;32,6;25,6;0;1;0,25;0;0;0,42;0;0;0;0
26/7/24;26;7;5;1;0;0;0;0;0;0;0;0;0;0;0;0;0;0;0;0;0;0;30;1,661;1,526;37;31;25;0;1;0,31;0;0;0;0;0;0;0
27/7/24;27;7;6;0;0;0;0;0;0;0;0;0;0;0;0;0;0;0;0;0;0;0;30;1,665;1,522;37,8;31,2;24,7;0;2;0,32;0;0;0;0,79;0;0;0
28/7/24;28;7;7;0;0;0;0;0;0;0;0;0;0;0;0;0;0;0;0;0;0;0;30;1,662;1,521;38,7;32;25,3;0;3;0,24;0;0;0;0;0;0;0
29/7/24;29;7;1;1;0;0;0;0;0;0;0;0;0;0;0;0;0;0;0;0;0;0;31;1,66;1,518;35;30,2;25,5;0;2;0,34;0;0;0;0;0;0;0
30/7/24;30;7;2;1;0;0;0;0;0;0;0;0;0;0;0;0;0;0;0;0;0;0;31;1,659;1,514;38,8;32;25,3;0;3;0,27;0;0;0;0;1;0;0
31/7/24;31;7;3;1;0;0;0;0;0;0;0;0;0;0;0;0;0;0;0;0;0;0;31;1,654;1,508;37,3;30,2;23,2;0;3;0,27;0;0;0;0;1;0;0
1/8/24;1;8;4;1;0;0;0;0;0;0;0;0;0;0;0;0;0;0;0;0;0;0;31;1,647;1,508;38,4;30,4;22,4;0;2;0,21;0;0;0;0;0;0;0
2/8/24;2;8;5;1;0;0;0;0;0;0;0;0;0;0;0;0;0;0;0;0;0;0;31;1,652;1,511;33;27,4;21,9;14,7;1;0,57;0;0;0;0;0;0;0
3/8/24;3;8;6;0;0;0;0;0;0;0;0;0;0;0;0;0;0;0;0;0;0;0;31;1,651;1,507;35,6;28,4;21,3;0;2;0,35;0;0;0;0;0;0;0
4/8/24;4;8;7;0;0;0;0;0;0;0;0;0;0;0;0;0;0;0;0;0;0;0;31;1,651;1,506;36,9;30,2;23,6;0;2;0,28;0;0;0,27;0;0;0;0
5/8/24;5;8;1;1;0;0;0;0;0;0;0;0;0;0;0;0;0;0;0;0;0;0;32;1,649;1,503;38,2;31,4;24,5;0;3;0,24;0;0;0;0;0;0;0
6/8/24;6;8;2;1;0;0;0;0;0;0;0;0;0;0;0;0;0;0;0;0;0;0;32;1,646;1,502;38;30,4;22,8;0;2;0,24;0;0;0;0;0;0;0
7/8/24;7;8;3;1;0;0;0;0;0;0;0;0;0;0;0;0;0;0;0;0;0;0;32;1,643;1,496;37,5;30,8;24,2;0;1;0,26;0;0;0;0;0;0;0
8/8/24;8;8;4;1;0;0;0;0;0;0;0;0;0;0;0;0;0;0;0;0;0;0;32;1,639;1,494;37,9;31,2;24,5;0;1;0,25;0;0;0;0;0;0;0
9/8/24;9;8;5;1;0;0;0;0;0;0;0;0;0;0;0;0;0;0;0;0;0;0;32;1,632;1,493;39,1;32,2;25,3;0;2;0,26;0;0;0;0;0;0;0
10/8/24;10;8;6;0;0;0;0;0;0;0;0;0;0;0;0;0;0;0;0;0;0;0;32;1,635;1,49;38,7;32,2;25,7;0;3;0,22;0;0;0;0;0;0;0
11/8/24;11;8;7;0;0;0;0;0;0;0;0;0;0;0;0;0;0;0;0;0;0;0;32;1,635;1,49;37,9;31,6;25,2;0;2;0,24;0;0;0,26;0;0;0;0
12/8/24;12;8;1;1;0;0;0;0;0;0;0;0;0;0;0;0;0;0;0;0;0;0;33;1,633;1,488;37,3;30,8;24,3;0;2;0,28;0;0;0;0;0;0;0
13/8/24;13;8;2;1;0;0;0;0;0;0;0;0;0;0;0;0;0;0;0;0;0;0;33;1,632;1,487;31,6;27,2;22,9;0;3;0,42;0;0;0;0;0;0;0
14/8/24;14;8;3;1;0;0;0;0;0;0;0;0;0;0;0;0;0;0;0;0;0;0;33;1,631;1,489;30,5;25,2;20;0;3;0,42;0;0;0;0;0;0;0
15/8/24;15;8;4;0;0;0;0;0;0;0;0;1;0;0;0;0;0;0;0;0;0;0;33;1,629;1,485;30,5;23,2;15,8;0;2;0,34;0;0;0,28;0;0;0;0
16/8/24;16;8;5;1;0;0;0;0;0;0;0;0;0;0;0;0;0;0;0;0;0;0;33;1,628;1,485;33,4;26,4;19,4;0;1;0,35;0;0;0;0;0;0;0
17/8/24;17;8;6;0;0;0;0;0;0;0;0;0;0;0;0;0;0;0;0;0;0;0;33;1,623;1,481;34,6;27,9;21,2;0;2;0,27;0;0;0;0;0;0;0
18/8/24;18;8;7;0;0;0;0;0;0;0;0;0;0;0;0;0;0;0;0;0;0;0;33;1,622;1,48;34,3;28,4;22,6;0;3;0,36;0;0;0,25;0;0;0;0
19/8/24;19;8;1;1;0;0;0;0;0;0;0;0;0;0;0;0;0;0;0;0;0;0;34;1,619;1,478;34,7;27,4;20,1;0;2;0,28;0;0;0;0;0;0;0
20/8/24;20;8;2;1;0;0;0;0;0;0;0;0;0;0;0;0;0;0;0;0;0;0;34;1,615;1,474;36,4;28,6;20,8;0;2;0,26;0;0;0;0;0;0;0
21/8/24;21;8;3;1;0;0;0;0;0;0;0;0;0;0;0;0;0;0;0;0;0;0;34;1,611;1,472;36,4;28,8;21,1;0;2;0,34;0;0;0;0;0;0;0
22/8/24;22;8;4;1;0;0;0;0;0;0;0;0;0;0;0;0;0;0;0;0;0;0;34;1,605;1,465;36,7;30,2;23,6;0;2;0,37;0;0;0;0;0;0;0
23/8/24;23;8;5;1;0;0;0;0;0;0;0;0;0;0;0;0;0;0;0;0;0;0;34;1,601;1,465;37;29;21;0;3;0,33;0;0;0;0;0;0;0
24/8/24;24;8;6;0;0;0;0;0;0;0;0;0;0;0;0;0;0;0;0;0;0;0;34;1,596;1,456;35;29,2;23,3;0;3;0,35;0;0;0;0;0;0;0
25/8/24;25;8;7;0;0;0;0;0;0;0;0;0;0;0;0;0;0;0;0;0;0;0;34;1,595;1,456;34,5;27;19,6;0;3;0,41;0,83;0;0,24;0,86;0;0;0
26/8/24;26;8;1;1;0;0;0;0;0;0;0;0;0;0;0;0;0;0;0;0;0;0;35;1,594;1,454;33,1;27,7;22,3;0;1;0,42;0;0;0;0;0;0;0
27/8/24;27;8;2;1;0;0;0;0;0;0;0;0;0;0;0;0;0;0;0;0;0;0;35;1,595;1,457;35,5;29;22,4;0;2;0,35;0;0;0;0;0;0,95;0
28/8/24;28;8;3;1;0;0;0;0;0;0;0;0;0;0;0;0;0;0;0;0;0;0;35;1,595;1,457;36,7;29,3;21,9;3,2;1;0,31;0;0;0;0,81;0;0;0
29/8/24;29;8;4;1;0;0;0;0;0;0;0;0;0;0;0;0;0;0;0;0;0;0;35;1,593;1,453;28,1;23,8;19,4;1;2;0,68;0;0;0;0;0;0;0
30/8/24;30;8;5;1;0;0;0;0;0;0;0;0;0;0;0;0;0;0;0;0;0;0;35;1,59;1,451;31,1;25,6;20,2;1,2;2;0,59;0;0;0;0;0;0;0
31/8/24;31;8;6;0;0;0;0;0;0;0;0;0;0;0;0;0;0;0;0;0;0;0;35;1,587;1,448;27,6;23,2;18,7;1,8;3;0,68;0;0;0;0;0;0;0
1/9/24;1;9;7;0;0;0;0;0;0;0;0;0;0;0;0;0;0;0;0;0;0;0;35;1,587;1,449;30,7;25,6;20,4;0;1;0,57;0,86;0;0,28;0;0;0;0
2/9/24;2;9;1;1;0;0;0;0;0;0;0;0;0;0;0;0;0;0;0;0;0;0;36;1,586;1,447;32,1;26,4;20,8;0;2;0,46;0;0;0;0;0;0;0
3/9/24;3;9;2;1;0;0;0;0;0;0;0;0;0;0;0;0;0;0;0;0;0;0;36;1,584;1,445;30,9;25,5;20,1;0;2;0,49;0;0;0;0;0;0;0
4/9/24;4;9;3;1;0;0;0;0;0;0;0;0;0;0;0;0;0;0;0;0;0;0;36;1,581;1,444;27,5;22,9;18,3;0;3;0,5;0;0;0;0;0;0;0
5/9/24;5;9;4;1;0;0;0;0;0;0;0;0;0;0;0;0;0;0;0;0;0;0;36;1,575;1,441;26,4;20,8;15,1;0;2;0,43;0;0;0;0;0;0;0
6/9/24;6;9;5;1;0;0;0;0;0;0;0;0;0;0;0;0;0;0;0;0;0;0;36;1,57;1,437;26,4;21,4;16,4;0;3;0,35;0;0;0;0;0;0;0
7/9/24;7;9;6;0;0;0;0;0;0;0;0;0;0;0;0;0;0;0;0;0;0;0;36;1,564;1,434;26,5;19,8;13;0;2;0,33;0,71;0;0;0;0;0;0
8/9/24;8;9;7;0;0;0;0;0;0;0;0;0;0;0;0;0;0;0;0;0;0;0;36;1,561;1,432;27,8;21,4;14,9;0;2;0,38;0,71;0;0,32;0;0;0;0
9/9/24;9;9;1;1;1;0;0;0;0;0;0;0;0;0;0;0;0;0;0;0;0;0;37;1,556;1,428;29,4;22,8;16,1;0;2;0,35;0;0;0;0;0;0;0
10/9/24;10;9;2;1;1;0;0;0;0;0;0;0;0;0;0;0;0;0;0;0;0;0;37;1,552;1,425;30,8;23,8;16,8;0;1;0,38;0;0;0;0;0;0;0
11/9/24;11;9;3;1;1;0;0;0;0;0;0;0;0;0;0;0;0;0;0;0;0;0;37;1,548;1,42;29,4;23,5;17,6;0;2;0,3;0;0;0;0;0;0;0
12/9/24;12;9;4;1;1;0;0;0;0;0;0;0;0;0;0;0;0;0;0;0;0;0;37;1,544;1,416;27,6;22,6;17,5;0;3;0,4;0;0;0;0;0;0;0
13/9/24;13;9;5;1;1;0;0;0;0;0;0;0;0;0;0;0;0;0;0;0;0;0;37;1,54;1,412;23,3;18;12,8;0;3;0,37;0;0;0;0;0;0;0
14/9/24;14;9;6;0;0;0;0;0;0;0;0;0;0;0;0;0;0;0;0;0;0;0;37;1,539;1,411;26,4;19,7;13;0;1;0,38;0;0;0;0;0;0;0
15/9/24;15;9;7;0;0;0;0;0;0;0;0;0;0;0;0;0;0;0;0;0;0;0;37;1,537;1,412;30,1;23;15,9;0;1;0,25;0;0;0,33;0,88;0;0;0
16/9/24;16;9;1;1;1;0;0;0;0;0;0;0;0;0;0;0;0;0;0;0;0;0;38;1,535;1,41;29,3;22,6;15,8;0;3;0,15;0;0;0;0;0;0,89;0
17/9/24;17;9;2;1;1;0;0;0;0;0;0;0;0;0;0;0;0;0;0;0;0;0;38;1,534;1,407;26,5;20,6;14,8;0;3;0,31;0,84;0;0;0;0;0;0
18/9/24;18;9;3;1;1;0;0;0;0;0;0;0;0;0;0;0;0;0;0;0;0;0;38;1,533;1,402;27,7;21,8;15,9;0;2;0,46;0;0;0;0;0;0;0
19/9/24;19;9;4;1;1;0;0;0;0;0;0;0;0;0;0;0;0;0;0;0;0;0;38;1,533;1,404;22,8;18,8;14,8;6,7;2;0,78;0;0;0;0,83;0;0;0
20/9/24;20;9;5;1;1;0;0;0;0;0;0;0;0;0;0;0;0;0;0;0;0;0;38;1,532;1,404;21,4;17,6;13,9;0,4;2;0,77;0;0;0;0;0;0;0
21/9/24;21;9;6;0;0;0;0;0;0;0;0;0;0;0;0;0;0;0;0;0;0;0;38;1,531;1,402;23,2;20;16,8;0;2;0,69;0,2;0;0;0;0;0;0
22/9/24;22;9;7;0;0;0;0;0;0;0;0;0;0;0;0;0;0;0;0;0;0;0;38;1,53;1,404;25,4;19,6;13,8;0;1;0,6;0;0;0,36;0;0;0,93;0
23/9/24;23;9;1;1;1;0;0;0;0;0;0;0;0;0;0;0;0;0;0;0;0;0;39;1,529;1,404;24,1;18,8;13,5;0;2;0,54;0;0;0;0;0;0;0
24/9/24;24;9;2;1;1;0;0;0;0;0;0;0;0;0;0;0;0;0;0;0;0;0;39;1,533;1,403;21,3;17,4;13,4;0;2;0,47;0,79;0;0;0;0;0;0
25/9/24;25;9;3;1;1;0;0;0;0;0;0;0;0;0;0;0;0;0;0;0;0;0;39;1,534;1,403;22,6;19,4;16,2;0;3;0,77;0;0;0;0;0;0;0
26/9/24;26;9;4;1;1;0;0;0;0;0;0;0;0;0;0;0;0;0;0;0;0;0;39;1,533;1,402;21,9;19,2;16,5;0;4;0,75;0;0;0;0;0;0;0
27/9/24;27;9;5;1;1;0;0;0;0;0;0;0;0;0;0;0;0;0;0;0;0;0;39;1,533;1,4;21,1;16,8;12,4;0;3;0,47;0;0;0;0;0;0;0
28/9/24;28;9;6;0;0;0;0;0;0;0;0;0;0;0;0;0;0;0;0;0;0;0;39;1,531;1,399;20,7;15,4;10,1;0;2;0,38;0;0;0,91;0;0;0,9;0
29/9/24;29;9;7;0;0;0;0;0;0;0;0;0;0;0;0;0;0;0;0;0;0;0;39;1,53;1,395;23,5;17,3;11,1;0;1;0,39;0;0;0,59;1;0;0;0
30/9/24;30;9;1;1;1;0;0;0;0;0;0;0;0;0;0;0;0;0;0;0;0;0;40;1,53;1,391;27;20,2;13,3;0;2;0,33;0;0;0;0;0;0;0
1/10/24;1;10;2;1;1;0;0;0;0;0;0;0;0;0;0;0;0;0;0;0;0;0;40;1,529;1,394;26,9;20,2;13,5;0;1;0,44;0;0;0;0;0;0;0
2/10/24;2;10;3;1;1;0;0;0;0;0;0;0;0;0;0;0;0;0;0;0;0;0;40;1,529;1,394;27,9;20,6;13,3;0,2;3;0,56;0;0;0;0;0;0;0
3/10/24;3;10;4;1;1;0;0;0;0;0;0;0;0;0;0;0;0;0;0;0;0;0;40;1,532;1,395;26;20,5;15;0;3;0,56;0;0;0,71;0;0;0;0
4/10/24;4;10;5;1;1;0;0;0;0;0;0;0;0;0;0;0;0;0;0;0;0;0;40;1,53;1,398;25,7;18,7;11,6;0;1;0,51;0;0;0,91;0;0;0;0
5/10/24;5;10;6;0;0;0;0;0;0;0;0;0;0;0;0;0;0;0;0;0;0;0;40;1,53;1,4;25,4;19,1;12,8;0;2;0,6;0,87;0;0,93;0;0;0;0
6/10/24;6;10;7;0;0;0;0;0;0;0;0;0;0;0;0;0;0;0;0;0;0;0;40;1,533;1,404;22,6;20,1;17,6;0;3;0,67;0;0;1;0;0;0;0,72
7/10/24;7;10;1;1;1;0;0;0;0;0;0;0;0;0;0;0;0;0;0;0;0;0;41;1,534;1,405;22,5;18,2;13,8;6,5;3;0,81;0;0;0;0;0;0;0
8/10/24;8;10;2;1;1;0;0;0;0;0;0;0;0;0;0;0;0;0;0;0;0;0;41;1,537;1,409;17,4;15;12,7;0,4;4;0,85;0;0,49;0;0;0;0;0
9/10/24;9;10;3;1;1;0;0;0;0;0;0;0;0;0;0;0;0;0;0;0;0;0;41;1,544;1,418;19,5;16,6;13,8;4,7;4;0,89;0;0,49;0;0;0;0;0
10/10/24;10;10;4;1;1;0;0;0;0;0;0;0;0;0;0;0;0;0;0;0;0;0;41;1,548;1,423;18,5;15;11,6;0;2;0,53;0;0,49;0;0;0;0;0
11/10/24;11;10;5;1;1;0;0;0;0;0;0;0;0;0;0;0;0;0;0;0;0;0;41;1,551;1,428;19,2;14,6;10;6,7;1;0,62;0;0;0;0;0;0;0
12/10/24;12;10;6;0;0;0;0;0;0;0;0;0;1;0;0;0;0;0;0;0;0;0;41;1,549;1,428;16,7;15,2;13,8;21,4;2;0,81;0;0;0,97;0,29;0;0;0
13/10/24;13;10;7;0;0;0;0;0;0;0;0;0;0;0;0;0;0;0;0;0;0;0;41;1,555;1,43;21,2;17,4;13,6;0;2;0,81;0;0;0;0;0;0;0
14/10/24;14;10;1;1;1;0;0;0;0;0;0;0;0;0;0;0;0;0;0;0;0;0;42;1,556;1,432;22,1;19;15,8;0;2;0,77;0;0;0;0;0;0;0
15/10/24;15;10;2;1;1;0;0;0;0;0;0;0;0;0;0;0;0;0;0;0;0;0;42;1,56;1,436;19,6;17,6;15,7;11,3;3;0,9;0;0,03;0;0;0;0;0
16/10/24;16;10;3;1;1;0;0;0;0;0;0;0;0;0;0;0;0;0;0;0;0;0;42;1,559;1,439;21,8;17,9;14;14,5;3;0,83;0;0,03;0;0;0;0;0
17/10/24;17;10;4;1;1;0;0;0;0;0;0;0;0;0;0;0;0;0;0;0;0;0;42;1,556;1,432;17,3;14,4;11,5;1,4;3;0,75;0;0,04;0;0;0;0;0
18/10/24;18;10;5;1;1;0;0;0;0;0;0;0;0;0;0;0;0;0;0;0;0;0;42;1,559;1,434;17,6;12,8;8;0;2;0,61;0;0;0;0;0;0;0
19/10/24;19;10;6;0;0;0;0;0;0;0;0;0;0;0;0;0;0;0;0;0;0;0;42;1,557;1,432;20,9;16,5;12,1;0;1;0,75;0;0;0;0;0;0;0
20/10/24;20;10;7;0;0;0;0;0;0;0;0;0;0;0;0;0;0;0;0;0;0;0;42;1,556;1,432;20,8;16,4;12;0;1;0,73;0;0;0;0,86;0;0;0
21/10/24;21;10;1;1;1;0;0;0;0;0;0;0;0;0;0;0;0;0;0;0;0;0;43;1,556;1,431;22,1;17,1;12,1;0;1;0,73;0;0;0;0;0;0;0
22/10/24;22;10;2;1;1;0;0;0;0;0;0;0;0;0;0;0;0;0;0;0;0;0;43;1,556;1,432;21,2;17,5;13,8;0;1;0,72;0,88;0;0;0;0;0;0
23/10/24;23;10;3;1;1;0;0;0;0;0;0;0;0;0;0;0;0;0;0;0;0;0;43;1,559;1,434;19,5;16,6;13,8;0;2;0,73;0;0;0;0,87;0;0;0
24/10/24;24;10;4;1;1;0;0;0;0;0;0;0;0;0;0;0;0;0;0;0;0;0;43;1,558;1,435;19,1;16,5;13,9;0;1;0,77;0;0;0;0;0;0;0
25/10/24;25;10;5;1;1;0;0;0;0;0;0;0;0;0;0;0;0;0;0;0;0;0;43;1,562;1,436;17;13,8;10,7;0,2;2;0,73;0;0;0;0;0;0;0
26/10/24;26;10;6;0;0;0;0;0;0;0;0;0;0;0;0;0;0;0;0;0;0;0;43;1,56;1,434;13,1;10,2;7,4;0;3;0,64;0,92;0;0;0;0;0,89;0,64
27/10/24;27;10;7;0;0;0;0;0;0;0;0;0;0;0;0;0;0;0;0;0;0;0;43;1,56;1,435;13,5;9,8;6,1;3,4;3;0,63;0;0;0;0;0;0;0
28/10/24;28;10;1;1;1;0;0;0;0;0;0;0;0;0;0;0;0;0;0;0;0;0;44;1,56;1,435;18,4;13,8;9,1;0,1;3;0,74;0;0;0;0;0;0;0
29/10/24;29;10;2;1;1;0;0;0;0;0;0;0;0;0;0;0;0;0;0;0;0;0;44;1,56;1,432;15,7;12,8;9,9;29,7;4;0,85;0;0;0;0;0;0;0
30/10/24;30;10;3;1;1;0;0;0;0;0;0;0;0;0;0;0;0;0;0;0;0;0;44;1,555;1,433;19,2;14,6;9,9;0;4;0,63;0;0;0;0;0;0;0
31/10/24;31;10;4;1;1;0;0;0;0;0;0;0;0;0;0;0;0;0;0;0;0;0;44;1,555;1,431;19,5;15,7;11,9;6,7;1;0,71;0;0;0;0;0;0;0
1/11/24;1;11;5;0;0;0;0;0;0;0;0;0;0;1;0;0;0;0;0;0;0;0;44;1,552;1,431;18,3;15,8;13,3;0;2;0,76;0;0;0;0;0;0;0
2/11/24;2;11;6;0;0;0;0;0;0;0;0;0;0;0;0;0;0;0;0;0;0;0;44;1,555;1,43;16,9;15;13;0;2;0,78;0;0;0;0;0;0;0
3/11/24;3;11;7;0;0;0;0;0;0;0;0;0;0;0;0;0;0;0;0;0;0;0;44;1,556;1,434;18,7;15,2;11,8;0;2;0,79;0;0;0;0,81;0;0;0
4/11/24;4;11;1;1;1;0;0;0;0;0;0;0;0;0;0;0;0;0;0;0;0;0;45;1,555;1,434;17,2;14,9;12,6;0,2;2;0,79;0;0;0;0;0;0;0
5/11/24;5;11;2;1;1;0;0;0;0;0;0;0;0;0;0;0;0;0;0;0;0;0;45;1,557;1,432;18,8;15,2;11,5;0;1;0,78;0,89;0;0;0;0;0;0
6/11/24;6;11;3;1;1;0;0;0;0;0;0;0;0;0;0;0;0;0;0;0;0;0;45;1,556;1,436;19,5;15,4;11,2;0;1;0,75;0;0;0;0;0;0;0
7/11/24;7;11;4;1;1;0;0;0;0;0;0;0;0;0;0;0;0;0;0;0;0;0;45;1,56;1,443;18,9;15;11,2;0;1;0,78;0;0;0;0;0;0;0
8/11/24;8;11;5;1;1;0;0;0;0;0;0;0;0;0;0;0;0;0;0;0;0;0;45;1,559;1,446;15,7;13,4;11,1;0;1;0,9;0;0;0;0;0;0,88;0
9/11/24;9;11;6;0;0;0;0;0;0;0;0;0;0;0;1;0;0;0;0;0;0;0;45;1,561;1,447;16,6;13,1;9,6;0;1;0,88;0,85;0;0;0;0;0;0
10/11/24;10;11;7;0;0;0;0;0;0;0;0;0;0;0;0;0;0;0;0;0;0;0;45;1,561;1,448;16,3;12,6;8,8;0;1;0,79;0;0;0;0;0;0;0,88
11/11/24;11;11;1;1;1;0;0;0;0;0;0;0;0;0;0;0;0;0;0;0;0;0;46;1,56;1,449;17;13,3;9,6;0;2;0,65;0;0;0;0;0;0;0
12/11/24;12;11;2;1;1;0;0;0;0;0;0;0;0;0;0;0;0;0;0;0;0;0;46;1,561;1,449;14;10;6,1;0;3;0,56;0;0;0;0;0;0;0
13/11/24;13;11;3;1;1;0;0;0;0;0;0;0;0;0;0;0;0;0;0;0;0;0;46;1,559;1,45;10,4;7,7;5;3,9;4;0,81;0;0;0;0;0;0;0
14/11/24;14;11;4;1;1;0;0;0;0;0;0;0;0;0;0;0;0;0;0;0;0;0;46;1,559;1,45;16,5;13,3;10,1;0,1;3;0,77;0;0;0;0;0;0;0
15/11/24;15;11;5;1;1;0;0;0;0;0;0;0;0;0;0;0;0;0;0;0;0;0;46;1,558;1,45;15,9;14;12;0;2;0,76;0;0;0;0;0;0;0
16/11/24;16;11;6;0;0;0;0;0;0;0;0;0;0;0;0;0;0;0;0;0;0;0;46;1,555;1,451;14;12,1;10,2;0;2;0,77;0;0;0;0;0;0;0
17/11/24;17;11;7;0;0;0;0;0;0;0;0;0;0;0;0;0;0;0;0;0;0;0;46;1,556;1,451;17,1;12,8;8,6;0,2;1;0,77;0;0;0;0;0;0;0
18/11/24;18;11;1;1;1;0;0;0;0;0;0;0;0;0;0;0;0;0;0;0;0;0;47;1,556;1,452;18,4;14,2;10;0;1;0,77;0;0;0;0;0,88;0;0
19/11/24;19;11;2;1;1;0;0;0;0;0;0;0;0;0;0;0;0;0;0;0;0;0;47;1,557;1,455;15,7;12;8,2;0;1;0,88;0;0,03;0;0;0,82;0;0
20/11/24;20;11;3;1;1;0;0;0;0;0;0;0;0;0;0;0;0;0;0;0;0;0;47;1,559;1,45;16,5;12,6;8,6;0;2;0,65;0;0,04;0;0;0;0;0
21/11/24;21;11;4;1;1;0;0;0;0;0;0;0;0;0;0;0;0;0;0;0;0;0;47;1,558;1,457;13,2;10,8;8,5;0;3;0,82;0;0,04;0;0;0;0;0
22/11/24;22;11;5;1;1;0;0;0;0;0;0;0;0;0;0;0;0;0;0;0;0;0;47;1,562;1,461;15,3;12,4;9,6;0,4;2;0,72;0;0;0;0;0;0;0
23/11/24;23;11;6;0;0;0;0;0;0;0;0;0;0;0;0;0;0;0;0;0;0;0;47;1,562;1,466;14,3;11,2;8;0;1;0,87;0;0;0;0,84;0;0;0
24/11/24;24;11;7;0;0;0;0;0;0;0;0;0;0;0;0;0;0;0;0;0;0;0;47;1,565;1,469;15,3;12,2;9,1;0;3;0,76;0;0;0;0;0;0;1
25/11/24;25;11;1;1;1;0;0;0;0;0;0;0;0;0;0;0;0;0;0;0;0;0;48;1,566;1,472;16,5;11,9;7,3;5,2;2;0,68;0;0;0;0;0;0;0
26/11/24;26;11;2;1;1;0;0;0;0;0;0;0;0;0;0;0;0;0;0;0;0;0;48;1,57;1,475;11,1;8;4,9;0;1;0,8;0;0;0;0;0;0;0
27/11/24;27;11;3;1;1;0;0;0;0;0;0;0;0;0;0;0;0;0;0;0;0;0;48;1,572;1,476;13;8,6;4,2;0;1;0,66;0;0;0;0;0;0;0
28/11/24;28;11;4;1;1;0;0;0;0;0;0;0;0;0;0;0;0;0;0;0;0;0;48;1,569;1,476;13,7;9,1;4,5;0;1;0,75;0;0;0;0;0;0;0
29/11/24;29;11;5;1;1;0;0;0;0;0;0;0;0;0;0;0;0;0;0;0;0;1;48;1,568;1,474;15,1;10,6;6,1;0;1;0,75;0;0;0;0;0;0;0
30/11/24;30;11;6;0;0;0;0;0;0;0;0;0;0;0;0;0;0;0;0;0;0;0;48;1,566;1,468;15,8;11;6,2;0;1;0,81;0;0;0;0;0;0;0
1/12/24;1;12;7;0;0;0;0;0;0;0;0;0;0;0;0;0;0;0;0;0;0;0;48;1,567;1,469;15,9;12,1;8,3;0;1;0,81;0,87;0;0;0;0;0,93;0,84
2/12/24;2;12;1;1;1;0;0;0;0;0;0;0;0;0;0;0;0;0;0;0;0;0;49;1,566;1,467;15,1;12,3;9,5;0;1;0,83;0;0;0;0;0,88;0;0
3/12/24;3;12;2;1;1;0;0;0;0;0;0;0;0;0;0;0;0;0;0;0;0;0;49;1,565;1,464;15,1;10,6;6,2;0,5;1;0,79;0;0;0;0;0,88;0;0
4/12/24;4;12;3;1;1;0;0;0;0;0;0;0;0;0;0;0;0;0;0;0;0;0;49;1,564;1,462;14,3;10,4;6,4;0;2;0,6;0;0;0;0;0;0;0
5/12/24;5;12;4;1;1;0;0;0;0;0;0;0;0;0;0;0;0;0;0;0;0;0;49;1,562;1,46;13,5;9,5;5,5;0;1;0,68;0;0;0;0;0;0;0
6/12/24;6;12;5;0;0;0;0;0;0;0;0;0;0;0;0;1;0;0;0;0;0;0;49;1,559;1,464;15,1;10,6;6,1;0;1;0,77;0;0;0;0;0;0;0
7/12/24;7;12;6;0;0;0;0;0;0;0;0;0;0;0;0;0;0;0;0;0;0;0;49;1,561;1,466;16,6;11,2;5,7;0;4;0,6;0;0;0;0;0;0;0
8/12/24;8;12;7;0;0;0;0;0;0;0;0;0;0;0;0;0;1;0;0;0;0;0;49;1,562;1,465;10,5;6,5;2,5;0;2;0,51;0;0;0;0,86;0;0;0
9/12/24;9;12;1;1;1;0;0;0;0;0;0;0;0;0;0;0;0;0;0;0;0;0;50;1,56;1,463;9,5;5,9;2,3;0;2;0,57;0;0;0;0;1;0;0
10/12/24;10;12;2;1;1;0;0;0;0;0;0;0;0;0;0;0;0;0;0;0;0;0;50;1,558;1,462;9,8;5,6;1,3;0;2;0,61;0;0;0;0;1;0;0
11/12/24;11;12;3;1;1;0;0;0;0;0;0;0;0;0;0;0;0;0;0;0;0;0;50;1,555;1,462;8;6,4;4,8;0;2;0,57;0;0;0;0,84;0;0;0
12/12/24;12;12;4;1;1;0;0;0;0;0;0;0;0;0;0;0;0;0;0;0;0;0;50;1,554;1,463;9,3;6,1;2,9;0,1;2;0,68;0;0;0;0;0;0;0
13/12/24;13;12;5;1;1;0;0;0;0;0;0;0;0;0;0;0;0;0;0;0;0;0;50;1,554;1,466;8,7;6,3;3,9;0,4;1;0,8;0;0,29;0;0;0,94;0;0
14/12/24;14;12;6;0;0;0;0;0;0;0;0;0;0;0;0;0;0;0;0;0;0;0;50;1,556;1,467;7,1;4,4;1,6;0;1;0,89;0;0,29;0;0;0;0,96;0
15/12/24;15;12;7;0;0;0;0;0;0;0;0;0;0;0;0;0;0;0;0;0;0;0;50;1,558;1,467;10,3;5,2;0,1;0;1;0,74;0;0,3;0;0,86;0;0;0,32
16/12/24;16;12;1;1;1;0;0;0;0;0;0;0;0;0;0;0;0;0;0;0;0;0;51;1,559;1,47;10,4;6,4;2,5;0;2;0,66;0;0;0;0;0;0;0
17/12/24;17;12;2;1;1;0;0;0;0;0;0;0;0;0;0;0;0;0;0;0;0;0;51;1,56;1,471;9,6;5,5;1,4;0;1;0,7;0;0;0;0;0,88;0;0
18/12/24;18;12;3;1;1;0;0;0;0;0;0;0;0;0;0;0;0;0;0;0;0;0;51;1,56;1,471;11,2;7,2;3,1;0;1;0,72;0;0;0;0;0;0;0
19/12/24;19;12;4;1;1;0;0;0;0;0;0;0;0;0;0;0;0;0;0;0;0;0;51;1,558;1,473;14,1;10,1;6,1;0,4;3;0,81;0;0;0;0;0;0;0
20/12/24;20;12;5;1;1;0;0;0;0;0;0;0;0;0;0;0;0;0;0;0;0;0;51;1,565;1,476;10,4;6;1,6;0;2;0,63;0;0;0;0;0;0;0
21/12/24;21;12;6;0;0;0;0;0;0;0;0;0;0;0;0;0;0;0;0;0;0;0;51;1,566;1,474;10,5;5,3;0,1;0;1;0,67;0;0;0;0;0;0;0,8
22/12/24;22;12;7;0;0;0;0;0;0;0;0;0;0;0;0;0;0;0;0;0;0;0;51;1,566;1,475;12,8;7;1,1;0;2;0,68;0,89;0;0;0;0;0;0
23/12/24;23;12;1;1;0;0;0;0;0;0;0;0;0;0;0;0;0;0;0;0;0;0;52;1,567;1,476;11,1;7,3;3,5;0;3;0,6;0;0;0;0;0;0;0
24/12/24;24;12;2;1;0;0;0;0;0;0;0;0;0;0;0;0;0;0;0;0;0;0;52;1,565;1,476;13,5;8,1;2,7;0;1;0,67;0;0;0;0;0;0;0
25/12/24;25;12;3;0;0;1;0;0;0;0;0;0;0;0;0;0;0;0;0;0;0;0;52;1,569;1,478;15,1;10,6;6,1;0;2;0,67;0;0;0;0;0;0;0
26/12/24;26;12;4;1;0;0;0;0;0;0;0;0;0;0;0;0;0;0;0;0;0;0;52;1,571;1,48;13,1;8,7;4,3;0;1;0,73;0;0;0;0;1;0;0
27/12/24;27;12;5;1;0;0;0;0;0;0;0;0;0;0;0;0;0;0;0;0;0;0;52;1,567;1,48;11,3;8,4;5,4;0;2;0,77;0;0;0;0;0;0;0
28/12/24;28;12;6;0;0;0;0;0;0;0;0;0;0;0;0;0;0;0;0;0;0;0;52;1,565;1,48;10,5;6,9;3,3;0;1;0,76;0;0;0;0;0;0;0
29/12/24;29;12;7;0;0;0;0;0;0;0;0;0;0;0;0;0;0;0;0;0;0;0;52;1,569;1,483;10,9;6;1,2;0;1;0,75;0;0;0;0;0;0;0
30/12/24;30;12;1;1;0;0;0;0;0;0;0;0;0;0;0;0;0;0;0;0;0;0;1;1,57;1,484;10,2;6,2;2,1;0;1;0,74;0;0;0;0;0;0;0
31/12/24;31;12;2;1;0;0;0;0;0;0;0;0;0;0;0;0;0;0;0;0;0;0;1;1,574;1,487;10,6;5,8;0,9;0;1;0,72;0;0;0;0;0;0;0