cod_est;fecha;cuota_entradas
121;2024-02-05;0.004760
121;2024-02-06;0.003610
121;2024-02-07;0.003430
121;2024-02-08;0.003490
121;2024-02-09;0.003820
121;2024-02-10;0.003960
121;2024-02-11;0.003910
121;2024-02-18;0.006950
121;2024-03-02;0.006330
121;2024-05-08;0.003730
121;2024-05-15;0.005690
121;2024-05-23;0.003940
121;2024-05-29;0.004270
121;2024-06-10;0.003650
121;2024-06-11;0.003710
121;2024-06-12;0.003710
121;2024-06-13;0.003740
121;2024-06-14;0.003830
121;2024-06-15;0.004470
121;2024-06-16;0.004960
121;2024-07-29;0.003860
121;2024-07-30;0.003800
121;2024-07-31;0.003960
121;2024-08-01;0.004050
121;2024-08-02;0.004380
121;2024-08-03;0.004880
121;2024-08-04;0.004680
121;2024-08-27;0.006080
121;2024-10-29;0.003420
121;2024-11-01;0.004050
121;2024-11-11;0.003610
121;2024-11-12;0.003440
121;2024-11-13;0.003490
121;2024-11-14;0.003540
121;2024-11-15;0.003620
121;2024-11-16;0.004000
121;2024-11-17;0.004310
121;2024-11-29;0.003920
121;2024-12-03;0.003560
152;2024-02-05;0.001790
152;2024-02-06;0.001820
152;2024-02-07;0.001770
152;2024-02-08;0.001790
152;2024-02-09;0.001520
152;2024-02-10;0.000830
152;2024-02-11;0.000620
152;2024-02-18;0.000700
152;2024-03-02;0.000770
152;2024-05-08;0.001760
152;2024-05-15;0.000820
152;2024-05-23;0.001700
152;2024-05-29;0.001750
152;2024-06-10;0.001760
152;2024-06-11;0.001820
152;2024-06-12;0.001760
152;2024-06-13;0.001720
152;2024-06-14;0.001460
152;2024-06-15;0.000890
152;2024-06-16;0.000750
152;2024-07-29;0.001750
152;2024-07-30;0.001780
152;2024-07-31;0.001760
152;2024-08-01;0.001670
152;2024-08-02;0.001480
152;2024-08-03;0.000770
152;2024-08-04;0.000680
152;2024-08-27;0.001610
152;2024-10-29;0.001830
152;2024-11-01;0.000870
152;2024-11-11;0.001830
152;2024-11-12;0.001910
152;2024-11-13;0.001830
152;2024-11-14;0.001750
152;2024-11-15;0.001560
152;2024-11-16;0.000900
152;2024-11-17;0.000710
152;2024-11-29;0.001480
152;2024-12-03;0.001810
201;2024-02-05;0.003740
201;2024-02-06;0.003810
201;2024-02-07;0.003800
201;2024-02-08;0.003760
201;2024-02-09;0.004100
201;2024-02-10;0.004910
201;2024-02-11;0.004370
201;2024-02-18;0.004730
201;2024-03-02;0.004650
201;2024-05-08;0.004000
201;2024-05-15;0.008460
201;2024-05-23;0.006320
201;2024-05-29;0.006110
201;2024-06-10;0.003980
201;2024-06-11;0.003990
201;2024-06-12;0.004060
201;2024-06-13;0.004070
201;2024-06-14;0.004270
201;2024-06-15;0.004440
201;2024-06-16;0.008300
201;2024-07-29;0.003780
201;2024-07-30;0.003800
201;2024-07-31;0.003700
201;2024-08-01;0.003740
201;2024-08-02;0.003740
201;2024-08-03;0.003890
201;2024-08-04;0.004850
201;2024-08-27;0.003720
201;2024-10-29;0.003690
201;2024-11-01;0.004820
201;2024-11-11;0.003640
201;2024-11-12;0.003610
201;2024-11-13;0.003530
201;2024-11-14;0.003690
201;2024-11-15;0.003800
201;2024-11-16;0.004670
201;2024-11-17;0.004470
201;2024-11-29;0.004210
201;2024-12-03;0.003550
205;2024-02-05;0.003380
205;2024-02-06;0.003270
205;2024-02-07;0.003120
205;2024-02-08;0.003190
205;2024-02-09;0.002940
205;2024-02-10;0.004940
205;2024-02-11;0.004920
205;2024-02-18;0.001760
205;2024-03-02;0.003090
205;2024-05-08;0.003670
205;2024-05-15;0.004630
205;2024-05-23;0.003720
205;2024-05-29;0.003930
205;2024-06-10;0.003530
205;2024-06-11;0.004890
205;2024-06-12;0.004820
205;2024-06-13;0.005210
205;2024-06-14;0.005460
205;2024-06-15;0.009580
205;2024-06-16;0.011660
205;2024-07-29;0.004010
205;2024-07-30;0.004260
205;2024-07-31;0.004030
205;2024-08-01;0.004250
205;2024-08-02;0.004040
205;2024-08-03;0.005920
205;2024-08-04;0.006710
205;2024-08-27;0.004620
205;2024-10-29;0.002950
205;2024-11-01;0.005350
205;2024-11-11;0.003360
205;2024-11-12;0.003230
205;2024-11-13;0.002930
205;2024-11-14;0.002990
205;2024-11-15;0.003200
205;2024-11-16;0.004790
205;2024-11-17;0.006300
205;2024-11-29;0.003350
205;2024-12-03;0.003180
207;2024-02-05;0.001830
207;2024-02-06;0.001950
207;2024-02-07;0.001990
207;2024-02-08;0.002080
207;2024-02-09;0.002250
207;2024-02-10;0.002710
207;2024-02-11;0.002820
207;2024-02-18;0.011020
207;2024-03-02;0.002950
207;2024-05-08;0.002190
207;2024-05-15;0.002270
207;2024-05-23;0.001990
207;2024-05-29;0.002080
207;2024-06-10;0.002060
207;2024-06-11;0.002020
207;2024-06-12;0.002020
207;2024-06-13;0.001970
207;2024-06-14;0.002120
207;2024-06-15;0.002500
207;2024-06-16;0.002580
207;2024-07-29;0.001970
207;2024-07-30;0.002200
207;2024-07-31;0.002140
207;2024-08-01;0.002120
207;2024-08-02;0.002110
207;2024-08-03;0.002260
207;2024-08-04;0.002090
207;2024-08-27;0.002100
207;2024-10-29;0.002070
207;2024-11-01;0.002650
207;2024-11-11;0.001670
207;2024-11-12;0.001790
207;2024-11-13;0.001890
207;2024-11-14;0.001760
207;2024-11-15;0.001780
207;2024-11-16;0.002350
207;2024-11-17;0.002280
207;2024-11-29;0.003170
207;2024-12-03;0.001930
209;2024-02-05;0.006340
209;2024-02-06;0.006140
209;2024-02-07;0.006810
209;2024-02-08;0.006770
209;2024-02-09;0.007100
209;2024-02-10;0.012180
209;2024-02-11;0.012110
209;2024-02-18;0.002090
209;2024-03-02;0.011340
209;2024-05-08;0.007140
209;2024-05-15;0.014150
209;2024-05-23;0.007230
209;2024-05-29;0.007070
209;2024-06-10;0.006980
209;2024-06-11;0.007130
209;2024-06-12;0.007360
209;2024-06-13;0.007710
209;2024-06-14;0.008090
209;2024-06-15;0.011590
209;2024-06-16;0.012450
209;2024-07-29;0.007550
209;2024-07-30;0.007460
209;2024-07-31;0.007370
209;2024-08-01;0.007600
209;2024-08-02;0.008030
209;2024-08-03;0.011490
209;2024-08-04;0.011320
209;2024-08-27;0.007890
209;2024-10-29;0.006210
209;2024-11-01;0.013460
209;2024-11-11;0.006170
209;2024-11-12;0.006230
209;2024-11-13;0.006310
209;2024-11-14;0.006380
209;2024-11-15;0.007330
209;2024-11-16;0.012260
209;2024-11-17;0.012810
209;2024-11-29;0.009680
209;2024-12-03;0.006780
210;2024-02-05;0.002110
210;2024-02-06;0.002150
210;2024-02-07;0.002170
210;2024-02-08;0.002280
210;2024-02-09;0.002470
210;2024-02-10;0.003850
210;2024-02-11;0.003990
210;2024-02-18;0.003970
210;2024-03-02;0.003940
210;2024-05-08;0.002240
210;2024-05-15;0.003090
210;2024-05-23;0.002320
210;2024-05-29;0.002260
210;2024-06-10;0.002300
210;2024-06-11;0.002170
210;2024-06-12;0.002260
210;2024-06-13;0.002260
210;2024-06-14;0.002470
210;2024-06-15;0.003510
210;2024-06-16;0.003980
210;2024-07-29;0.002260
210;2024-07-30;0.002580
210;2024-07-31;0.002570
210;2024-08-01;0.002540
210;2024-08-02;0.002790
210;2024-08-03;0.003880
210;2024-08-04;0.003550
210;2024-08-27;0.002710
210;2024-10-29;0.002170
210;2024-11-01;0.004030
210;2024-11-11;0.001970
210;2024-11-12;0.002080
210;2024-11-13;0.002020
210;2024-11-14;0.002080
210;2024-11-15;0.002320
210;2024-11-16;0.003530
210;2024-11-17;0.003410
210;2024-11-29;0.002790
210;2024-12-03;0.002180
252;2024-02-05;0.001770
252;2024-02-06;0.001820
252;2024-02-07;0.001810
252;2024-02-08;0.001790
252;2024-02-09;0.001920
252;2024-02-10;0.002050
252;2024-02-11;0.002130
252;2024-02-18;0.004980
252;2024-03-02;0.001950
252;2024-05-08;0.001810
252;2024-05-15;0.002340
252;2024-05-23;0.001920
252;2024-05-29;0.001910
252;2024-06-10;0.001820
252;2024-06-11;0.001870
252;2024-06-12;0.001910
252;2024-06-13;0.001920
252;2024-06-14;0.002020
252;2024-06-15;0.002360
252;2024-06-16;0.002250
252;2024-07-29;0.001960
252;2024-07-30;0.001950
252;2024-07-31;0.001930
252;2024-08-01;0.001970
252;2024-08-02;0.002060
252;2024-08-03;0.002430
252;2024-08-04;0.002210
252;2024-08-27;0.001850
252;2024-10-29;0.001700
252;2024-11-01;0.002490
252;2024-11-11;0.001840
252;2024-11-12;0.001750
252;2024-11-13;0.001760
252;2024-11-14;0.001800
252;2024-11-15;0.001920
252;2024-11-16;0.002250
252;2024-11-17;0.002310
252;2024-11-29;0.002030
252;2024-12-03;0.001820
255;2024-02-05;0.001780
255;2024-02-06;0.001770
255;2024-02-07;0.002120
255;2024-02-08;0.001790
255;2024-02-09;0.001900
255;2024-02-10;0.001840
255;2024-02-11;0.001520
255;2024-02-18;0.007920
255;2024-03-02;0.001720
255;2024-05-08;0.001820
255;2024-05-15;0.001930
255;2024-05-23;0.001820
255;2024-05-29;0.001820
255;2024-06-10;0.001820
255;2024-06-11;0.001820
255;2024-06-12;0.002130
255;2024-06-13;0.001870
255;2024-06-14;0.002270
255;2024-06-15;0.001940
255;2024-06-16;0.001900
255;2024-07-29;0.001610
255;2024-07-30;0.001710
255;2024-07-31;0.001600
255;2024-08-01;0.001580
255;2024-08-02;0.001580
255;2024-08-03;0.001490
255;2024-08-04;0.001290
255;2024-08-27;0.001630
255;2024-10-29;0.001770
255;2024-11-01;0.001850
255;2024-11-11;0.001830
255;2024-11-12;0.001830
255;2024-11-13;0.001820
255;2024-11-14;0.001850
255;2024-11-15;0.001930
255;2024-11-16;0.002030
255;2024-11-17;0.001650
255;2024-11-29;0.002600
255;2024-12-03;0.001900
307;2024-02-05;0.007880
307;2024-02-06;0.007920
307;2024-02-07;0.008010
307;2024-02-08;0.008640
307;2024-02-09;0.009450
307;2024-02-10;0.015540
307;2024-02-11;0.016380
307;2024-02-18;0.014920
307;2024-03-02;0.012630
307;2024-05-08;0.008210
307;2024-05-15;0.013440
307;2024-05-23;0.008210
307;2024-05-29;0.008220
307;2024-06-10;0.008510
307;2024-06-11;0.008690
307;2024-06-12;0.008870
307;2024-06-13;0.008650
307;2024-06-14;0.009500
307;2024-06-15;0.014320
307;2024-06-16;0.014550
307;2024-07-29;0.009900
307;2024-07-30;0.009890
307;2024-07-31;0.010110
307;2024-08-01;0.010740
307;2024-08-02;0.011020
307;2024-08-03;0.016400
307;2024-08-04;0.015970
307;2024-08-27;0.010610
307;2024-10-29;0.007940
307;2024-11-01;0.017200
307;2024-11-11;0.007990
307;2024-11-12;0.008350
307;2024-11-13;0.007870
307;2024-11-14;0.007850
307;2024-11-15;0.009600
307;2024-11-16;0.016380
307;2024-11-17;0.015670
307;2024-11-29;0.014550
307;2024-12-03;0.008640
414;2024-02-05;0.001780
414;2024-02-06;0.001830
414;2024-02-07;0.001800
414;2024-02-08;0.001780
414;2024-02-09;0.001700
414;2024-02-10;0.001140
414;2024-02-11;0.000950
414;2024-02-18;0.000540
414;2024-03-02;0.001760
414;2024-05-08;0.001740
414;2024-05-15;0.001020
414;2024-05-23;0.001800
414;2024-05-29;0.001710
414;2024-06-10;0.001770
414;2024-06-11;0.001800
414;2024-06-12;0.001730
414;2024-06-13;0.001720
414;2024-06-14;0.001560
414;2024-06-15;0.001110
414;2024-06-16;0.000940
414;2024-07-29;0.001470
414;2024-07-30;0.001450
414;2024-07-31;0.001450
414;2024-08-01;0.001310
414;2024-08-02;0.001200
414;2024-08-03;0.000940
414;2024-08-04;0.000790
414;2024-08-27;0.001270
414;2024-10-29;0.001910
414;2024-11-01;0.001030
414;2024-11-11;0.001820
414;2024-11-12;0.001840
414;2024-11-13;0.001870
414;2024-11-14;0.001840
414;2024-11-15;0.001660
414;2024-11-16;0.001190
414;2024-11-17;0.000990
414;2024-11-29;0.001680
414;2024-12-03;0.001810
517;2024-02-05;0.003800
517;2024-02-06;0.003960
517;2024-02-07;0.003980
517;2024-02-08;0.004230
517;2024-02-09;0.004730
517;2024-02-10;0.006320
517;2024-02-11;0.009250
517;2024-02-18;0.009420
517;2024-03-02;0.007460
517;2024-05-08;0.004050
517;2024-05-15;0.008730
517;2024-05-23;0.004220
517;2024-05-29;0.004350
517;2024-06-10;0.004080
517;2024-06-11;0.004030
517;2024-06-12;0.004240
517;2024-06-13;0.004230
517;2024-06-14;0.004790
517;2024-06-15;0.005870
517;2024-06-16;0.008420
517;2024-07-29;0.003900
517;2024-07-30;0.004080
517;2024-07-31;0.004220
517;2024-08-01;0.004270
517;2024-08-02;0.004420
517;2024-08-03;0.005310
517;2024-08-04;0.008390
517;2024-08-27;0.004180
517;2024-10-29;0.004180
517;2024-11-01;0.006000
517;2024-11-11;0.003520
517;2024-11-12;0.003720
517;2024-11-13;0.003890
517;2024-11-14;0.003890
517;2024-11-15;0.004220
517;2024-11-16;0.005780
517;2024-11-17;0.008000
517;2024-11-29;0.004220
517;2024-12-03;0.003650
520;2024-02-05;0.002130
520;2024-02-06;0.002130
520;2024-02-07;0.002180
520;2024-02-08;0.002150
520;2024-02-09;0.002190
520;2024-02-10;0.002360
520;2024-02-11;0.002400
520;2024-02-18;0.002420
520;2024-03-02;0.002280
520;2024-05-08;0.002190
520;2024-05-15;0.009710
520;2024-05-23;0.002280
520;2024-05-29;0.002280
520;2024-06-10;0.002250
520;2024-06-11;0.002270
520;2024-06-12;0.002300
520;2024-06-13;0.002270
520;2024-06-14;0.002320
520;2024-06-15;0.002390
520;2024-06-16;0.002430
520;2024-07-29;0.002170
520;2024-07-30;0.002220
520;2024-07-31;0.002220
520;2024-08-01;0.002220
520;2024-08-02;0.002160
520;2024-08-03;0.002200
520;2024-08-04;0.002320
520;2024-08-27;0.002280
520;2024-10-29;0.002120
520;2024-11-01;0.002050
520;2024-11-11;0.002060
520;2024-11-12;0.002120
520;2024-11-13;0.002150
520;2024-11-14;0.002070
520;2024-11-15;0.002100
520;2024-11-16;0.002220
520;2024-11-17;0.002320
520;2024-11-29;0.002260
520;2024-12-03;0.002080
521;2024-02-05;0.004860
521;2024-02-06;0.004870
521;2024-02-07;0.004860
521;2024-02-08;0.005020
521;2024-02-09;0.004820
521;2024-02-10;0.005340
521;2024-02-11;0.005450
521;2024-02-18;0.006080
521;2024-03-02;0.005790
521;2024-05-08;0.005480
521;2024-05-15;0.018760
521;2024-05-23;0.005210
521;2024-05-29;0.004950
521;2024-06-10;0.005060
521;2024-06-11;0.005180
521;2024-06-12;0.005100
521;2024-06-13;0.005200
521;2024-06-14;0.005130
521;2024-06-15;0.005990
521;2024-06-16;0.006130
521;2024-07-29;0.005210
521;2024-07-30;0.005270
521;2024-07-31;0.005250
521;2024-08-01;0.005560
521;2024-08-02;0.005200
521;2024-08-03;0.006520
521;2024-08-04;0.006600
521;2024-08-27;0.005290
521;2024-10-29;0.005000
521;2024-11-01;0.005850
521;2024-11-11;0.004970
521;2024-11-12;0.005010
521;2024-11-13;0.004920
521;2024-11-14;0.005060
521;2024-11-15;0.005050
521;2024-11-16;0.005540
521;2024-11-17;0.005710
521;2024-11-29;0.005120
521;2024-12-03;0.005030
522;2024-02-05;0.004190
522;2024-02-06;0.004140
522;2024-02-07;0.004070
522;2024-02-08;0.004110
522;2024-02-09;0.004250
522;2024-02-10;0.004480
522;2024-02-11;0.004500
522;2024-02-18;0.004470
522;2024-03-02;0.004970
522;2024-05-08;0.004410
522;2024-05-15;0.021990
522;2024-05-23;0.004250
522;2024-05-29;0.004200
522;2024-06-10;0.004490
522;2024-06-11;0.004360
522;2024-06-12;0.004380
522;2024-06-13;0.004320
522;2024-06-14;0.004410
522;2024-06-15;0.005120
522;2024-06-16;0.004870
522;2024-07-29;0.004680
522;2024-07-30;0.004520
522;2024-07-31;0.004620
522;2024-08-01;0.004750
522;2024-08-02;0.004960
522;2024-08-03;0.005630
522;2024-08-04;0.005260
522;2024-08-27;0.004720
522;2024-10-29;0.004230
522;2024-11-01;0.004890
522;2024-11-11;0.004290
522;2024-11-12;0.004180
522;2024-11-13;0.004210
522;2024-11-14;0.004210
522;2024-11-15;0.004280
522;2024-11-16;0.004740
522;2024-11-17;0.004860
522;2024-11-29;0.004330
522;2024-12-03;0.004330
606;2024-02-05;0.007720
606;2024-02-06;0.007620
606;2024-02-07;0.007340
606;2024-02-08;0.007700
606;2024-02-09;0.008280
606;2024-02-10;0.015300
606;2024-02-11;0.021490
606;2024-02-18;0.010200
606;2024-03-02;0.010010
606;2024-05-08;0.007500
606;2024-05-15;0.009140
606;2024-05-23;0.007790
606;2024-05-29;0.007610
606;2024-06-10;0.008290
606;2024-06-11;0.007960
606;2024-06-12;0.007930
606;2024-06-13;0.008080
606;2024-06-14;0.008080
606;2024-06-15;0.009870
606;2024-06-16;0.010150
606;2024-07-29;0.009100
606;2024-07-30;0.008920
606;2024-07-31;0.009040
606;2024-08-01;0.009530
606;2024-08-02;0.009970
606;2024-08-03;0.011720
606;2024-08-04;0.011950
606;2024-08-27;0.009190
606;2024-10-29;0.007470
606;2024-11-01;0.010070
606;2024-11-11;0.007870
606;2024-11-12;0.007520
606;2024-11-13;0.007520
606;2024-11-14;0.007520
606;2024-11-15;0.007790
606;2024-11-16;0.009400
606;2024-11-17;0.009980
606;2024-11-29;0.007630
606;2024-12-03;0.007700
617;2024-02-05;0.002600
617;2024-02-06;0.002600
617;2024-02-07;0.002460
617;2024-02-08;0.002560
617;2024-02-09;0.002250
617;2024-02-10;0.001220
617;2024-02-11;0.001030
617;2024-02-18;0.000910
617;2024-03-02;0.001430
617;2024-05-08;0.002470
617;2024-05-15;0.000970
617;2024-05-23;0.002380
617;2024-05-29;0.002440
617;2024-06-10;0.002380
617;2024-06-11;0.002320
617;2024-06-12;0.002200
617;2024-06-13;0.002250
617;2024-06-14;0.001980
617;2024-06-15;0.001070
617;2024-06-16;0.000780
617;2024-07-29;0.001880
617;2024-07-30;0.001790
617;2024-07-31;0.001810
617;2024-08-01;0.001710
617;2024-08-02;0.001480
617;2024-08-03;0.000690
617;2024-08-04;0.000680
617;2024-08-27;0.001720
617;2024-10-29;0.001980
617;2024-11-01;0.001010
617;2024-11-11;0.002600
617;2024-11-12;0.002640
617;2024-11-13;0.002740
617;2024-11-14;0.002540
617;2024-11-15;0.002050
617;2024-11-16;0.000980
617;2024-11-17;0.000960
617;2024-11-29;0.001920
617;2024-12-03;0.002500
620;2024-02-05;0.005720
620;2024-02-06;0.005580
620;2024-02-07;0.005800
620;2024-02-08;0.005550
620;2024-02-09;0.005200
620;2024-02-10;0.002900
620;2024-02-11;0.002640
620;2024-02-18;0.002550
620;2024-03-02;0.003010
620;2024-05-08;0.005420
620;2024-05-15;0.002470
620;2024-05-23;0.004930
620;2024-05-29;0.005200
620;2024-06-10;0.005490
620;2024-06-11;0.004890
620;2024-06-12;0.005170
620;2024-06-13;0.004800
620;2024-06-14;0.004550
620;2024-06-15;0.002630
620;2024-06-16;0.002220
620;2024-07-29;0.004030
620;2024-07-30;0.003810
620;2024-07-31;0.004000
620;2024-08-01;0.003530
620;2024-08-02;0.003500
620;2024-08-03;0.001810
620;2024-08-04;0.001540
620;2024-08-27;0.003540
620;2024-10-29;0.005760
620;2024-11-01;0.002650
620;2024-11-11;0.005910
620;2024-11-12;0.005680
620;2024-11-13;0.006230
620;2024-11-14;0.005590
620;2024-11-15;0.005190
620;2024-11-16;0.002700
620;2024-11-17;0.002330
620;2024-11-29;0.004930
620;2024-12-03;0.005600
621;2024-02-05;0.003200
621;2024-02-06;0.003180
621;2024-02-07;0.003200
621;2024-02-08;0.003270
621;2024-02-09;0.002920
621;2024-02-10;0.001420
621;2024-02-11;0.001170
621;2024-02-18;0.001390
621;2024-03-02;0.001370
621;2024-05-08;0.002920
621;2024-05-15;0.000880
621;2024-05-23;0.002470
621;2024-05-29;0.002120
621;2024-06-10;0.001960
621;2024-06-11;0.001760
621;2024-06-12;0.001700
621;2024-06-13;0.001800
621;2024-06-14;0.001620
621;2024-06-15;0.000810
621;2024-06-16;0.000770
621;2024-07-29;0.001170
621;2024-07-30;0.001160
621;2024-07-31;0.001170
621;2024-08-01;0.001160
621;2024-08-02;0.000890
621;2024-08-03;0.000450
621;2024-08-04;0.000430
621;2024-08-27;0.000930
621;2024-10-29;0.003730
621;2024-11-01;0.001240
621;2024-11-11;0.003050
621;2024-11-12;0.003610
621;2024-11-13;0.003590
621;2024-11-14;0.003670
621;2024-11-15;0.003150
621;2024-11-16;0.001490
621;2024-11-17;0.001110
621;2024-11-29;0.003210
621;2024-12-03;0.003480
622;2024-02-05;0.010370
622;2024-02-06;0.010920
622;2024-02-07;0.010320
622;2024-02-08;0.010380
622;2024-02-09;0.008020
622;2024-02-10;0.001870
622;2024-02-11;0.001660
622;2024-02-18;0.001610
622;2024-03-02;0.003190
622;2024-05-08;0.008840
622;2024-05-15;0.002220
622;2024-05-23;0.006490
622;2024-05-29;0.005370
622;2024-06-10;0.004990
622;2024-06-11;0.005100
622;2024-06-12;0.004930
622;2024-06-13;0.004950
622;2024-06-14;0.004410
622;2024-06-15;0.002380
622;2024-06-16;0.002760
622;2024-07-29;0.002650
622;2024-07-30;0.002220
622;2024-07-31;0.002590
622;2024-08-01;0.001730
622;2024-08-02;0.001620
622;2024-08-03;0.000890
622;2024-08-04;0.000820
622;2024-08-27;0.001870
622;2024-10-29;0.010130
622;2024-11-01;0.001750
622;2024-11-11;0.010840
622;2024-11-12;0.010660
622;2024-11-13;0.010610
622;2024-11-14;0.010430
622;2024-11-15;0.007310
622;2024-11-16;0.003010
622;2024-11-17;0.001310
622;2024-11-29;0.008380
622;2024-12-03;0.009980
711;2024-02-05;0.006530
711;2024-02-06;0.006810
711;2024-02-07;0.006690
711;2024-02-08;0.006650
711;2024-02-09;0.005900
711;2024-02-10;0.004090
711;2024-02-11;0.003450
711;2024-02-18;0.003490
711;2024-03-02;0.004170
711;2024-05-08;0.006710
711;2024-05-15;0.003030
711;2024-05-23;0.006500
711;2024-05-29;0.006620
711;2024-06-10;0.006460
711;2024-06-11;0.006300
711;2024-06-12;0.006520
711;2024-06-13;0.006360
711;2024-06-14;0.005660
711;2024-06-15;0.003630
711;2024-06-16;0.003070
711;2024-07-29;0.005640
711;2024-07-30;0.005670
711;2024-07-31;0.005540
711;2024-08-01;0.005160
711;2024-08-02;0.004690
711;2024-08-03;0.002790
711;2024-08-04;0.002440
711;2024-08-27;0.005210
711;2024-10-29;0.006790
711;2024-11-01;0.003830
711;2024-11-11;0.006390
711;2024-11-12;0.006720
711;2024-11-13;0.006740
711;2024-11-14;0.006590
711;2024-11-15;0.005840
711;2024-11-16;0.003880
711;2024-11-17;0.003300
711;2024-11-29;0.005640
711;2024-12-03;0.006560
714;2024-02-05;0.006800
714;2024-02-06;0.006950
714;2024-02-07;0.007040
714;2024-02-08;0.006890
714;2024-02-09;0.006220
714;2024-02-10;0.003890
714;2024-02-11;0.003710
714;2024-02-18;0.003650
714;2024-03-02;0.004240
714;2024-05-08;0.006440
714;2024-05-15;0.003270
714;2024-05-23;0.006140
714;2024-05-29;0.005950
714;2024-06-10;0.006350
714;2024-06-11;0.006020
714;2024-06-12;0.005980
714;2024-06-13;0.005940
714;2024-06-14;0.005230
714;2024-06-15;0.003530
714;2024-06-16;0.003310
714;2024-07-29;0.004770
714;2024-07-30;0.004920
714;2024-07-31;0.004770
714;2024-08-01;0.004450
714;2024-08-02;0.004070
714;2024-08-03;0.002500
714;2024-08-04;0.002320
714;2024-08-27;0.004510
714;2024-10-29;0.007000
714;2024-11-01;0.003560
714;2024-11-11;0.006720
714;2024-11-12;0.006940
714;2024-11-13;0.007030
714;2024-11-14;0.006770
714;2024-11-15;0.006130
714;2024-11-16;0.004180
714;2024-11-17;0.003540
714;2024-11-29;0.005620
714;2024-12-03;0.006650
751;2024-02-05;0.000690
751;2024-02-06;0.000610
751;2024-02-07;0.007260
751;2024-02-08;0.000560
751;2024-02-09;0.000650
751;2024-02-10;0.000710
751;2024-02-11;0.000700
751;2024-02-18;0.000660
751;2024-03-02;0.000650
751;2024-05-08;0.000600
751;2024-05-15;0.000870
751;2024-05-23;0.000910
751;2024-05-29;0.000600
751;2024-06-10;0.000680
751;2024-06-11;0.000840
751;2024-06-12;0.007870
751;2024-06-13;0.000810
751;2024-06-14;0.008420
751;2024-06-15;0.000760
751;2024-06-16;0.001090
751;2024-07-29;0.000770
751;2024-07-30;0.000720
751;2024-07-31;0.000690
751;2024-08-01;0.000740
751;2024-08-02;0.000700
751;2024-08-03;0.000700
751;2024-08-04;0.000720
751;2024-08-27;0.000830
751;2024-10-29;0.000630
751;2024-11-01;0.000750
751;2024-11-11;0.000650
751;2024-11-12;0.000630
751;2024-11-13;0.000610
751;2024-11-14;0.000690
751;2024-11-15;0.000650
751;2024-11-16;0.001230
751;2024-11-17;0.000580
751;2024-11-29;0.000000
751;2024-12-03;0.000560
805;2024-02-05;0.002080
805;2024-02-06;0.003500
805;2024-02-07;0.004600
805;2024-02-08;0.004420
805;2024-02-09;0.003750
805;2024-02-10;0.003920
805;2024-02-11;0.003040
805;2024-02-18;0.008390
805;2024-03-02;0.002560
805;2024-05-08;0.002540
805;2024-05-15;0.001130
805;2024-05-23;0.002930
805;2024-05-29;0.002010
805;2024-06-10;0.001870
805;2024-06-11;0.002220
805;2024-06-12;0.002320
805;2024-06-13;0.004260
805;2024-06-14;0.005060
805;2024-06-15;0.007720
805;2024-06-16;0.004850
805;2024-07-29;0.001530
805;2024-07-30;0.001780
805;2024-07-31;0.001770
805;2024-08-01;0.001670
805;2024-08-02;0.001430
805;2024-08-03;0.001130
805;2024-08-04;0.001080
805;2024-08-27;0.001840
805;2024-10-29;0.001940
805;2024-11-01;0.004520
805;2024-11-11;0.001650
805;2024-11-12;0.002140
805;2024-11-13;0.002390
805;2024-11-14;0.002400
805;2024-11-15;0.002280
805;2024-11-16;0.001810
805;2024-11-17;0.001790
805;2024-11-29;0.002120
805;2024-12-03;0.002280
806;2024-02-05;0.003260
806;2024-02-06;0.002570
806;2024-02-07;0.002550
806;2024-02-08;0.002830
806;2024-02-09;0.003560
806;2024-02-10;0.004190
806;2024-02-11;0.006380
806;2024-02-18;0.006040
806;2024-03-02;0.004280
806;2024-05-08;0.003230
806;2024-05-15;0.004850
806;2024-05-23;0.003370
806;2024-05-29;0.003390
806;2024-06-10;0.003640
806;2024-06-11;0.003440
806;2024-06-12;0.003340
806;2024-06-13;0.003370
806;2024-06-14;0.003570
806;2024-06-15;0.004560
806;2024-06-16;0.005350
806;2024-07-29;0.004270
806;2024-07-30;0.004000
806;2024-07-31;0.004200
806;2024-08-01;0.004350
806;2024-08-02;0.004670
806;2024-08-03;0.005320
806;2024-08-04;0.007100
806;2024-08-27;0.004520
806;2024-10-29;0.002950
806;2024-11-01;0.005310
806;2024-11-11;0.003460
806;2024-11-12;0.002590
806;2024-11-13;0.002640
806;2024-11-14;0.003100
806;2024-11-15;0.003520
806;2024-11-16;0.004170
806;2024-11-17;0.006100
806;2024-11-29;0.003170
806;2024-12-03;0.002300
808;2024-02-05;0.002760
808;2024-02-06;0.002410
808;2024-02-07;0.002420
808;2024-02-08;0.002570
808;2024-02-09;0.002870
808;2024-02-10;0.003560
808;2024-02-11;0.004850
808;2024-02-18;0.004890
808;2024-03-02;0.003560
808;2024-05-08;0.002680
808;2024-05-15;0.003870
808;2024-05-23;0.002810
808;2024-05-29;0.002910
808;2024-06-10;0.003300
808;2024-06-11;0.003000
808;2024-06-12;0.002910
808;2024-06-13;0.003180
808;2024-06-14;0.003260
808;2024-06-15;0.004200
808;2024-06-16;0.005240
808;2024-07-29;0.004440
808;2024-07-30;0.004010
808;2024-07-31;0.004120
808;2024-08-01;0.004450
808;2024-08-02;0.004670
808;2024-08-03;0.005550
808;2024-08-04;0.007320
808;2024-08-27;0.004630
808;2024-10-29;0.002770
808;2024-11-01;0.004810
808;2024-11-11;0.002910
808;2024-11-12;0.002630
808;2024-11-13;0.002720
808;2024-11-14;0.003580
808;2024-11-15;0.003120
808;2024-11-16;0.003960
808;2024-11-17;0.005230
808;2024-11-29;0.002790
808;2024-12-03;0.002460
905;2024-02-05;0.001100
905;2024-02-06;0.001120
905;2024-02-07;0.001070
905;2024-02-08;0.001120
905;2024-02-09;0.001090
905;2024-02-10;0.000620
905;2024-02-11;0.000540
905;2024-02-18;0.000520
905;2024-03-02;0.000680
905;2024-05-08;0.001090
905;2024-05-15;0.000550
905;2024-05-23;0.001110
905;2024-05-29;0.001190
905;2024-06-10;0.001180
905;2024-06-11;0.001180
905;2024-06-12;0.001170
905;2024-06-13;0.001120
905;2024-06-14;0.000960
905;2024-06-15;0.000650
905;2024-06-16;0.000500
905;2024-07-29;0.000790
905;2024-07-30;0.000790
905;2024-07-31;0.000770
905;2024-08-01;0.000660
905;2024-08-02;0.000610
905;2024-08-03;0.000360
905;2024-08-04;0.000330
905;2024-08-27;0.000700
905;2024-10-29;0.001200
905;2024-11-01;0.000540
905;2024-11-11;0.001200
905;2024-11-12;0.001190
905;2024-11-13;0.001240
905;2024-11-14;0.001200
905;2024-11-15;0.001000
905;2024-11-16;0.000650
905;2024-11-17;0.000560
905;2024-11-29;0.001030
905;2024-12-03;0.001180
913;2024-02-05;0.002260
913;2024-02-06;0.002310
913;2024-02-07;0.002330
913;2024-02-08;0.002310
913;2024-02-09;0.002180
913;2024-02-10;0.002310
913;2024-02-11;0.002270
913;2024-02-18;0.003050
913;2024-03-02;0.002110
913;2024-05-08;0.002460
913;2024-05-15;0.002360
913;2024-05-23;0.002520
913;2024-05-29;0.002590
913;2024-06-10;0.002690
913;2024-06-11;0.002890
913;2024-06-12;0.003340
913;2024-06-13;0.003360
913;2024-06-14;0.003560
913;2024-06-15;0.005280
913;2024-06-16;0.005550
913;2024-07-29;0.002280
913;2024-07-30;0.002300
913;2024-07-31;0.002390
913;2024-08-01;0.002300
913;2024-08-02;0.002160
913;2024-08-03;0.002330
913;2024-08-04;0.002360
913;2024-08-27;0.002340
913;2024-10-29;0.002210
913;2024-11-01;0.002530
913;2024-11-11;0.002200
913;2024-11-12;0.002240
913;2024-11-13;0.002240
913;2024-11-14;0.002240
913;2024-11-15;0.002210
913;2024-11-16;0.002420
913;2024-11-17;0.002830
913;2024-11-29;0.002200
913;2024-12-03;0.002320
952;2024-02-05;0.001740
952;2024-02-06;0.001750
952;2024-02-07;0.001670
952;2024-02-08;0.001720
952;2024-02-09;0.001590
952;2024-02-10;0.001130
952;2024-02-11;0.000900
952;2024-02-18;0.000920
952;2024-03-02;0.001020
952;2024-05-08;0.001660
952;2024-05-15;0.000950
952;2024-05-23;0.001700
952;2024-05-29;0.001660
952;2024-06-10;0.001720
952;2024-06-11;0.001780
952;2024-06-12;0.001730
952;2024-06-13;0.001690
952;2024-06-14;0.001690
952;2024-06-15;0.001160
952;2024-06-16;0.000980
952;2024-07-29;0.001400
952;2024-07-30;0.001370
952;2024-07-31;0.001350
952;2024-08-01;0.001190
952;2024-08-02;0.001100
952;2024-08-03;0.000750
952;2024-08-04;0.000720
952;2024-08-27;0.001220
952;2024-10-29;0.001780
952;2024-11-01;0.000940
952;2024-11-11;0.001800
952;2024-11-12;0.001750
952;2024-11-13;0.001710
952;2024-11-14;0.001760
952;2024-11-15;0.001690
952;2024-11-16;0.001210
952;2024-11-17;0.000950
952;2024-11-29;0.001820
952;2024-12-03;0.001740
1002;2024-02-05;0.006900
1002;2024-02-06;0.007000
1002;2024-02-07;0.006980
1002;2024-02-08;0.007000
1002;2024-02-09;0.006440
1002;2024-02-10;0.003850
1002;2024-02-11;0.003780
1002;2024-02-18;0.003620
1002;2024-03-02;0.003710
1002;2024-05-08;0.006590
1002;2024-05-15;0.003760
1002;2024-05-23;0.006290
1002;2024-05-29;0.005980
1002;2024-06-10;0.006040
1002;2024-06-11;0.006010
1002;2024-06-12;0.006020
1002;2024-06-13;0.005910
1002;2024-06-14;0.005340
1002;2024-06-15;0.003970
1002;2024-06-16;0.003500
1002;2024-07-29;0.005620
1002;2024-07-30;0.005730
1002;2024-07-31;0.005670
1002;2024-08-01;0.005580
1002;2024-08-02;0.005540
1002;2024-08-03;0.002310
1002;2024-08-04;0.002290
1002;2024-08-27;0.002750
1002;2024-10-29;0.006880
1002;2024-11-01;0.003590
1002;2024-11-11;0.006130
1002;2024-11-12;0.007050
1002;2024-11-13;0.006990
1002;2024-11-14;0.005750
1002;2024-11-15;0.006050
1002;2024-11-16;0.003480
1002;2024-11-17;0.003460
1002;2024-11-29;0.005720
1002;2024-12-03;0.006810
1005;2024-02-05;0.005370
1005;2024-02-06;0.005590
1005;2024-02-07;0.005440
1005;2024-02-08;0.005630
1005;2024-02-09;0.004890
1005;2024-02-10;0.003990
1005;2024-02-11;0.002680
1005;2024-02-18;0.002690
1005;2024-03-02;0.003250
1005;2024-05-08;0.007260
1005;2024-05-15;0.002670
1005;2024-05-23;0.005440
1005;2024-05-29;0.006960
1005;2024-06-10;0.005590
1005;2024-06-11;0.005590
1005;2024-06-12;0.005610
1005;2024-06-13;0.005500
1005;2024-06-14;0.005020
1005;2024-06-15;0.003280
1005;2024-06-16;0.002820
1005;2024-07-29;0.005070
1005;2024-07-30;0.005540
1005;2024-07-31;0.005370
1005;2024-08-01;0.005080
1005;2024-08-02;0.004700
1005;2024-08-03;0.002690
1005;2024-08-04;0.002260
1005;2024-08-27;0.004940
1005;2024-10-29;0.005680
1005;2024-11-01;0.003190
1005;2024-11-11;0.005300
1005;2024-11-12;0.005610
1005;2024-11-13;0.005730
1005;2024-11-14;0.005390
1005;2024-11-15;0.004790
1005;2024-11-16;0.003330
1005;2024-11-17;0.002720
1005;2024-11-29;0.004900
1005;2024-12-03;0.005460
1006;2024-02-05;0.005810
1006;2024-02-06;0.005700
1006;2024-02-07;0.005750
1006;2024-02-08;0.006030
1006;2024-02-09;0.005990
1006;2024-02-10;0.014780
1006;2024-02-11;0.006060
1006;2024-02-18;0.004890
1006;2024-03-02;0.005530
1006;2024-05-08;0.013830
1006;2024-05-15;0.003760
1006;2024-05-23;0.004970
1006;2024-05-29;0.009030
1006;2024-06-10;0.005160
1006;2024-06-11;0.004840
1006;2024-06-12;0.004860
1006;2024-06-13;0.004780
1006;2024-06-14;0.004390
1006;2024-06-15;0.004260
1006;2024-06-16;0.003840
1006;2024-07-29;0.005300
1006;2024-07-30;0.005260
1006;2024-07-31;0.005150
1006;2024-08-01;0.005010
1006;2024-08-02;0.004910
1006;2024-08-03;0.004460
1006;2024-08-04;0.004350
1006;2024-08-27;0.005250
1006;2024-10-29;0.005040
1006;2024-11-01;0.005010
1006;2024-11-11;0.004710
1006;2024-11-12;0.004420
1006;2024-11-13;0.004490
1006;2024-11-14;0.004430
1006;2024-11-15;0.004370
1006;2024-11-16;0.003550
1006;2024-11-17;0.004940
1006;2024-11-29;0.004130
1006;2024-12-03;0.004270
1013;2024-02-05;0.001190
1013;2024-02-06;0.001180
1013;2024-02-07;0.001210
1013;2024-02-08;0.000940
1013;2024-02-09;0.001560
1013;2024-02-10;0.002450
1013;2024-02-11;0.001860
1013;2024-02-18;0.004830
1013;2024-03-02;0.001380
1013;2024-05-08;0.001360
1013;2024-05-15;0.002070
1013;2024-05-23;0.001530
1013;2024-05-29;0.001800
1013;2024-06-10;0.000890
1013;2024-06-11;0.001370
1013;2024-06-12;0.001310
1013;2024-06-13;0.001790
1013;2024-06-14;0.001930
1013;2024-06-15;0.004370
1013;2024-06-16;0.005810
1013;2024-07-29;0.001890
1013;2024-07-30;0.001960
1013;2024-07-31;0.002000
1013;2024-08-01;0.002210
1013;2024-08-02;0.002030
1013;2024-08-03;0.003680
1013;2024-08-04;0.004390
1013;2024-08-27;0.001930
1013;2024-10-29;0.001090
1013;2024-11-01;0.001540
1013;2024-11-11;0.001290
1013;2024-11-12;0.001050
1013;2024-11-13;0.001140
1013;2024-11-14;0.001210
1013;2024-11-15;0.001940
1013;2024-11-16;0.003150
1013;2024-11-17;0.003810
1013;2024-11-29;0.001180
1013;2024-12-03;0.001240
1051;2024-02-05;0.001410
1051;2024-02-06;0.001480
1051;2024-02-07;0.001520
1051;2024-02-08;0.001450
1051;2024-02-09;0.001480
1051;2024-02-10;0.001500
1051;2024-02-11;0.000970
1051;2024-02-18;0.001190
1051;2024-03-02;0.001180
1051;2024-05-08;0.001580
1051;2024-05-15;0.002420
1051;2024-05-23;0.002540
1051;2024-05-29;0.002700
1051;2024-06-10;0.001420
1051;2024-06-11;0.001470
1051;2024-06-12;0.001500
1051;2024-06-13;0.001520
1051;2024-06-14;0.001420
1051;2024-06-15;0.001320
1051;2024-06-16;0.001110
1051;2024-07-29;0.001260
1051;2024-07-30;0.001310
1051;2024-07-31;0.001290
1051;2024-08-01;0.001220
1051;2024-08-02;0.001140
1051;2024-08-03;0.001060
1051;2024-08-04;0.001010
1051;2024-08-27;0.001120
1051;2024-10-29;0.001460
1051;2024-11-01;0.001110
1051;2024-11-11;0.001250
1051;2024-11-12;0.001460
1051;2024-11-13;0.001130
1051;2024-11-14;0.001480
1051;2024-11-15;0.001480
1051;2024-11-16;0.001320
1051;2024-11-17;0.001060
1051;2024-11-29;0.001480
1051;2024-12-03;0.001440
1053;2024-02-05;0.002740
1053;2024-02-06;0.002820
1053;2024-02-07;0.002790
1053;2024-02-08;0.002800
1053;2024-02-09;0.002720
1053;2024-02-10;0.001910
1053;2024-02-11;0.001500
1053;2024-02-18;0.001430
1053;2024-03-02;0.001640
1053;2024-05-08;0.002720
1053;2024-05-15;0.000990
1053;2024-05-23;0.001630
1053;2024-05-29;0.001630
1053;2024-06-10;0.002680
1053;2024-06-11;0.002820
1053;2024-06-12;0.002750
1053;2024-06-13;0.002730
1053;2024-06-14;0.002650
1053;2024-06-15;0.001770
1053;2024-06-16;0.001510
1053;2024-07-29;0.002380
1053;2024-07-30;0.002370
1053;2024-07-31;0.002290
1053;2024-08-01;0.002230
1053;2024-08-02;0.002020
1053;2024-08-03;0.001440
1053;2024-08-04;0.001310
1053;2024-08-27;0.002590
1053;2024-10-29;0.002650
1053;2024-11-01;0.001770
1053;2024-11-11;0.002610
1053;2024-11-12;0.002750
1053;2024-11-13;0.002650
1053;2024-11-14;0.002670
1053;2024-11-15;0.002540
1053;2024-11-16;0.001730
1053;2024-11-17;0.001460
1053;2024-11-29;0.002770
1053;2024-12-03;0.002650
1054;2024-02-05;0.000730
1054;2024-02-06;0.000860
1054;2024-02-07;0.000870
1054;2024-02-08;0.000830
1054;2024-02-09;0.000540
1054;2024-02-10;0.000280
1054;2024-02-11;0.000320
1054;2024-02-18;0.000300
1054;2024-03-02;0.000240
1054;2024-05-08;0.000840
1054;2024-05-15;0.000280
1054;2024-05-23;0.000840
1054;2024-05-29;0.000900
1054;2024-06-10;0.000740
1054;2024-06-11;0.000870
1054;2024-06-12;0.000860
1054;2024-06-13;0.000770
1054;2024-06-14;0.000500
1054;2024-06-15;0.000220
1054;2024-06-16;0.000220
1054;2024-07-29;0.000670
1054;2024-07-30;0.000750
1054;2024-07-31;0.000710
1054;2024-08-01;0.000670
1054;2024-08-02;0.000450
1054;2024-08-03;0.000210
1054;2024-08-04;0.000210
1054;2024-08-27;0.000660
1054;2024-10-29;0.000800
1054;2024-11-01;0.000250
1054;2024-11-11;0.000720
1054;2024-11-12;0.000840
1054;2024-11-13;0.000890
1054;2024-11-14;0.000780
1054;2024-11-15;0.000460
1054;2024-11-16;0.000290
1054;2024-11-17;0.000270
1054;2024-11-29;0.000470
1054;2024-12-03;0.000770